date,home_team,away_team,home_score,away_score,tournament,city,country,neutral,home_ranking_date,home_rank,home_ranking_points,away_ranking_date,away_rank,away_ranking_points,rank_diff,points_diff,home_win,draw
2021-01-12,United Arab Emirates,Iraq,0,0,Friendly,Dubai,United Arab Emirates,False,,,,,,,,,0,1
2021-01-27,Iraq,Kuwait,2,1,Friendly,Basra,Iraq,False,,,,,,,,,1,0
2021-01-28,Panama,Serbia,0,0,Friendly,Panama City,Panama,False,,,,,,,,,0,1
2021-01-31,United States,Trinidad and Tobago,7,0,Friendly,Orlando,United States,False,,,,,,,,,1,0
2021-02-01,Jordan,Tajikistan,2,0,Friendly,Dubai,United Arab Emirates,True,,,,,,,,,1,0
2021-02-05,Jordan,Tajikistan,0,1,Friendly,Dubai,United Arab Emirates,True,,,,,,,,,0,0
2021-02-15,Jordan,Uzbekistan,0,2,Friendly,Dubai,United Arab Emirates,True,,,,,,,,,0,0
2021-03-20,Oman,Jordan,0,0,Friendly,Dubai,United Arab Emirates,True,2021-02-18,81,1303.0,2021-02-18,95,1243.0,14,60.0,0,1
2021-03-24,Belgium,Wales,3,1,FIFA World Cup qualification,Leuven,Belgium,False,2021-02-18,1,1780.0,2021-02-18,18,1562.0,17,218.0,1,0
2021-03-24,Estonia,Czech Republic,2,6,FIFA World Cup qualification,Lublin,Poland,True,2021-02-18,108,1180.0,2021-02-18,42,1456.0,-66,-276.0,0,0
2021-03-24,Finland,Bosnia and Herzegovina,2,2,FIFA World Cup qualification,Helsinki,Finland,False,2021-02-18,55,1411.0,2021-02-18,56,1410.0,1,1.0,0,1
2021-03-24,France,Ukraine,1,1,FIFA World Cup qualification,Paris,France,False,2021-02-18,2,1755.0,2021-02-18,24,1521.0,22,234.0,0,1
2021-03-24,Gibraltar,Norway,0,3,FIFA World Cup qualification,Gibraltar,Gibraltar,False,2021-02-18,195,888.0,2021-02-18,44,1450.0,-151,-562.0,0,0
2021-03-24,Jordan,Lebanon,1,0,Friendly,Dubai,United Arab Emirates,True,2021-02-18,95.0,1243.0,2021-02-18,92,1263.0,-3.0,-20.0,1,0
2021-03-24,Portugal,Azerbaijan,1,0,FIFA World Cup qualification,Turin,Italy,True,2021-02-18,5,1662.0,2021-02-18,108,1180.0,103,482.0,1,0
2021-03-24,Qatar,Luxembourg,1,0,Friendly,Debrecen,Hungary,True,2021-02-18,58,1391.0,2021-02-18,98,1235.0,40,156.0,1,0
2021-03-24,Slovenia,Croatia,1,0,FIFA World Cup qualification,Ljubljana,Slovenia,False,2021-02-18,62,1379.0,2021-02-18,11,1617.0,-51,-238.0,1,0
2021-03-24,Turkey,Netherlands,4,2,FIFA World Cup qualification,Istanbul,Turkey,False,,,,2021-02-18,14,1609.0,,,1,0
2021-03-25,Bulgaria,Switzerland,1,3,FIFA World Cup qualification,Sofia,Bulgaria,False,2021-02-18,68,1350.0,2021-02-18,16,1593.0,-52,-243.0,0,0
2021-03-25,Canada,Bermuda,5,1,FIFA World Cup qualification,Orlando,United States,True,2021-02-18,73,1332.0,2021-02-18,169,983.0,96,349.0,1,0
2021-03-25,Curaçao,Saint Vincent and the Grenadines,5,0,FIFA World Cup qualification,Willemstad,Curaçao,False,,,,,,,,,1,0
2021-03-25,England,San Marino,5,0,FIFA World Cup qualification,London,England,False,2021-02-18,4,1670.0,2021-02-18,210,810.0,206,860.0,1,0
2021-03-25,Gabon,DR Congo,3,0,African Cup of Nations qualification,Franceville,Gabon,False,2021-02-18,86,1280.0,2021-02-18,60,1386.0,-26,-106.0,1,0
2021-03-25,Germany,Iceland,3,0,FIFA World Cup qualification,Duisburg,Germany,False,2021-02-18,13,1610.0,2021-02-18,46,1438.0,33,172.0,1,0
2021-03-25,Haiti,Belize,2,0,FIFA World Cup qualification,Port-au-Prince,Haiti,False,2021-02-18,84,1285.0,2021-02-18,170,974.0,86,311.0,1,0
2021-03-25,Japan,South Korea,3,0,Friendly,Yokohama,Japan,False,2021-02-18,27,1502.0,2021-02-18,38,1465.0,11,37.0,1,0
2021-03-25,Kenya,Egypt,1,1,African Cup of Nations qualification,Nairobi,Kenya,False,2021-02-18,104,1187.0,2021-02-18,49,1432.0,-55,-245.0,0,1
2021-03-25,Libya,Tunisia,2,5,African Cup of Nations qualification,Benina,Libya,False,2021-02-18,111,1177.0,2021-02-18,26,1503.0,-85,-326.0,0,0
2021-03-25,Panama,Barbados,1,0,FIFA World Cup qualification,Santo Domingo,Dominican Republic,True,2021-02-18,78.0,1312.0,2021-02-18,162,1009.0,84.0,303.0,1,0
2021-03-25,Saudi Arabia,Kuwait,1,0,Friendly,Riyadh,Saudi Arabia,False,2021-02-18,67,1353.0,2021-02-18,148.0,1057.0,81.0,296.0,1,0
2021-03-25,Scotland,Austria,2,2,FIFA World Cup qualification,Glasgow,Scotland,False,2021-02-18,48,1436.0,2021-02-18,23,1531.0,-25,-95.0,0,1
2021-03-25,South Africa,Ghana,1,1,African Cup of Nations qualification,Johannesburg,South Africa,False,2021-02-18,71,1341.0,2021-02-18,52,1424.0,-19,-83.0,0,1
2021-03-25,Spain,Greece,1,1,FIFA World Cup qualification,Granada,Spain,False,2021-02-18,6,1645.0,2021-02-18,53,1413.0,47,232.0,0,1
2021-03-25,Sweden,Georgia,1,0,FIFA World Cup qualification,Stockholm,Sweden,False,2021-02-18,20,1558.0,2021-02-18,89,1267.0,69,291.0,1,0
2021-03-25,United States,Jamaica,4,1,Friendly,Wiener Neustadt,Austria,True,2021-02-18,22.0,1548.0,2021-02-18,47,1437.0,25.0,111.0,1,0
2021-03-25,Zambia,Algeria,3,3,African Cup of Nations qualification,Lusaka,Zambia,False,2021-02-18,90,1265.0,2021-02-18,31,1488.0,-59,-223.0,0,1
2021-03-26,Cape Verde,Cameroon,3,1,African Cup of Nations qualification,Praia,Cape Verde,False,,,,2021-02-18,50,1427.0,,,1,0
2021-03-26,Congo,Senegal,0,0,African Cup of Nations qualification,Brazzaville,Congo,False,2021-02-18,90,1265.0,2021-02-18,20,1558.0,-70,-293.0,0,1
2021-03-26,Mauritania,Morocco,0,0,African Cup of Nations qualification,Nouakchott,Mauritania,False,2021-02-18,101,1207.0,2021-02-18,33,1481.0,-68,-274.0,0,1
2021-03-26,Niger,Ivory Coast,0,3,African Cup of Nations qualification,Lomé,Togo,True,2021-02-18,113,1172.0,,,,,,0,0
2021-03-27,Bosnia and Herzegovina,Costa Rica,0,0,Friendly,Zenica,Bosnia and Herzegovina,False,2021-02-18,56,1410.0,2021-02-18,50,1427.0,-6,-17.0,0,1
2021-03-27,Croatia,Cyprus,1,0,FIFA World Cup qualification,Rijeka,Croatia,False,2021-02-18,11,1617.0,2021-02-18,100,1224.0,89,393.0,1,0
2021-03-27,Czech Republic,Belgium,1,1,FIFA World Cup qualification,Prague,Czech Republic,False,2021-02-18,42,1456.0,2021-02-18,1,1780.0,-41,-324.0,0,1
2021-03-27,Netherlands,Latvia,2,0,FIFA World Cup qualification,Amsterdam,Netherlands,False,2021-02-18,14,1609.0,2021-02-18,136,1082.0,122,527.0,1,0
2021-03-27,Norway,Turkey,0,3,FIFA World Cup qualification,Málaga,Spain,True,2021-02-18,44,1450.0,,,,,,0,0
2021-03-27,Qatar,Azerbaijan,2,1,Friendly,Debrecen,Hungary,True,2021-02-18,58,1391.0,2021-02-18,108,1180.0,50,211.0,1,0
2021-03-27,Serbia,Portugal,2,2,FIFA World Cup qualification,Belgrade,Serbia,False,2021-02-18,30,1492.0,2021-02-18,5,1662.0,-25,-170.0,0,1
2021-03-27,Wales,Mexico,1,0,Friendly,Cardiff,Wales,False,2021-02-18,18,1562.0,2021-02-18,9,1632.0,-9,-70.0,1,0
2021-03-28,Albania,England,0,2,FIFA World Cup qualification,Tirana,Albania,False,2021-02-18,66,1360.0,2021-02-18,4,1670.0,-62,-310.0,0,0
2021-03-28,Austria,Faroe Islands,3,1,FIFA World Cup qualification,Vienna,Austria,False,2021-02-18,23,1531.0,2021-02-18,107,1183.0,84,348.0,1,0
2021-03-28,Cuba,Curaçao,1,2,FIFA World Cup qualification,Guatemala City,Guatemala,True,2021-02-18,180,936.0,,,,,,0,0
2021-03-28,Dominica,Panama,1,2,FIFA World Cup qualification,Santo Domingo,Dominican Republic,True,2021-02-18,184,919.0,2021-02-18,78,1312.0,-106,-393.0,0,0
2021-03-28,Georgia,Spain,1,2,FIFA World Cup qualification,Tbilisi,Georgia,False,2021-02-18,89,1267.0,2021-02-18,6,1645.0,-83,-378.0,0,0
2021-03-28,Ghana,São Tomé and Príncipe,3,1,African Cup of Nations qualification,Cape Coast,Ghana,False,2021-02-18,52,1424.0,2021-02-18,187,914.0,135,510.0,1,0
2021-03-28,Israel,Scotland,1,1,FIFA World Cup qualification,Tel Aviv,Israel,False,2021-02-18,87,1279.0,2021-02-18,48,1436.0,-39,-157.0,0,1
2021-03-28,Kazakhstan,France,0,2,FIFA World Cup qualification,Nur-Sultan,Kazakhstan,False,2021-02-18,122,1142.0,2021-02-18,2,1755.0,-120,-613.0,0,0
2021-03-28,Kosovo,Sweden,0,3,FIFA World Cup qualification,Pristina,Kosovo,False,2021-02-18,117,1155.0,2021-02-18,20,1558.0,-97,-403.0,0,0
2021-03-28,Northern Ireland,United States,1,2,Friendly,Belfast,Northern Ireland,False,2021-02-18,45,1440.0,2021-02-18,22,1548.0,-23,-108.0,0,0
2021-03-28,Romania,Germany,0,1,FIFA World Cup qualification,Bucharest,Romania,False,2021-02-18,37,1466.0,2021-02-18,13,1610.0,-24,-144.0,0,0
2021-03-28,Sudan,South Africa,2,0,African Cup of Nations qualification,Omdurman,Sudan,False,2021-02-18,127,1124.0,2021-02-18,71,1341.0,-56,-217.0,1,0
2021-03-28,Switzerland,Lithuania,1,0,FIFA World Cup qualification,St. Gallen,Switzerland,False,2021-02-18,16,1593.0,2021-02-18,129,1114.0,113,479.0,1,0
2021-03-28,Tunisia,Equatorial Guinea,2,1,African Cup of Nations qualification,Radès,Tunisia,False,2021-02-18,26,1503.0,2021-02-18,134,1097.0,108,406.0,1,0
2021-03-29,Algeria,Botswana,5,0,African Cup of Nations qualification,Algiers,Algeria,False,2021-02-18,31,1488.0,2021-02-18,146,1066.0,115,422.0,1,0
2021-03-29,Cayman Islands,Canada,0,11,FIFA World Cup qualification,Bradenton,United States,True,2021-02-18,193,897.0,2021-02-18,73,1332.0,-120,-435.0,0,0
2021-03-29,DR Congo,Gambia,1,0,African Cup of Nations qualification,Kinshasa,DR Congo,False,2021-02-18,60,1386.0,2021-02-18,157,1034.0,97,352.0,1,0
2021-03-29,Ecuador,Bolivia,2,1,Friendly,Guayaquil,Ecuador,False,2021-02-18,57,1409.0,2021-02-18,79,1307.0,22,102.0,1,0
2021-03-29,Egypt,Comoros,4,0,African Cup of Nations qualification,Cairo,Egypt,False,2021-02-18,49,1432.0,2021-02-18,130,1112.0,81,320.0,1,0
2021-03-29,Uzbekistan,Iraq,0,1,Friendly,Tashkent,Uzbekistan,False,2021-02-18,85,1283.0,2021-02-18,69.0,1348.0,-16.0,-65.0,0,0
2021-03-30,Bahrain,Jordan,1,2,Friendly,Riffa,Bahrain,False,2021-02-18,97,1238.0,2021-02-18,95,1243.0,-2,-5.0,0,0
2021-03-30,Belgium,Belarus,8,0,FIFA World Cup qualification,Leuven,Belgium,False,2021-02-18,1,1780.0,2021-02-18,88,1269.0,87,511.0,1,0
2021-03-30,Costa Rica,Mexico,0,1,Friendly,Wiener Neustadt,Austria,True,2021-02-18,50,1427.0,2021-02-18,9,1632.0,-41,-205.0,0,0
2021-03-30,Croatia,Malta,3,0,FIFA World Cup qualification,Rijeka,Croatia,False,2021-02-18,11,1617.0,2021-02-18,176,951.0,165,666.0,1,0
2021-03-30,Gibraltar,Netherlands,0,7,FIFA World Cup qualification,Gibraltar,Gibraltar,False,2021-02-18,195,888.0,2021-02-18,14,1609.0,-181,-721.0,0,0
2021-03-30,Iran,Syria,3,0,Friendly,Tehran,Iran,False,2021-02-18,29,1496.0,2021-02-18,76,1313.0,47,183.0,1,0
2021-03-30,Ivory Coast,Ethiopia,3,1,African Cup of Nations qualification,Abidjan,Ivory Coast,False,,,,2021-02-18,146,1066.0,,,1,0
2021-03-30,Japan,Mongolia,14,0,FIFA World Cup qualification,Chiba,Japan,False,2021-02-18,27,1502.0,2021-02-18,190,906.0,163,596.0,1,0
2021-03-30,Luxembourg,Portugal,1,3,FIFA World Cup qualification,Luxembourg,Luxembourg,False,2021-02-18,98,1235.0,2021-02-18,5,1662.0,-93,-427.0,0,0
2021-03-30,Montenegro,Norway,0,1,FIFA World Cup qualification,Podgorica,Montenegro,False,2021-02-18,63,1370.0,2021-02-18,44,1450.0,-19,-80.0,0,0
2021-03-30,Morocco,Burundi,1,0,African Cup of Nations qualification,Rabat,Morocco,False,2021-02-18,33,1481.0,2021-02-18,138,1078.0,105,403.0,1,0
2021-03-30,Mozambique,Cape Verde,0,1,African Cup of Nations qualification,Maputo,Mozambique,False,2021-02-18,106,1185.0,,,,,,0,0
2021-03-30,Republic of Ireland,Qatar,1,1,Friendly,Debrecen,Hungary,True,2021-02-18,42,1456.0,2021-02-18,58,1391.0,16,65.0,0,1
2021-03-30,Saudi Arabia,Palestine,5,0,FIFA World Cup qualification,Riyadh,Saudi Arabia,False,2021-02-18,67,1353.0,2021-02-18,102,1206.0,35,147.0,1,0
2021-03-30,Senegal,Eswatini,1,1,African Cup of Nations qualification,Thiès,Senegal,False,2021-02-18,20,1558.0,2021-02-18,153,1040.0,133,518.0,0,1
2021-03-30,Turkey,Latvia,3,3,FIFA World Cup qualification,Istanbul,Turkey,False,,,,2021-02-18,136,1082.0,,,0,1
2021-03-30,Wales,Czech Republic,1,0,FIFA World Cup qualification,Cardiff,Wales,False,2021-02-18,18,1562.0,2021-02-18,42,1456.0,24,106.0,1,0
2021-03-31,Austria,Denmark,0,4,FIFA World Cup qualification,Vienna,Austria,False,2021-02-18,23,1531.0,2021-02-18,12,1614.0,-11,-83.0,0,0
2021-03-31,Bosnia and Herzegovina,France,0,1,FIFA World Cup qualification,Sarajevo,Bosnia and Herzegovina,False,2021-02-18,56,1410.0,2021-02-18,2,1755.0,-54,-345.0,0,0
2021-03-31,England,Poland,2,1,FIFA World Cup qualification,London,England,False,2021-02-18,4,1670.0,2021-02-18,19,1559.0,15,111.0,1,0
2021-03-31,Germany,North Macedonia,1,2,FIFA World Cup qualification,Duisburg,Germany,False,2021-02-18,13,1610.0,2021-02-18,65,1362.0,52,248.0,0,0
2021-03-31,Scotland,Faroe Islands,4,0,FIFA World Cup qualification,Glasgow,Scotland,False,2021-02-18,48,1436.0,2021-02-18,107,1183.0,59,253.0,1,0
2021-03-31,Spain,Kosovo,3,1,FIFA World Cup qualification,Seville,Spain,False,2021-02-18,6,1645.0,2021-02-18,117,1155.0,111,490.0,1,0
2021-03-31,Sweden,Estonia,1,0,Friendly,Stockholm,Sweden,False,2021-02-18,20,1558.0,2021-02-18,108,1180.0,88,378.0,1,0
2021-03-31,Switzerland,Finland,3,2,Friendly,St. Gallen,Switzerland,False,2021-02-18,16,1593.0,2021-02-18,55,1411.0,39,182.0,1,0
2021-05-24,Iraq,Tajikistan,0,0,Friendly,Basra,Iraq,False,2021-04-07,68.0,1352.82,2021-04-07,121.0,1151.1,53.0,201.72000000000003,0,1
2021-05-24,United Arab Emirates,Jordan,5,1,Friendly,Dubai,United Arab Emirates,False,2021-04-07,73.0,1330.16,2021-04-07,95,1251.63,22.0,78.52999999999997,1,0
2021-05-27,Turkey,Azerbaijan,2,1,Friendly,Alanya,Turkey,False,,,,2021-05-27,110,1168.53,,,1,0
2021-05-28,Japan,Myanmar,10,0,FIFA World Cup qualification,Chiba,Japan,False,2021-05-27,28,1509.34,2021-05-27,139,1081.26,111,428.0799999999999,1,0
2021-05-29,Iraq,Nepal,6,2,Friendly,Basra,Iraq,False,2021-05-27,68.0,1352.82,2021-05-27,171,967.88,103.0,384.93999999999994,1,0
2021-05-29,Mexico,Iceland,2,1,Friendly,Arlington,United States,True,2021-05-27,11,1629.56,2021-05-27,52,1415.99,41,213.56999999999994,1,0
2021-05-29,Sweden,Finland,2,0,Friendly,Stockholm,Sweden,False,2021-05-27,18,1569.81,2021-05-27,54,1410.82,36,158.99,1,0
2021-05-30,Switzerland,United States,2,1,Friendly,St. Gallen,Switzerland,False,2021-05-27,13,1606.21,2021-05-27,20,1555.42,7,50.789999999999964,1,0
2021-05-31,Jordan,Vietnam,1,1,Friendly,Sharjah,United Arab Emirates,True,2021-05-27,95.0,1251.63,2021-05-27,92,1258.06,-3.0,-6.429999999999836,0,1
2021-05-31,Turkey,Guinea,0,0,Friendly,Antalya,Turkey,False,,,,2021-05-27,72,1331.79,,,0,1
2021-06-01,Croatia,Armenia,1,1,Friendly,Velika Gorica,Croatia,False,2021-05-27,14,1605.75,2021-05-27,90,1273.28,76,332.47,0,1
2021-06-02,Bosnia and Herzegovina,Montenegro,0,0,Friendly,Sarajevo,Bosnia and Herzegovina,False,2021-05-27,55,1404.87,2021-05-27,64,1368.49,9,36.37999999999988,0,1
2021-06-02,England,Austria,1,0,Friendly,London,England,False,2021-05-27,4,1686.78,2021-05-27,23,1523.42,19,163.3599999999999,1,0
2021-06-02,France,Wales,3,0,Friendly,Nice,France,False,2021-05-27,2,1757.3,2021-05-27,17,1570.36,15,186.94000000000005,1,0
2021-06-02,Germany,Denmark,1,1,Friendly,Innsbruck,Austria,True,2021-05-27,12,1609.12,2021-05-27,10,1631.55,-2,-22.430000000000064,0,1
2021-06-02,Netherlands,Scotland,2,2,Friendly,São João da Venda,Portugal,True,2021-05-27,16,1598.04,2021-05-27,44,1441.43,28,156.6099999999999,0,1
2021-06-02,Norway,Luxembourg,1,0,Friendly,Málaga,Spain,True,2021-05-27,42,1452.34,2021-05-27,96,1244.86,54,207.48000000000002,1,0
2021-06-03,Algeria,Mauritania,4,1,Friendly,Blida,Algeria,False,2021-05-27,33,1486.69,2021-05-27,101,1224.76,68,261.93000000000006,1,0
2021-06-03,Argentina,Chile,1,1,FIFA World Cup qualification,Santiago del Estero,Argentina,False,2021-05-27,8,1641.95,2021-05-27,19,1569.52,11,72.43000000000006,0,1
2021-06-03,Belgium,Greece,1,1,Friendly,Brussels,Belgium,False,2021-05-27,1,1783.38,2021-05-27,51,1418.7,50,364.68000000000006,0,1
2021-06-03,Iran,Hong Kong,3,1,FIFA World Cup qualification,Arad,Iran,False,2021-05-27,31,1499.52,2021-05-27,144,1072.0,113,427.52,1,0
2021-06-03,Kuwait,Australia,0,3,FIFA World Cup qualification,Kuwait City,Kuwait,False,2021-05-27,148,1056.3,2021-05-27,41,1457.49,-107,-401.19000000000005,0,0
2021-06-03,Mexico,Costa Rica,0,0,CONCACAF Nations League,Denver,United States,True,2021-05-27,11,1629.56,2021-05-27,50,1423.4,39,206.15999999999985,0,1
2021-06-03,Peru,Colombia,0,3,FIFA World Cup qualification,Lima,Peru,False,2021-05-27,27,1511.88,2021-05-27,15,1600.66,-12,-88.77999999999997,0,0
2021-06-03,Qatar,India,1,0,FIFA World Cup qualification,Doha,Qatar,False,2021-05-27,58,1397.92,2021-05-27,105,1184.36,47,213.56000000000017,1,0
2021-06-03,Switzerland,Liechtenstein,7,0,Friendly,St. Gallen,Switzerland,False,2021-05-27,13,1606.21,2021-05-27,186,911.05,173,695.1600000000001,1,0
2021-06-03,Turkey,Moldova,2,0,Friendly,Paderborn,Germany,True,,,,2021-05-27,177,948.16,,,1,0
2021-06-03,United States,Honduras,1,0,CONCACAF Nations League,Denver,United States,False,2021-05-27,20.0,1555.42,2021-05-27,67,1361.21,47.0,194.21000000000004,1,0
2021-06-03,Uruguay,Paraguay,0,0,FIFA World Cup qualification,Montevideo,Uruguay,False,2021-05-27,9,1639.08,2021-05-27,35,1476.02,26,163.05999999999995,0,1
2021-06-04,Brazil,Ecuador,2,0,FIFA World Cup qualification,Porto Alegre,Brazil,False,2021-05-27,3,1742.65,2021-05-27,53,1413.01,50,329.6400000000001,1,0
2021-06-04,Italy,Czech Republic,4,0,Friendly,Bologna,Italy,False,2021-05-27,7,1642.06,2021-05-27,40,1458.81,33,183.25,1,0
2021-06-04,Spain,Portugal,0,0,Friendly,Madrid,Spain,False,2021-05-27,6,1648.13,2021-05-27,5,1666.12,-1,-17.98999999999978,0,1
2021-06-05,Aruba,Canada,0,7,FIFA World Cup qualification,Bradenton,United States,True,2021-05-27,205,850.1,2021-05-27,70,1340.56,-135,-490.4599999999999,0,0
2021-06-05,British Virgin Islands,Curaçao,0,8,FIFA World Cup qualification,Guatemala City,Guatemala,True,2021-05-27,208,826.27,,,,,,0,0
2021-06-05,Ivory Coast,Burkina Faso,2,1,Friendly,Abidjan,Ivory Coast,False,,,,2021-05-27,60,1392.9,,,1,0
2021-06-05,Panama,Anguilla,13,0,FIFA World Cup qualification,Panama City,Panama,False,2021-05-27,78.0,1321.97,2021-05-27,209,805.42,131.0,516.5500000000001,1,0
2021-06-05,Saudi Arabia,Yemen,3,0,FIFA World Cup qualification,Riyadh,Saudi Arabia,False,2021-05-27,65,1364.39,2021-05-27,145,1070.54,80,293.85000000000014,1,0
2021-06-05,Senegal,Zambia,3,1,Friendly,Thiès,Senegal,False,2021-05-27,22,1542.45,2021-05-27,87,1280.15,65,262.29999999999995,1,0
2021-06-05,South Korea,Turkmenistan,5,0,FIFA World Cup qualification,Goyang,South Korea,False,2021-05-27,39,1460.25,2021-05-27,130,1106.51,91,353.74,1,0
2021-06-05,Sweden,Armenia,3,1,Friendly,Stockholm,Sweden,False,2021-05-27,18,1569.81,2021-05-27,90,1273.28,72,296.53,1,0
2021-06-05,Tunisia,DR Congo,1,0,Friendly,Radès,Tunisia,False,2021-05-27,26,1512.88,2021-05-27,61,1376.65,35,136.23000000000002,1,0
2021-06-05,Turks and Caicos Islands,Haiti,0,10,FIFA World Cup qualification,Providenciales,Turks and Caicos Islands,False,2021-05-27,206,843.65,2021-05-27,83,1290.62,-123,-446.9699999999999,0,0
2021-06-06,Algeria,Mali,1,0,Friendly,Blida,Algeria,False,2021-05-27,33,1486.69,2021-05-27,57,1400.94,24,85.75,1,0
2021-06-06,Austria,Slovakia,0,0,Friendly,Vienna,Austria,False,2021-05-27,23,1523.42,2021-05-27,36,1475.24,13,48.180000000000064,0,1
2021-06-06,Belgium,Croatia,1,0,Friendly,Brussels,Belgium,False,2021-05-27,1,1783.38,2021-05-27,14,1605.75,13,177.6300000000001,1,0
2021-06-06,Denmark,Bosnia and Herzegovina,2,0,Friendly,Brondbyvester,Denmark,False,2021-05-27,10,1631.55,2021-05-27,55,1404.87,45,226.68000000000006,1,0
2021-06-06,England,Romania,1,0,Friendly,London,England,False,2021-05-27,4,1686.78,2021-05-27,43,1449.23,39,237.54999999999995,1,0
2021-06-06,Luxembourg,Scotland,0,1,Friendly,Luxembourg,Luxembourg,False,2021-05-27,96,1244.86,2021-05-27,44,1441.43,-52,-196.57000000000016,0,0
2021-06-06,Netherlands,Georgia,3,0,Friendly,Enschede,Netherlands,False,2021-05-27,16,1598.04,2021-05-27,91,1259.51,75,338.53,1,0
2021-06-06,Norway,Greece,1,2,Friendly,Málaga,Spain,True,2021-05-27,42,1452.34,2021-05-27,51,1418.7,9,33.63999999999987,0,0
2021-06-06,United States,Mexico,3,2,CONCACAF Nations League,Denver,United States,False,2021-05-27,20.0,1555.42,2021-05-27,11,1629.56,-9.0,-74.13999999999987,1,0
2021-06-07,Australia,Taiwan,5,1,FIFA World Cup qualification,Kuwait City,Kuwait,True,2021-05-27,41,1457.49,,,,,,1,0
2021-06-07,Bahrain,Iran,0,3,FIFA World Cup qualification,Riffa,Bahrain,False,2021-05-27,98,1240.1,2021-05-27,31,1499.52,-67,-259.4200000000001,0,0
2021-06-07,Germany,Latvia,7,1,Friendly,Düsseldorf,Germany,False,2021-05-27,12,1609.12,2021-05-27,138,1081.66,126,527.4599999999998,1,0
2021-06-07,Iraq,Cambodia,4,1,FIFA World Cup qualification,Arad,Iran,True,2021-05-27,68.0,1352.82,2021-05-27,174,963.79,106.0,389.03,1,0
2021-06-07,Japan,Tajikistan,4,1,FIFA World Cup qualification,Suita,Japan,False,2021-05-27,28,1509.34,2021-05-27,121.0,1151.1,93.0,358.24,1,0
2021-06-07,Nepal,Jordan,0,3,FIFA World Cup qualification,Kuwait City,Kuwait,True,2021-05-27,171,967.88,2021-05-27,95,1251.63,-76,-283.7500000000001,0,0
2021-06-07,Qatar,Oman,1,0,FIFA World Cup qualification,Doha,Qatar,False,2021-05-27,58,1397.92,2021-05-27,80,1301.51,22,96.41000000000008,1,0
2021-06-07,Uzbekistan,Singapore,5,0,FIFA World Cup qualification,Riyadh,Saudi Arabia,True,2021-05-27,86,1280.99,2021-05-27,159,1020.27,73,260.72,1,0
2021-06-08,Canada,Suriname,4,0,FIFA World Cup qualification,Bridgeview,United States,True,2021-05-27,70,1340.56,2021-05-27,136,1089.43,66,251.12999999999988,1,0
2021-06-08,Colombia,Argentina,2,2,FIFA World Cup qualification,Barranquilla,Colombia,False,2021-05-27,15,1600.66,2021-05-27,8,1641.95,-7,-41.289999999999964,0,1
2021-06-08,Curaçao,Guatemala,0,0,FIFA World Cup qualification,Willemstad,Curaçao,False,,,,2021-05-27,127,1129.3,,,0,1
2021-06-08,Czech Republic,Albania,3,1,Friendly,Prague,Czech Republic,False,2021-05-27,40,1458.81,2021-05-27,66,1362.09,26,96.72000000000003,1,0
2021-06-08,Ecuador,Peru,1,2,FIFA World Cup qualification,Quito,Ecuador,False,2021-05-27,53,1413.01,2021-05-27,27,1511.88,-26,-98.87000000000012,0,0
2021-06-08,France,Bulgaria,3,0,Friendly,Paris,France,False,2021-05-27,2,1757.3,2021-05-27,71,1339.03,69,418.27,1,0
2021-06-08,Haiti,Nicaragua,1,0,FIFA World Cup qualification,Port-au-Prince,Haiti,False,2021-05-27,83,1290.62,2021-05-27,147,1060.51,64,230.1099999999999,1,0
2021-06-08,Morocco,Ghana,1,0,Friendly,Rabat,Morocco,False,2021-05-27,34,1479.32,2021-05-27,49,1425.26,15,54.059999999999945,1,0
2021-06-08,Panama,Dominican Republic,3,0,FIFA World Cup qualification,Panama City,Panama,False,2021-05-27,78.0,1321.97,2021-05-27,156,1036.22,78.0,285.75,1,0
2021-06-08,Paraguay,Brazil,0,2,FIFA World Cup qualification,Asunción,Paraguay,False,2021-05-27,35,1476.02,2021-05-27,3,1742.65,-32,-266.6300000000001,0,0
2021-06-08,Senegal,Cape Verde,2,0,Friendly,Thiès,Senegal,False,2021-05-27,22,1542.45,,,,,,1,0
2021-06-08,Spain,Lithuania,4,0,Friendly,Leganés,Spain,False,2021-05-27,6,1648.13,2021-05-27,134,1102.84,128,545.2900000000002,1,0
2021-06-08,Venezuela,Uruguay,0,0,FIFA World Cup qualification,Caracas,Venezuela,False,2021-05-27,30,1500.71,2021-05-27,9,1639.08,-21,-138.3699999999999,0,1
2021-06-09,Portugal,Israel,4,0,Friendly,Lisbon,Portugal,False,2021-05-27,5,1666.12,2021-05-27,85,1283.36,80,382.76,1,0
2021-06-09,South Korea,Sri Lanka,5,0,FIFA World Cup qualification,Goyang,South Korea,False,2021-05-27,39,1460.25,2021-05-27,204,853.07,165,607.18,1,0
2021-06-09,United States,Costa Rica,4,0,Friendly,Sandy,United States,False,2021-05-27,20.0,1555.42,2021-05-27,50,1423.4,30.0,132.01999999999998,1,0
2021-06-10,South Africa,Uganda,3,2,Friendly,Johannesburg,South Africa,False,2021-05-27,75,1325.64,2021-05-27,84,1286.76,9,38.88000000000011,1,0
2021-06-11,Cambodia,Iran,0,10,FIFA World Cup qualification,Isa Town,Bahrain,True,2021-05-27,174,963.79,2021-05-27,31,1499.52,-143,-535.73,0,0
2021-06-11,DR Congo,Mali,1,1,Friendly,Radès,Tunisia,True,2021-05-27,61,1376.65,2021-05-27,57,1400.94,-4,-24.289999999999964,0,1
2021-06-11,Hong Kong,Iraq,0,1,FIFA World Cup qualification,Arad,Iran,True,2021-05-27,144,1072.0,2021-05-27,68.0,1352.82,-76.0,-280.81999999999994,0,0
2021-06-11,Italy,Turkey,3,0,UEFA Euro,Rome,Italy,False,2021-05-27,7,1642.06,,,,,,1,0
2021-06-11,Japan,Serbia,1,0,Kirin Challenge Cup,Kobe,Japan,False,2021-05-27,28,1509.34,2021-05-27,25.0,1512.9,-3.0,-3.560000000000173,1,0
2021-06-11,Kuwait,Jordan,0,0,FIFA World Cup qualification,Kuwait City,Kuwait,False,2021-05-27,148,1056.3,2021-05-27,95,1251.63,-53,-195.33000000000015,0,1
2021-06-11,Nepal,Australia,0,3,FIFA World Cup qualification,Kuwait City,Kuwait,True,2021-05-27,171,967.88,2021-05-27,41,1457.49,-130,-489.61,0,0
2021-06-11,Saudi Arabia,Singapore,3,0,FIFA World Cup qualification,Riyadh,Saudi Arabia,False,2021-05-27,65,1364.39,2021-05-27,159,1020.27,94,344.1200000000001,1,0
2021-06-11,Tunisia,Algeria,0,2,Friendly,Radès,Tunisia,False,2021-05-27,26,1512.88,2021-05-27,33,1486.69,7,26.190000000000055,0,0
2021-06-11,Yemen,Uzbekistan,0,1,FIFA World Cup qualification,Riyadh,Saudi Arabia,True,2021-05-27,145,1070.54,2021-05-27,86.0,1280.99,-59.0,-210.45000000000005,0,0
2021-06-12,Ghana,Ivory Coast,0,0,Friendly,Cape Coast,Ghana,False,2021-05-27,49,1425.26,,,,,,0,1
2021-06-12,Haiti,Canada,0,1,FIFA World Cup qualification,Port-au-Prince,Haiti,False,2021-05-27,83,1290.62,2021-05-27,70,1340.56,-13,-49.940000000000055,0,0
2021-06-12,Mexico,Honduras,0,0,Friendly,Atlanta,United States,True,2021-05-27,11,1629.56,2021-05-27,67,1361.21,56,268.3499999999999,0,1
2021-06-12,Morocco,Burkina Faso,1,0,Friendly,Rabat,Morocco,False,2021-05-27,34,1479.32,2021-05-27,60,1392.9,26,86.41999999999985,1,0
2021-06-12,Panama,Curaçao,2,1,FIFA World Cup qualification,Panama City,Panama,False,2021-05-27,78.0,1321.97,,,,,,1,0
2021-06-12,Russia,Belgium,0,3,UEFA Euro,Saint Petersburg,Russia,False,2021-05-27,38,1462.65,2021-05-27,1,1783.38,-37,-320.73,0,0
2021-06-12,Wales,Switzerland,1,1,UEFA Euro,Cardiff,Wales,False,2021-05-27,17,1570.36,2021-05-27,13,1606.21,-4,-35.850000000000136,0,1
2021-06-13,Austria,North Macedonia,3,1,UEFA Euro,Bucharest,Romania,True,2021-05-27,23,1523.42,2021-05-27,62,1374.73,39,148.69000000000005,1,0
2021-06-13,Brazil,Venezuela,3,0,Copa América,Brasília,Brazil,False,2021-05-27,3,1742.65,2021-05-27,30,1500.71,27,241.94000000000005,1,0
2021-06-13,Colombia,Ecuador,1,0,Copa América,Cuiabá,Brazil,True,2021-05-27,15,1600.66,2021-05-27,53,1413.01,38,187.6500000000001,1,0
2021-06-13,England,Croatia,1,0,UEFA Euro,London,England,False,2021-05-27,4,1686.78,2021-05-27,14,1605.75,10,81.02999999999997,1,0
2021-06-13,Netherlands,Ukraine,3,2,UEFA Euro,Amsterdam,Netherlands,False,2021-05-27,16,1598.04,2021-05-27,24,1514.64,8,83.39999999999986,1,0
2021-06-13,South Korea,Lebanon,2,1,FIFA World Cup qualification,Goyang,South Korea,False,2021-05-27,39,1460.25,2021-05-27,93,1256.08,54,204.17000000000007,1,0
2021-06-14,Argentina,Chile,1,1,Copa América,Rio de Janeiro,Brazil,True,2021-05-27,8,1641.95,2021-05-27,19,1569.52,11,72.43000000000006,0,1
2021-06-14,Paraguay,Bolivia,3,1,Copa América,Goiânia,Brazil,True,2021-05-27,35,1476.02,2021-05-27,81,1300.11,46,175.91000000000008,1,0
2021-06-14,Scotland,Czech Republic,0,2,UEFA Euro,Glasgow,Scotland,False,2021-05-27,44,1441.43,2021-05-27,40,1458.81,-4,-17.37999999999988,0,0
2021-06-14,Spain,Sweden,0,0,UEFA Euro,Seville,Spain,False,2021-05-27,6,1648.13,2021-05-27,18,1569.81,12,78.32000000000016,0,1
2021-06-15,Australia,Jordan,1,0,FIFA World Cup qualification,Kuwait City,Kuwait,True,2021-05-27,41,1457.49,2021-05-27,95,1251.63,54,205.8599999999999,1,0
2021-06-15,Canada,Haiti,3,0,FIFA World Cup qualification,Bridgeview,United States,True,2021-05-27,70,1340.56,2021-05-27,83,1290.62,13,49.940000000000055,1,0
2021-06-15,Curaçao,Panama,0,0,FIFA World Cup qualification,Willemstad,Curaçao,False,,,,2021-05-27,78,1321.97,,,0,1
2021-06-15,Germany,France,0,1,UEFA Euro,Munich,Germany,False,2021-05-27,12,1609.12,2021-05-27,2,1757.3,-10,-148.18000000000006,0,0
2021-06-15,Hungary,Portugal,0,3,UEFA Euro,Budapest,Hungary,False,2021-05-27,37,1468.75,2021-05-27,5,1666.12,-32,-197.3699999999999,0,0
2021-06-15,Iran,Iraq,1,0,FIFA World Cup qualification,Arad,Iran,False,2021-05-27,31,1499.52,2021-05-27,68.0,1352.82,37.0,146.70000000000005,1,0
2021-06-15,Japan,Kyrgyzstan,5,1,FIFA World Cup qualification,Suita,Japan,False,2021-05-27,28,1509.34,,,,,,1,0
2021-06-15,Saudi Arabia,Uzbekistan,3,0,FIFA World Cup qualification,Riyadh,Saudi Arabia,False,2021-05-27,65,1364.39,2021-05-27,86.0,1280.99,21.0,83.40000000000009,1,0
2021-06-15,Tunisia,Mali,1,0,Friendly,Radès,Tunisia,False,2021-05-27,26,1512.88,2021-05-27,57,1400.94,31,111.94000000000005,1,0
2021-06-16,Italy,Switzerland,3,0,UEFA Euro,Rome,Italy,False,2021-05-27,7,1642.06,2021-05-27,13,1606.21,6,35.84999999999991,1,0
2021-06-16,Turkey,Wales,0,2,UEFA Euro,Baku,Azerbaijan,True,,,,2021-05-27,17,1570.36,,,0,0
2021-06-17,Algeria,Liberia,5,1,Friendly,Oran,Algeria,False,2021-05-27,33,1486.69,2021-05-27,151,1047.29,118,439.4000000000001,1,0
2021-06-17,Brazil,Peru,4,0,Copa América,Rio de Janeiro,Brazil,False,2021-05-27,3,1742.65,2021-05-27,27,1511.88,24,230.76999999999998,1,0
2021-06-17,Colombia,Venezuela,0,0,Copa América,Goiânia,Brazil,True,2021-05-27,15,1600.66,2021-05-27,30,1500.71,15,99.95000000000005,0,1
2021-06-17,Denmark,Belgium,1,2,UEFA Euro,Copenhagen,Denmark,False,2021-05-27,10,1631.55,2021-05-27,1,1783.38,-9,-151.83000000000015,0,0
2021-06-17,Netherlands,Austria,2,0,UEFA Euro,Amsterdam,Netherlands,False,2021-05-27,16,1598.04,2021-05-27,23,1523.42,7,74.61999999999989,1,0
2021-06-18,Argentina,Uruguay,1,0,Copa América,Brasília,Brazil,True,2021-05-27,8,1641.95,2021-05-27,9,1639.08,1,2.8700000000001182,1,0
2021-06-18,Croatia,Czech Republic,1,1,UEFA Euro,Glasgow,Scotland,True,2021-05-27,14,1605.75,2021-05-27,40,1458.81,26,146.94000000000005,0,1
2021-06-18,England,Scotland,0,0,UEFA Euro,London,England,False,2021-05-27,4,1686.78,2021-05-27,44,1441.43,40,245.3499999999999,0,1
2021-06-18,Sweden,Slovakia,1,0,UEFA Euro,Saint Petersburg,Russia,True,2021-05-27,18,1569.81,2021-05-27,36,1475.24,18,94.56999999999994,1,0
2021-06-19,Germany,Portugal,4,2,UEFA Euro,Munich,Germany,False,2021-05-27,12,1609.12,2021-05-27,5,1666.12,-7,-57.0,1,0
2021-06-19,Hungary,France,1,1,UEFA Euro,Budapest,Hungary,False,2021-05-27,37,1468.75,2021-05-27,2,1757.3,-35,-288.54999999999995,0,1
2021-06-19,Spain,Poland,1,1,UEFA Euro,Seville,Spain,False,2021-05-27,6,1648.13,2021-05-27,21,1549.87,15,98.26000000000022,0,1
2021-06-20,Colombia,Peru,1,2,Copa América,Goiânia,Brazil,True,2021-05-27,15,1600.66,2021-05-27,27,1511.88,12,88.77999999999997,0,0
2021-06-20,Switzerland,Turkey,3,1,UEFA Euro,Baku,Azerbaijan,True,2021-05-27,13,1606.21,,,,,,1,0
2021-06-20,Venezuela,Ecuador,2,2,Copa América,Rio de Janeiro,Brazil,True,2021-05-27,30,1500.71,2021-05-27,53,1413.01,23,87.70000000000005,0,1
2021-06-21,Argentina,Paraguay,1,0,Copa América,Brasília,Brazil,True,2021-05-27,8,1641.95,2021-05-27,35,1476.02,27,165.93000000000006,1,0
2021-06-21,Finland,Belgium,0,2,UEFA Euro,Saint Petersburg,Russia,True,2021-05-27,54,1410.82,2021-05-27,1,1783.38,-53,-372.5600000000002,0,0
2021-06-21,Netherlands,North Macedonia,3,0,UEFA Euro,Amsterdam,Netherlands,False,2021-05-27,16,1598.04,2021-05-27,62,1374.73,46,223.30999999999995,1,0
2021-06-21,Ukraine,Austria,0,1,UEFA Euro,Bucharest,Romania,True,2021-05-27,24,1514.64,2021-05-27,23,1523.42,-1,-8.779999999999973,0,0
2021-06-21,Uruguay,Chile,1,1,Copa América,Cuiabá,Brazil,True,2021-05-27,9,1639.08,2021-05-27,19,1569.52,10,69.55999999999995,0,1
2021-06-22,England,Czech Republic,1,0,UEFA Euro,London,England,False,2021-05-27,4,1686.78,2021-05-27,40,1458.81,36,227.97000000000003,1,0
2021-06-22,Scotland,Croatia,1,3,UEFA Euro,Glasgow,Scotland,False,2021-05-27,44,1441.43,2021-05-27,14,1605.75,-30,-164.31999999999994,0,0
2021-06-23,Brazil,Colombia,2,1,Copa América,Rio de Janeiro,Brazil,False,2021-05-27,3,1742.65,2021-05-27,15,1600.66,12,141.99,1,0
2021-06-23,Ecuador,Peru,2,2,Copa América,Goiânia,Brazil,True,2021-05-27,53,1413.01,2021-05-27,27,1511.88,-26,-98.87000000000012,0,1
2021-06-23,Germany,Hungary,2,2,UEFA Euro,Munich,Germany,False,2021-05-27,12,1609.12,2021-05-27,37,1468.75,25,140.3699999999999,0,1
2021-06-23,Portugal,France,2,2,UEFA Euro,Budapest,Hungary,True,2021-05-27,5,1666.12,2021-05-27,2,1757.3,-3,-91.18000000000006,0,1
2021-06-23,Spain,Slovakia,5,0,UEFA Euro,Seville,Spain,False,2021-05-27,6,1648.13,2021-05-27,36,1475.24,30,172.8900000000001,1,0
2021-06-23,Sweden,Poland,3,2,UEFA Euro,Saint Petersburg,Russia,True,2021-05-27,18,1569.81,2021-05-27,21,1549.87,3,19.940000000000055,1,0
2021-06-24,Bolivia,Uruguay,0,2,Copa América,Cuiabá,Brazil,True,2021-05-27,81,1300.11,2021-05-27,9,1639.08,-72,-338.97,0,0
2021-06-24,Chile,Paraguay,0,2,Copa América,Brasília,Brazil,True,2021-05-27,19,1569.52,2021-05-27,35,1476.02,16,93.5,0,0
2021-06-26,Italy,Austria,2,1,UEFA Euro,London,England,True,2021-05-27,7,1642.06,2021-05-27,23,1523.42,16,118.63999999999987,1,0
2021-06-27,Belgium,Portugal,1,0,UEFA Euro,Seville,Spain,True,2021-05-27,1,1783.38,2021-05-27,5,1666.12,4,117.26000000000022,1,0
2021-06-27,Brazil,Ecuador,1,1,Copa América,Goiânia,Brazil,False,2021-05-27,3,1742.65,2021-05-27,53,1413.01,50,329.6400000000001,0,1
2021-06-27,Netherlands,Czech Republic,0,2,UEFA Euro,Budapest,Hungary,True,2021-05-27,16,1598.04,2021-05-27,40,1458.81,24,139.23000000000002,0,0
2021-06-28,Argentina,Bolivia,4,1,Copa América,Cuiabá,Brazil,True,2021-05-27,8,1641.95,2021-05-27,81,1300.11,73,341.84000000000015,1,0
2021-06-28,Croatia,Spain,3,5,UEFA Euro,Copenhagen,Denmark,True,2021-05-27,14,1605.75,2021-05-27,6,1648.13,-8,-42.38000000000011,0,0
2021-06-28,France,Switzerland,3,3,UEFA Euro,Bucharest,Romania,True,2021-05-27,2,1757.3,2021-05-27,13,1606.21,11,151.08999999999992,0,1
2021-06-28,Uruguay,Paraguay,1,0,Copa América,Rio de Janeiro,Brazil,True,2021-05-27,9,1639.08,2021-05-27,35,1476.02,26,163.05999999999995,1,0
2021-06-29,England,Germany,2,0,UEFA Euro,London,England,False,2021-05-27,4,1686.78,2021-05-27,12,1609.12,8,77.66000000000008,1,0
2021-06-29,Sweden,Ukraine,1,2,UEFA Euro,Glasgow,Scotland,True,2021-05-27,18,1569.81,2021-05-27,24,1514.64,6,55.169999999999845,0,0
2021-06-30,Mexico,Panama,3,0,Friendly,Nashville,United States,True,2021-05-27,11,1629.56,2021-05-27,78,1321.97,67,307.5899999999999,1,0
2021-07-02,Belgium,Italy,1,2,UEFA Euro,Munich,Germany,True,2021-05-27,1,1783.38,2021-05-27,7,1642.06,6,141.32000000000016,0,0
2021-07-02,Brazil,Chile,1,0,Copa América,Rio de Janeiro,Brazil,False,2021-05-27,3,1742.65,2021-05-27,19,1569.52,16,173.1300000000001,1,0
2021-07-02,Haiti,Saint Vincent and the Grenadines,6,1,Gold Cup qualification,Fort Lauderdale,United States,True,2021-05-27,83,1290.62,,,,,,1,0
2021-07-02,Peru,Paraguay,3,3,Copa América,Goiânia,Brazil,True,2021-05-27,27,1511.88,2021-05-27,35,1476.02,8,35.86000000000013,0,1
2021-07-02,Switzerland,Spain,1,1,UEFA Euro,Saint Petersburg,Russia,True,2021-05-27,13,1606.21,2021-05-27,6,1648.13,-7,-41.92000000000007,0,1
2021-07-03,Argentina,Ecuador,3,0,Copa América,Goiânia,Brazil,True,2021-05-27,8,1641.95,2021-05-27,53,1413.01,45,228.94000000000005,1,0
2021-07-03,Czech Republic,Denmark,1,2,UEFA Euro,Baku,Azerbaijan,True,2021-05-27,40,1458.81,2021-05-27,10,1631.55,-30,-172.74,0,0
2021-07-03,Mexico,Nigeria,4,0,Friendly,Nashville,United States,True,2021-05-27,11,1629.56,2021-05-27,32,1487.16,21,142.39999999999986,1,0
2021-07-03,Ukraine,England,0,4,UEFA Euro,Rome,Italy,True,2021-05-27,24,1514.64,2021-05-27,4,1686.78,-20,-172.13999999999987,0,0
2021-07-03,Uruguay,Colombia,0,0,Copa América,Brasília,Brazil,True,2021-05-27,9,1639.08,2021-05-27,15,1600.66,6,38.419999999999845,0,1
2021-07-04,Qatar,El Salvador,1,0,Friendly,Pula,Croatia,True,2021-05-27,58,1397.92,2021-05-27,69,1341.24,11,56.680000000000064,1,0
2021-07-05,Brazil,Peru,1,0,Copa América,Rio de Janeiro,Brazil,False,2021-05-27,3,1742.65,2021-05-27,27,1511.88,24,230.76999999999998,1,0
2021-07-06,Argentina,Colombia,1,1,Copa América,Brasília,Brazil,True,2021-05-27,8,1641.95,2021-05-27,15,1600.66,7,41.289999999999964,0,1
2021-07-06,Haiti,Bermuda,4,1,Gold Cup qualification,Fort Lauderdale,United States,True,2021-05-27,83,1290.62,2021-05-27,168,987.78,85,302.8399999999999,1,0
2021-07-06,Italy,Spain,1,1,UEFA Euro,London,England,True,2021-05-27,7,1642.06,2021-05-27,6,1648.13,-1,-6.070000000000164,0,1
2021-07-06,South Africa,Botswana,1,0,COSAFA Cup,Port Elizabeth,South Africa,False,2021-05-27,75,1325.64,2021-05-27,150,1051.82,75,273.82000000000016,1,0
2021-07-07,England,Denmark,2,1,UEFA Euro,London,England,False,2021-05-27,4,1686.78,2021-05-27,10,1631.55,6,55.23000000000002,1,0
2021-07-07,Senegal,Namibia,1,2,COSAFA Cup,Port Elizabeth,South Africa,True,2021-05-27,22,1542.45,2021-05-27,111,1168.44,89,374.01,0,0
2021-07-08,South Africa,Eswatini,1,0,COSAFA Cup,Port Elizabeth,South Africa,False,2021-05-27,75,1325.64,2021-05-27,154,1039.24,79,286.4000000000001,1,0
2021-07-09,Peru,Colombia,2,3,Copa América,Brasília,Brazil,True,2021-05-27,27,1511.88,2021-05-27,15,1600.66,-12,-88.77999999999997,0,0
2021-07-09,Senegal,Mozambique,1,0,COSAFA Cup,Port Elizabeth,South Africa,True,2021-05-27,22,1542.45,2021-05-27,117,1161.55,95,380.9000000000001,1,0
2021-07-10,Brazil,Argentina,0,1,Copa América,Rio de Janeiro,Brazil,False,2021-05-27,3,1742.65,2021-05-27,8,1641.95,5,100.70000000000005,0,0
2021-07-10,Mexico,Trinidad and Tobago,0,0,Gold Cup,Arlington,United States,True,2021-05-27,11,1629.56,2021-05-27,103.0,1201.33,92.0,428.23,0,1
2021-07-11,Canada,Martinique,4,1,Gold Cup,Kansas City,United States,True,2021-05-27,70,1340.56,,,,,,1,0
2021-07-11,England,Italy,1,1,UEFA Euro,London,England,False,2021-05-27,4,1686.78,2021-05-27,7,1642.06,3,44.72000000000003,0,1
2021-07-11,United States,Haiti,1,0,Gold Cup,Kansas City,United States,False,2021-05-27,20.0,1555.42,2021-05-27,83,1290.62,63.0,264.8000000000002,1,0
2021-07-13,Qatar,Panama,3,3,Gold Cup,Houston,United States,True,2021-05-27,58,1397.92,2021-05-27,78,1321.97,20,75.95000000000005,0,1
2021-07-13,Senegal,Zimbabwe,2,1,COSAFA Cup,Port Elizabeth,South Africa,True,2021-05-27,22,1542.45,2021-05-27,107,1175.5,85,366.95000000000005,1,0
2021-07-13,South Africa,Lesotho,4,0,COSAFA Cup,Port Elizabeth,South Africa,False,2021-05-27,75,1325.64,2021-05-27,146,1069.91,71,255.73000000000002,1,0
2021-07-14,Guatemala,Mexico,0,3,Gold Cup,Dallas,United States,True,2021-05-27,127,1129.3,2021-05-27,11,1629.56,-116,-500.26,0,0
2021-07-14,Senegal,Malawi,2,1,COSAFA Cup,Port Elizabeth,South Africa,True,2021-05-27,22,1542.45,2021-05-27,115,1162.39,93,380.05999999999995,1,0
2021-07-14,South Africa,Zambia,0,0,COSAFA Cup,Port Elizabeth,South Africa,False,2021-05-27,75,1325.64,2021-05-27,87,1280.15,12,45.49000000000001,0,1
2021-07-15,Haiti,Canada,1,4,Gold Cup,Kansas City,United States,True,2021-05-27,83,1290.62,2021-05-27,70,1340.56,-13,-49.940000000000055,0,0
2021-07-15,United States,Martinique,6,1,Gold Cup,Kansas City,United States,False,2021-05-27,20.0,1555.42,,,,,,1,0
2021-07-16,Senegal,Eswatini,2,2,COSAFA Cup,Port Elizabeth,South Africa,True,2021-05-27,22,1542.45,2021-05-27,154,1039.24,132,503.21000000000004,0,1
2021-07-16,South Africa,Mozambique,3,0,COSAFA Cup,Port Elizabeth,South Africa,False,2021-05-27,75,1325.64,2021-05-27,117,1161.55,42,164.09000000000015,1,0
2021-07-17,Grenada,Qatar,0,4,Gold Cup,Houston,United States,True,2021-05-27,160,1017.57,2021-05-27,58,1397.92,-102,-380.35,0,0
2021-07-17,Panama,Honduras,2,3,Gold Cup,Houston,United States,True,2021-05-27,78.0,1321.97,2021-05-27,67,1361.21,-11.0,-39.24000000000001,0,0
2021-07-18,Martinique,Haiti,1,2,Gold Cup,Frisco,United States,True,,,,2021-05-27,83,1290.62,,,0,0
2021-07-18,Mexico,El Salvador,1,0,Gold Cup,Dallas,United States,True,2021-05-27,11,1629.56,2021-05-27,69,1341.24,58,288.31999999999994,1,0
2021-07-18,South Africa,Senegal,0,0,COSAFA Cup,Port Elizabeth,South Africa,False,2021-05-27,75,1325.64,2021-05-27,22,1542.45,-53,-216.80999999999995,0,1
2021-07-18,United States,Canada,1,0,Gold Cup,Kansas City,United States,False,2021-05-27,20.0,1555.42,2021-05-27,70,1340.56,50.0,214.86000000000013,1,0
2021-07-20,Honduras,Qatar,0,2,Gold Cup,Houston,United States,True,2021-05-27,67,1361.21,2021-05-27,58,1397.92,-9,-36.710000000000036,0,0
2021-07-20,Panama,Grenada,3,1,Gold Cup,Orlando,United States,True,2021-05-27,78.0,1321.97,2021-05-27,160,1017.57,82.0,304.4,1,0
2021-07-24,Mexico,Honduras,3,0,Gold Cup,Glendale,United States,True,2021-05-27,11,1629.56,2021-05-27,67,1361.21,56,268.3499999999999,1,0
2021-07-24,Qatar,El Salvador,3,2,Gold Cup,Glendale,United States,True,2021-05-27,58,1397.92,2021-05-27,69,1341.24,11,56.680000000000064,1,0
2021-07-25,Costa Rica,Canada,0,2,Gold Cup,Arlington,United States,True,2021-05-27,50,1423.4,2021-05-27,70,1340.56,20,82.84000000000015,0,0
2021-07-25,United States,Jamaica,1,0,Gold Cup,Arlington,United States,False,2021-05-27,20.0,1555.42,2021-05-27,45,1432.65,25.0,122.76999999999998,1,0
2021-07-29,Mexico,Canada,2,1,Gold Cup,Houston,United States,True,2021-05-27,11,1629.56,2021-05-27,70,1340.56,59,289.0,1,0
2021-07-29,United States,Qatar,1,0,Gold Cup,Austin,United States,False,2021-05-27,20.0,1555.42,2021-05-27,58,1397.92,38.0,157.5,1,0
2021-08-01,United States,Mexico,1,0,Gold Cup,Las Vegas,United States,False,2021-05-27,20.0,1555.42,2021-05-27,11,1629.56,-9.0,-74.13999999999987,1,0
2021-09-01,Bahrain,Haiti,6,1,Friendly,Riffa,Bahrain,False,2021-08-12,94,1251.29,2021-08-12,90,1268.38,-4,-17.090000000000146,1,0
2021-09-01,Central African Republic,Cape Verde,1,1,FIFA World Cup qualification,Douala,Cameroon,True,2021-08-12,123,1147.09,,,,,,0,1
2021-09-01,Denmark,Scotland,2,0,FIFA World Cup qualification,Copenhagen,Denmark,False,2021-08-12,11,1642.28,2021-08-12,49,1424.77,38,217.51,1,0
2021-09-01,Egypt,Angola,1,0,FIFA World Cup qualification,Cairo,Egypt,False,2021-08-12,46,1432.63,2021-08-12,126,1135.88,80,296.75,1,0
2021-09-01,France,Bosnia and Herzegovina,1,1,FIFA World Cup qualification,Strasbourg,France,False,2021-08-12,3,1761.77,2021-08-12,58,1401.57,55,360.20000000000005,0,1
2021-09-01,Moldova,Austria,0,2,FIFA World Cup qualification,Chișinău,Moldova,False,2021-08-12,175,954.15,2021-08-12,23,1535.12,-152,-580.9699999999999,0,0
2021-09-01,Norway,Netherlands,1,1,FIFA World Cup qualification,Oslo,Norway,False,2021-08-12,43,1450.12,2021-08-12,12,1637.48,-31,-187.36000000000013,0,1
2021-09-01,Portugal,Republic of Ireland,2,1,FIFA World Cup qualification,Faro-Loulé,Portugal,False,2021-08-12,8,1661.51,2021-08-12,47,1429.44,39,232.06999999999994,1,0
2021-09-01,Qatar,Serbia,0,4,Friendly,Debrecen,Hungary,True,2021-08-12,42,1455.23,2021-08-12,29.0,1507.19,-13.0,-51.960000000000036,0,0
2021-09-01,Russia,Croatia,0,0,FIFA World Cup qualification,Moscow,Russia,False,2021-08-12,41,1462.24,2021-08-12,18,1594.36,-23,-132.1199999999999,0,1
2021-09-01,Senegal,Togo,2,0,FIFA World Cup qualification,Thiès,Senegal,False,2021-08-12,21,1545.38,2021-08-12,131,1105.62,110,439.7600000000002,1,0
2021-09-01,Switzerland,Greece,2,1,Friendly,Basel,Switzerland,False,2021-08-12,14,1621.37,2021-08-12,48,1427.04,34,194.32999999999993,1,0
2021-09-01,Turkey,Montenegro,2,2,FIFA World Cup qualification,Istanbul,Turkey,False,,,,2021-08-12,67,1363.03,,,0,1
2021-09-02,Algeria,Djibouti,8,0,FIFA World Cup qualification,Blida,Algeria,False,2021-08-12,30,1498.75,2021-08-12,182,922.37,152,576.38,1,0
2021-09-02,Australia,China,3,0,FIFA World Cup qualification,Doha,Qatar,True,2021-08-12,35,1477.21,,,,,,1,0
2021-09-02,Bolivia,Colombia,1,1,FIFA World Cup qualification,La Paz,Bolivia,False,2021-08-12,82,1285.94,2021-08-12,15,1617.67,-67,-331.73,0,1
2021-09-02,Canada,Honduras,1,1,FIFA World Cup qualification,Toronto,Canada,False,2021-08-12,59,1399.35,2021-08-12,63,1377.79,4,21.559999999999945,0,1
2021-09-02,Chile,Brazil,0,1,FIFA World Cup qualification,Santiago,Chile,False,2021-08-12,20,1557.81,2021-08-12,2,1797.67,-18,-239.86000000000013,0,0
2021-09-02,Czech Republic,Belarus,1,0,FIFA World Cup qualification,Ostrava,Czech Republic,False,2021-08-12,31,1492.65,2021-08-12,89,1270.75,58,221.9000000000001,1,0
2021-09-02,DR Congo,Tanzania,1,1,FIFA World Cup qualification,Lubumbashi,DR Congo,False,2021-08-12,65,1373.16,2021-08-12,135,1093.76,70,279.4000000000001,0,1
2021-09-02,Ecuador,Paraguay,2,0,FIFA World Cup qualification,Quito,Ecuador,False,2021-08-12,55,1405.26,2021-08-12,33,1483.49,-22,-78.23000000000002,1,0
2021-09-02,El Salvador,United States,0,0,FIFA World Cup qualification,San Salvador,El Salvador,False,2021-08-12,64,1375.43,2021-08-12,10,1647.75,-54,-272.31999999999994,0,1
2021-09-02,Estonia,Belgium,2,5,FIFA World Cup qualification,Tallinn,Estonia,False,2021-08-12,110,1170.89,2021-08-12,1,1822.34,-109,-651.4499999999998,0,0
2021-09-02,Hungary,England,0,4,FIFA World Cup qualification,Budapest,Hungary,False,2021-08-12,37,1474.36,2021-08-12,4,1752.83,-33,-278.47,0,0
2021-09-02,Iran,Syria,1,0,FIFA World Cup qualification,Tehran,Iran,False,2021-08-12,26,1522.04,2021-08-12,80,1302.75,54,219.28999999999996,1,0
2021-09-02,Japan,Oman,0,1,FIFA World Cup qualification,Suita,Japan,False,2021-08-12,24,1529.45,2021-08-12,79,1305.01,55,224.44000000000005,0,0
2021-09-02,Liechtenstein,Germany,0,2,FIFA World Cup qualification,St. Gallen,Switzerland,True,2021-08-12,189,907.66,2021-08-12,16,1613.29,-173,-705.63,0,0
2021-09-02,Mexico,Jamaica,2,1,FIFA World Cup qualification,Mexico City,Mexico,False,2021-08-12,9,1658.29,2021-08-12,50,1423.06,41,235.23000000000002,1,0
2021-09-02,Morocco,Sudan,2,0,FIFA World Cup qualification,Rabat,Morocco,False,2021-08-12,32,1487.89,2021-08-12,121,1147.87,89,340.0200000000002,1,0
2021-09-02,Panama,Costa Rica,0,0,FIFA World Cup qualification,Panama City,Panama,False,2021-08-12,74.0,1334.85,2021-08-12,44,1449.79,-30.0,-114.94000000000005,0,1
2021-09-02,Peru,Uruguay,1,1,FIFA World Cup qualification,Lima,Peru,False,2021-08-12,22,1543.16,2021-08-12,13,1634.63,-9,-91.47000000000003,0,1
2021-09-02,Saudi Arabia,Vietnam,3,1,FIFA World Cup qualification,Riyadh,Saudi Arabia,False,2021-08-12,61,1386.03,2021-08-12,92,1260.85,31,125.18000000000006,1,0
2021-09-02,South Korea,Iraq,0,0,FIFA World Cup qualification,Seoul,South Korea,False,2021-08-12,36,1474.96,2021-08-12,70.0,1354.51,34.0,120.45000000000005,0,1
2021-09-02,Sweden,Spain,2,1,FIFA World Cup qualification,Stockholm,Sweden,False,2021-08-12,17,1606.79,2021-08-12,7,1680.44,-10,-73.65000000000009,1,0
2021-09-02,Venezuela,Argentina,1,3,FIFA World Cup qualification,Caracas,Venezuela,False,2021-08-12,40,1463.3,2021-08-12,6,1714.43,-34,-251.1300000000001,0,0
2021-09-03,Ghana,Ethiopia,1,0,FIFA World Cup qualification,Cape Coast,Ghana,False,2021-08-12,52,1420.61,2021-08-12,137,1079.41,85,341.1999999999998,1,0
2021-09-03,Mozambique,Ivory Coast,0,0,FIFA World Cup qualification,Maputo,Mozambique,False,2021-08-12,113,1166.38,,,,,,0,1
2021-09-03,Tunisia,Equatorial Guinea,3,0,FIFA World Cup qualification,Radès,Tunisia,False,2021-08-12,28,1515.3,2021-08-12,132,1105.2,104,410.0999999999999,1,0
2021-09-03,Zimbabwe,South Africa,0,0,FIFA World Cup qualification,Harare,Zimbabwe,False,2021-08-12,108,1171.88,2021-08-12,73,1337.77,-35,-165.88999999999987,0,1
2021-09-04,Bosnia and Herzegovina,Kuwait,1,0,Friendly,Zenica,Bosnia and Herzegovina,False,2021-08-12,58,1401.57,2021-08-12,142.0,1067.44,84.0,334.1299999999999,1,0
2021-09-04,Gibraltar,Turkey,0,3,FIFA World Cup qualification,Gibraltar,Gibraltar,False,2021-08-12,194,880.27,,,,,,0,0
2021-09-04,Haiti,Jordan,2,0,Friendly,Riffa,Bahrain,True,2021-08-12,90,1268.38,2021-08-12,95,1245.31,5,23.070000000000164,1,0
2021-09-04,Israel,Austria,5,2,FIFA World Cup qualification,Haifa,Israel,False,2021-08-12,81,1288.22,2021-08-12,23,1535.12,-58,-246.89999999999986,1,0
2021-09-04,Latvia,Norway,0,2,FIFA World Cup qualification,Riga,Latvia,False,2021-08-12,136,1083.57,2021-08-12,43,1450.12,-93,-366.54999999999995,0,0
2021-09-04,Netherlands,Montenegro,4,0,FIFA World Cup qualification,Eindhoven,Netherlands,False,2021-08-12,12,1637.48,2021-08-12,67,1363.03,55,274.45000000000005,1,0
2021-09-04,Qatar,Portugal,1,3,Friendly,Debrecen,Hungary,True,2021-08-12,42,1455.23,2021-08-12,8,1661.51,-34,-206.27999999999997,0,0
2021-09-04,Scotland,Moldova,1,0,FIFA World Cup qualification,Glasgow,Scotland,False,2021-08-12,49,1424.77,2021-08-12,175,954.15,126,470.62,1,0
2021-09-04,Slovakia,Croatia,0,1,FIFA World Cup qualification,Bratislava,Slovakia,False,2021-08-12,38,1467.4,2021-08-12,18,1594.36,-20,-126.95999999999981,0,0
2021-09-04,Ukraine,France,1,1,FIFA World Cup qualification,Kyiv,Ukraine,False,2021-08-12,25,1522.7,2021-08-12,3,1761.77,-22,-239.06999999999994,0,1
2021-09-05,Belgium,Czech Republic,3,0,FIFA World Cup qualification,Brussels,Belgium,False,2021-08-12,1,1822.34,2021-08-12,31,1492.65,30,329.6899999999998,1,0
2021-09-05,Costa Rica,Mexico,0,1,FIFA World Cup qualification,San José,Costa Rica,False,2021-08-12,44,1449.79,2021-08-12,9,1658.29,-35,-208.5,0,0
2021-09-05,Ecuador,Chile,0,0,FIFA World Cup qualification,Quito,Ecuador,False,2021-08-12,55,1405.26,2021-08-12,20,1557.81,-35,-152.54999999999995,0,1
2021-09-05,England,Andorra,4,0,FIFA World Cup qualification,London,England,False,2021-08-12,4,1752.83,2021-08-12,156,1031.64,152,721.1899999999998,1,0
2021-09-05,Gabon,Egypt,1,1,FIFA World Cup qualification,Franceville,Gabon,False,2021-08-12,85,1278.1,2021-08-12,46,1432.63,-39,-154.5300000000002,0,1
2021-09-05,Germany,Armenia,6,0,FIFA World Cup qualification,Stuttgart,Germany,False,2021-08-12,16,1613.29,2021-08-12,88,1273.67,72,339.6199999999999,1,0
2021-09-05,Jamaica,Panama,0,3,FIFA World Cup qualification,Kingston,Jamaica,False,2021-08-12,50,1423.06,2021-08-12,74,1334.85,24,88.21000000000004,0,0
2021-09-05,Paraguay,Colombia,1,1,FIFA World Cup qualification,Asunción,Paraguay,False,2021-08-12,33,1483.49,2021-08-12,15,1617.67,-18,-134.18000000000006,0,1
2021-09-05,Spain,Georgia,4,0,FIFA World Cup qualification,Badajoz,Spain,False,2021-08-12,7,1680.44,2021-08-12,91,1264.06,84,416.3800000000001,1,0
2021-09-05,Sweden,Uzbekistan,2,1,Friendly,Stockholm,Sweden,False,2021-08-12,17,1606.79,2021-08-12,83.0,1284.42,66.0,322.3699999999999,1,0
2021-09-05,Switzerland,Italy,0,0,FIFA World Cup qualification,Basel,Switzerland,False,2021-08-12,14,1621.37,2021-08-12,5,1744.67,-9,-123.30000000000018,0,1
2021-09-05,United States,Canada,1,1,FIFA World Cup qualification,Nashville,United States,False,2021-08-12,10.0,1647.75,2021-08-12,59,1399.35,49.0,248.4000000000001,0,1
2021-09-05,Uruguay,Bolivia,4,2,FIFA World Cup qualification,Montevideo,Uruguay,False,2021-08-12,13,1634.63,2021-08-12,82,1285.94,69,348.69000000000005,1,0
2021-09-06,Benin,DR Congo,1,1,FIFA World Cup qualification,Cotonou,Benin,False,2021-08-12,86,1277.39,2021-08-12,65,1373.16,-21,-95.76999999999998,0,1
2021-09-06,Ivory Coast,Cameroon,2,1,FIFA World Cup qualification,Abidjan,Ivory Coast,False,,,,2021-08-12,54,1410.65,,,1,0
2021-09-06,South Africa,Ghana,1,0,FIFA World Cup qualification,Johannesburg,South Africa,False,2021-08-12,73,1337.77,2021-08-12,52,1420.61,-21,-82.83999999999992,1,0
2021-09-07,Austria,Scotland,0,1,FIFA World Cup qualification,Vienna,Austria,False,2021-08-12,23,1535.12,2021-08-12,49,1424.77,26,110.34999999999991,0,0
2021-09-07,Azerbaijan,Portugal,0,3,FIFA World Cup qualification,Baku,Azerbaijan,False,2021-08-12,112,1166.44,2021-08-12,8,1661.51,-104,-495.06999999999994,0,0
2021-09-07,Bahrain,Jordan,1,2,Friendly,Riffa,Bahrain,False,2021-08-12,94,1251.29,2021-08-12,95,1245.31,1,5.980000000000018,0,0
2021-09-07,Bosnia and Herzegovina,Kazakhstan,2,2,FIFA World Cup qualification,Zenica,Bosnia and Herzegovina,False,2021-08-12,58,1401.57,2021-08-12,124,1144.41,66,257.15999999999985,0,1
2021-09-07,Burkina Faso,Algeria,1,1,FIFA World Cup qualification,Marrakech,Morocco,True,2021-08-12,62,1383.86,2021-08-12,30,1498.75,-32,-114.8900000000001,0,1
2021-09-07,Cape Verde,Nigeria,1,2,FIFA World Cup qualification,Mindelo,Cape Verde,False,,,,2021-08-12,34,1479.58,,,0,0
2021-09-07,China,Japan,0,1,FIFA World Cup qualification,Doha,Qatar,True,,,,2021-08-12,24,1529.45,,,0,0
2021-09-07,Congo,Senegal,1,3,FIFA World Cup qualification,Brazzaville,Congo,False,2021-08-12,93,1255.88,2021-08-12,21,1545.38,-72,-289.5,0,0
2021-09-07,Croatia,Slovenia,3,0,FIFA World Cup qualification,Split,Croatia,False,2021-08-12,18,1594.36,2021-08-12,66,1371.25,48,223.1099999999999,1,0
2021-09-07,France,Finland,2,0,FIFA World Cup qualification,Lyon,France,False,2021-08-12,3,1761.77,2021-08-12,56,1403.92,53,357.8499999999999,1,0
2021-09-07,Iraq,Iran,0,3,FIFA World Cup qualification,Doha,Qatar,True,2021-08-12,70.0,1354.51,2021-08-12,26,1522.04,-44.0,-167.52999999999997,0,0
2021-09-07,Luxembourg,Qatar,1,1,Friendly,Luxembourg,Luxembourg,False,2021-08-12,96,1238.59,2021-08-12,42,1455.23,-54,-216.6400000000001,0,1
2021-09-07,Netherlands,Turkey,6,1,FIFA World Cup qualification,Amsterdam,Netherlands,False,2021-08-12,12,1637.48,,,,,,1,0
2021-09-07,Norway,Gibraltar,5,1,FIFA World Cup qualification,Oslo,Norway,False,2021-08-12,43,1450.12,2021-08-12,194,880.27,151,569.8499999999999,1,0
2021-09-07,Oman,Saudi Arabia,0,1,FIFA World Cup qualification,Muscat,Oman,False,2021-08-12,79,1305.01,2021-08-12,61,1386.03,-18,-81.01999999999998,0,0
2021-09-07,South Korea,Lebanon,1,0,FIFA World Cup qualification,Suwon,South Korea,False,2021-08-12,36,1474.96,2021-08-12,98,1237.98,62,236.98000000000002,1,0
2021-09-07,Vietnam,Australia,0,1,FIFA World Cup qualification,Hanoi,Vietnam,False,2021-08-12,92,1260.85,2021-08-12,35,1477.21,-57,-216.36000000000013,0,0
2021-09-07,Zambia,Tunisia,0,2,FIFA World Cup qualification,Ndola,Zambia,False,2021-08-12,87,1276.14,2021-08-12,28,1515.3,-59,-239.15999999999985,0,0
2021-09-08,Belarus,Belgium,0,1,FIFA World Cup qualification,Kazan,Russia,True,2021-08-12,89,1270.75,2021-08-12,1,1822.34,-88,-551.5899999999999,0,0
2021-09-08,Canada,El Salvador,3,0,FIFA World Cup qualification,Toronto,Canada,False,2021-08-12,59,1399.35,2021-08-12,64,1375.43,5,23.919999999999845,1,0
2021-09-08,Czech Republic,Ukraine,1,1,Friendly,Plzeň,Czech Republic,False,2021-08-12,31,1492.65,2021-08-12,25,1522.7,-6,-30.049999999999955,0,1
2021-09-08,Greece,Sweden,2,1,FIFA World Cup qualification,Athens,Greece,False,2021-08-12,48,1427.04,2021-08-12,17,1606.79,-31,-179.75,1,0
2021-09-08,Honduras,United States,1,4,FIFA World Cup qualification,San Pedro Sula,Honduras,False,2021-08-12,63,1377.79,2021-08-12,10,1647.75,-53,-269.96000000000004,0,0
2021-09-08,Iceland,Germany,0,4,FIFA World Cup qualification,Reykjavík,Iceland,False,2021-08-12,53,1418.48,2021-08-12,16,1613.29,-37,-194.80999999999995,0,0
2021-09-08,Kosovo,Spain,0,2,FIFA World Cup qualification,Pristina,Kosovo,False,2021-08-12,115,1159.02,2021-08-12,7,1680.44,-108,-521.4200000000001,0,0
2021-09-08,Northern Ireland,Switzerland,0,0,FIFA World Cup qualification,Belfast,Northern Ireland,False,2021-08-12,51,1422.29,2021-08-12,14,1621.37,-37,-199.07999999999993,0,1
2021-09-08,Panama,Mexico,1,1,FIFA World Cup qualification,Panama City,Panama,False,2021-08-12,74.0,1334.85,2021-08-12,9,1658.29,-65.0,-323.44000000000005,0,1
2021-09-08,Poland,England,1,1,FIFA World Cup qualification,Warsaw,Poland,False,2021-08-12,27,1516.27,2021-08-12,4,1752.83,-23,-236.55999999999995,0,1
2021-09-09,Argentina,Bolivia,3,0,FIFA World Cup qualification,Buenos Aires,Argentina,False,2021-08-12,6,1714.43,2021-08-12,82,1285.94,76,428.49,1,0
2021-09-09,Brazil,Peru,2,0,FIFA World Cup qualification,Recife,Brazil,False,2021-08-12,2,1797.67,2021-08-12,22,1543.16,20,254.51,1,0
2021-09-09,Colombia,Chile,3,1,FIFA World Cup qualification,Barranquilla,Colombia,False,2021-08-12,15,1617.67,2021-08-12,20,1557.81,5,59.86000000000013,1,0
2021-09-09,Paraguay,Venezuela,2,1,FIFA World Cup qualification,Asunción,Paraguay,False,2021-08-12,33,1483.49,2021-08-12,40,1463.3,7,20.190000000000055,1,0
2021-09-09,Uruguay,Ecuador,1,0,FIFA World Cup qualification,Montevideo,Uruguay,False,2021-08-12,13,1634.63,2021-08-12,55,1405.26,42,229.37000000000012,1,0
2021-09-30,Egypt,Liberia,2,0,Friendly,Alexandria,Egypt,False,2021-09-16,48,1434.62,2021-09-16,144,1060.93,96,373.6899999999998,1,0
2021-10-06,Bahrain,Curaçao,4,0,Friendly,Riffa,Bahrain,False,2021-09-16,91,1251.31,,,,,,1,0
2021-10-06,Italy,Spain,1,2,UEFA Nations League,Milan,Italy,False,2021-09-16,5,1735.73,2021-09-16,8,1673.68,3,62.049999999999955,0,0
2021-10-06,Jordan,Malaysia,4,0,Friendly,Amman,Jordan,False,2021-09-16,93.0,1245.64,2021-09-16,154,1040.81,61.0,204.83000000000015,1,0
2021-10-06,Morocco,Guinea-Bissau,5,0,FIFA World Cup qualification,Rabat,Morocco,False,2021-09-16,33,1493.23,2021-09-16,105,1186.61,72,306.6200000000001,1,0
2021-10-07,Australia,Oman,3,1,FIFA World Cup qualification,Doha,Qatar,True,2021-09-16,32,1493.99,2021-09-16,78,1311.82,46,182.17000000000007,1,0
2021-10-07,Belgium,France,2,3,UEFA Nations League,Turin,Italy,True,2021-09-16,1,1832.33,2021-09-16,4,1754.31,3,78.01999999999998,0,0
2021-10-07,DR Congo,Madagascar,2,0,FIFA World Cup qualification,Kinshasa,DR Congo,False,2021-09-16,67,1365.17,2021-09-16,100,1211.19,33,153.98000000000002,1,0
2021-10-07,Ecuador,Bolivia,3,0,FIFA World Cup qualification,Guayaquil,Ecuador,False,2021-09-16,52,1415.09,2021-09-16,83,1283.65,31,131.43999999999983,1,0
2021-10-07,El Salvador,Panama,1,0,FIFA World Cup qualification,San Salvador,El Salvador,False,2021-09-16,65,1369.73,2021-09-16,68,1358.77,3,10.960000000000036,1,0
2021-10-07,Iraq,Lebanon,0,0,FIFA World Cup qualification,Doha,Qatar,True,2021-09-16,72.0,1348.83,2021-09-16,97,1233.61,25.0,115.22000000000003,0,1
2021-10-07,Liberia,Cape Verde,1,2,FIFA World Cup qualification,Accra,Ghana,True,2021-09-16,144,1060.93,,,,,,0,0
2021-10-07,Mexico,Canada,1,1,FIFA World Cup qualification,Mexico City,Mexico,False,2021-09-16,9,1666.19,2021-09-16,51,1416.23,42,249.96000000000004,0,1
2021-10-07,Paraguay,Argentina,0,0,FIFA World Cup qualification,Asunción,Paraguay,False,2021-09-16,35,1484.31,2021-09-16,6,1725.31,-29,-241.0,0,1
2021-10-07,Saudi Arabia,Japan,1,0,FIFA World Cup qualification,Jeddah,Saudi Arabia,False,2021-09-16,56,1406.34,2021-09-16,26,1520.46,-30,-114.12000000000012,1,0
2021-10-07,South Korea,Syria,2,1,FIFA World Cup qualification,Ansan,South Korea,False,2021-09-16,36,1479.41,2021-09-16,81,1296.75,45,182.66000000000008,1,0
2021-10-07,Tunisia,Mauritania,3,0,FIFA World Cup qualification,Radès,Tunisia,False,2021-09-16,25,1526.87,2021-09-16,104,1200.6,79,326.27,1,0
2021-10-07,United Arab Emirates,Iran,0,1,FIFA World Cup qualification,Dubai,United Arab Emirates,False,2021-09-16,69.0,1357.84,2021-09-16,22,1538.08,-47.0,-180.24,0,0
2021-10-07,United States,Jamaica,2,0,FIFA World Cup qualification,Austin,United States,False,2021-09-16,13.0,1643.1,2021-09-16,59,1402.39,46.0,240.7099999999998,1,0
2021-10-07,Uruguay,Colombia,0,0,FIFA World Cup qualification,Montevideo,Uruguay,False,2021-09-16,12,1645.42,2021-09-16,16,1618.4,4,27.019999999999982,0,1
2021-10-07,Venezuela,Brazil,1,3,FIFA World Cup qualification,Caracas,Venezuela,False,2021-09-16,49,1434.14,2021-09-16,2,1811.73,-47,-377.5899999999999,0,0
2021-10-08,Algeria,Niger,6,1,FIFA World Cup qualification,Algiers,Algeria,False,2021-09-16,30,1498.62,2021-09-16,119,1156.17,89,342.4499999999998,1,0
2021-10-08,Cyprus,Croatia,0,3,FIFA World Cup qualification,Larnaca,Cyprus,False,2021-09-16,103,1202.65,2021-09-16,17,1608.25,-86,-405.5999999999999,0,0
2021-10-08,Czech Republic,Wales,2,2,FIFA World Cup qualification,Prague,Czech Republic,False,2021-09-16,31,1494.78,2021-09-16,19,1563.59,-12,-68.80999999999995,0,1
2021-10-08,Egypt,Libya,1,0,FIFA World Cup qualification,Alexandria,Egypt,False,2021-09-16,48,1434.62,2021-09-16,110,1174.94,62,259.67999999999984,1,0
2021-10-08,Germany,Romania,2,1,FIFA World Cup qualification,Hamburg,Germany,False,2021-09-16,14,1627.8,2021-09-16,42,1451.8,28,176.0,1,0
2021-10-08,Latvia,Netherlands,0,1,FIFA World Cup qualification,Riga,Latvia,False,2021-09-16,135,1092.45,2021-09-16,11,1648.2,-124,-555.75,0,0
2021-10-08,Malawi,Ivory Coast,0,3,FIFA World Cup qualification,Johannesburg,South Africa,True,2021-09-16,115,1159.81,,,,,,0,0
2021-10-08,Turkey,Norway,1,1,FIFA World Cup qualification,Istanbul,Turkey,False,,,,2021-09-16,39,1461.76,,,0,1
2021-10-09,Andorra,England,0,5,FIFA World Cup qualification,Andorra la Vella,Andorra,False,2021-09-16,156,1033.27,2021-09-16,3,1755.44,-153,-722.1700000000001,0,0
2021-10-09,Curaçao,New Zealand,1,2,Friendly,Riffa,Bahrain,True,,,,2021-09-16,121,1149.43,,,0,0
2021-10-09,Ethiopia,South Africa,1,3,FIFA World Cup qualification,Bahir Dar,Ethiopia,False,2021-09-16,134,1092.74,2021-09-16,73,1348.6,-61,-255.8599999999999,0,0
2021-10-09,Faroe Islands,Austria,0,2,FIFA World Cup qualification,Tórshavn,Faroe Islands,False,2021-09-16,114,1160.39,2021-09-16,29,1504.82,-85,-344.42999999999984,0,0
2021-10-09,Ghana,Zimbabwe,3,1,FIFA World Cup qualification,Cape Coast,Ghana,False,2021-09-16,53,1411.3,2021-09-16,113,1160.91,60,250.38999999999987,1,0
2021-10-09,Kazakhstan,Bosnia and Herzegovina,0,2,FIFA World Cup qualification,Nur-Sultan,Kazakhstan,False,2021-09-16,120,1151.18,2021-09-16,57,1405.3,-63,-254.1199999999999,0,0
2021-10-09,Morocco,Guinea-Bissau,3,0,FIFA World Cup qualification,Casablanca,Morocco,False,2021-09-16,33,1493.23,2021-09-16,105,1186.61,72,306.6200000000001,1,0
2021-10-09,Portugal,Qatar,3,0,Friendly,Faro-Loulé,Portugal,False,2021-09-16,7,1674.9,2021-09-16,43,1445.83,36,229.07000000000016,1,0
2021-10-09,Scotland,Israel,3,2,FIFA World Cup qualification,Glasgow,Scotland,False,2021-09-16,45,1435.64,2021-09-16,80,1310.33,35,125.31000000000017,1,0
2021-10-09,Senegal,Namibia,4,1,FIFA World Cup qualification,Thiès,Senegal,False,2021-09-16,20,1555.37,2021-09-16,106,1185.12,86,370.25,1,0
2021-10-09,Sweden,Kosovo,3,0,FIFA World Cup qualification,Stockholm,Sweden,False,2021-09-16,18,1606.03,2021-09-16,109,1176.28,91,429.75,1,0
2021-10-09,Switzerland,Northern Ireland,2,0,FIFA World Cup qualification,Geneva,Switzerland,False,2021-09-16,15,1622.73,2021-09-16,47,1435.06,32,187.67000000000007,1,0
2021-10-09,Uzbekistan,Malaysia,5,1,Friendly,Amman,Jordan,True,2021-09-16,84,1282.27,2021-09-16,154,1040.81,70,241.46000000000004,1,0
2021-10-10,Argentina,Uruguay,3,0,FIFA World Cup qualification,Buenos Aires,Argentina,False,2021-09-16,6,1725.31,2021-09-16,12,1645.42,6,79.88999999999987,1,0
2021-10-10,Cape Verde,Liberia,1,0,FIFA World Cup qualification,Mindelo,Cape Verde,False,,,,2021-09-16,144,1060.93,,,1,0
2021-10-10,Chile,Paraguay,2,0,FIFA World Cup qualification,Santiago,Chile,False,2021-09-16,23,1536.53,2021-09-16,35,1484.31,12,52.22000000000003,1,0
2021-10-10,Colombia,Brazil,0,0,FIFA World Cup qualification,Barranquilla,Colombia,False,2021-09-16,16,1618.4,2021-09-16,2,1811.73,-14,-193.32999999999993,0,1
2021-10-10,Italy,Belgium,2,1,UEFA Nations League,Turin,Italy,False,2021-09-16,5,1735.73,2021-09-16,1,1832.33,-4,-96.59999999999991,1,0
2021-10-10,Jamaica,Canada,0,0,FIFA World Cup qualification,Kingston,Jamaica,False,2021-09-16,59,1402.39,2021-09-16,51,1416.23,-8,-13.839999999999918,0,1
2021-10-10,Madagascar,DR Congo,1,0,FIFA World Cup qualification,Antananarivo,Madagascar,False,2021-09-16,100,1211.19,2021-09-16,67,1365.17,-33,-153.98000000000002,1,0
2021-10-10,Mauritania,Tunisia,0,0,FIFA World Cup qualification,Nouakchott,Mauritania,False,2021-09-16,104,1200.6,2021-09-16,25,1526.87,-79,-326.27,0,1
2021-10-10,Mexico,Honduras,3,0,FIFA World Cup qualification,Mexico City,Mexico,False,2021-09-16,9,1666.19,2021-09-16,63,1371.61,54,294.58000000000015,1,0
2021-10-10,Panama,United States,1,0,FIFA World Cup qualification,Panama City,Panama,False,2021-09-16,68.0,1358.77,2021-09-16,13,1643.1,-55.0,-284.3299999999999,1,0
2021-10-10,Spain,France,1,2,UEFA Nations League,Milan,Italy,True,2021-09-16,8,1673.68,2021-09-16,4,1754.31,-4,-80.62999999999988,0,0
2021-10-10,Venezuela,Ecuador,2,1,FIFA World Cup qualification,Caracas,Venezuela,False,2021-09-16,49,1434.14,2021-09-16,52,1415.09,3,19.050000000000182,1,0
2021-10-11,Belarus,Czech Republic,0,2,FIFA World Cup qualification,Kazan,Russia,True,2021-09-16,90,1254.81,2021-09-16,31,1494.78,-59,-239.97000000000003,0,0
2021-10-11,Croatia,Slovakia,2,2,FIFA World Cup qualification,Osijek,Croatia,False,2021-09-16,17,1608.25,2021-09-16,38,1462.59,21,145.66000000000008,0,1
2021-10-11,Ivory Coast,Malawi,2,1,FIFA World Cup qualification,Cotonou,Benin,True,,,,2021-09-16,115,1159.81,,,1,0
2021-10-11,Latvia,Turkey,1,2,FIFA World Cup qualification,Riga,Latvia,False,2021-09-16,135,1092.45,,,,,,0,0
2021-10-11,Libya,Egypt,0,3,FIFA World Cup qualification,Benina,Libya,False,2021-09-16,110,1174.94,2021-09-16,48,1434.62,-62,-259.67999999999984,0,0
2021-10-11,Netherlands,Gibraltar,6,0,FIFA World Cup qualification,Rotterdam,Netherlands,False,2021-09-16,11,1648.2,2021-09-16,197,867.7,186,780.5,1,0
2021-10-11,North Macedonia,Germany,0,4,FIFA World Cup qualification,Skopje,North Macedonia,False,2021-09-16,74,1345.47,2021-09-16,14,1627.8,-60,-282.3299999999999,0,0
2021-10-11,Norway,Montenegro,2,0,FIFA World Cup qualification,Oslo,Norway,False,2021-09-16,39,1461.76,2021-09-16,71,1352.83,32,108.93000000000006,1,0
2021-10-12,Bahrain,New Zealand,0,1,Friendly,Riffa,Bahrain,False,2021-09-16,91,1251.31,2021-09-16,121,1149.43,30,101.87999999999988,0,0
2021-10-12,Denmark,Austria,1,0,FIFA World Cup qualification,Copenhagen,Denmark,False,2021-09-16,10,1658.49,2021-09-16,29,1504.82,19,153.67000000000007,1,0
2021-10-12,England,Hungary,1,1,FIFA World Cup qualification,London,England,False,2021-09-16,3,1755.44,2021-09-16,40,1456.93,37,298.51,0,1
2021-10-12,Faroe Islands,Scotland,0,1,FIFA World Cup qualification,Tórshavn,Faroe Islands,False,2021-09-16,114,1160.39,2021-09-16,45,1435.64,-69,-275.25,0,0
2021-10-12,Iran,South Korea,1,1,FIFA World Cup qualification,Tehran,Iran,False,2021-09-16,22,1538.08,2021-09-16,36,1479.41,14,58.669999999999845,0,1
2021-10-12,Japan,Australia,2,1,FIFA World Cup qualification,Saitama,Japan,False,2021-09-16,26,1520.46,2021-09-16,32,1493.99,6,26.470000000000027,1,0
2021-10-12,Jordan,Uzbekistan,3,0,Friendly,Amman,Jordan,False,2021-09-16,93.0,1245.64,2021-09-16,84.0,1282.27,-9.0,-36.62999999999988,1,0
2021-10-12,Lithuania,Switzerland,0,4,FIFA World Cup qualification,Vilnius,Lithuania,False,2021-09-16,137,1082.2,2021-09-16,15,1622.73,-122,-540.53,0,0
2021-10-12,Morocco,Guinea,4,1,FIFA World Cup qualification,Agadir,Morocco,False,2021-09-16,33,1493.23,2021-09-16,76,1326.09,43,167.1400000000001,1,0
2021-10-12,Namibia,Senegal,1,3,FIFA World Cup qualification,Johannesburg,South Africa,True,2021-09-16,106,1185.12,2021-09-16,20,1555.37,-86,-370.25,0,0
2021-10-12,Niger,Algeria,0,4,FIFA World Cup qualification,Niamey,Niger,False,2021-09-16,119,1156.17,2021-09-16,30,1498.62,-89,-342.4499999999998,0,0
2021-10-12,Portugal,Luxembourg,5,0,FIFA World Cup qualification,Faro-Loulé,Portugal,False,2021-09-16,7,1674.9,2021-09-16,94,1244.55,87,430.35000000000014,1,0
2021-10-12,Republic of Ireland,Qatar,4,0,Friendly,Dublin,Republic of Ireland,False,2021-09-16,50,1418.7,2021-09-16,43,1445.83,-7,-27.12999999999988,1,0
2021-10-12,Saudi Arabia,China,3,2,FIFA World Cup qualification,Jeddah,Saudi Arabia,False,2021-09-16,56,1406.34,,,,,,1,0
2021-10-12,South Africa,Ethiopia,1,0,FIFA World Cup qualification,Johannesburg,South Africa,False,2021-09-16,73,1348.6,2021-09-16,134,1092.74,61,255.8599999999999,1,0
2021-10-12,Sweden,Greece,2,0,FIFA World Cup qualification,Stockholm,Sweden,False,2021-09-16,18,1606.03,2021-09-16,46,1435.43,28,170.5999999999999,1,0
2021-10-12,Ukraine,Bosnia and Herzegovina,1,1,FIFA World Cup qualification,Lviv,Ukraine,False,2021-09-16,27,1520.07,2021-09-16,57,1405.3,30,114.76999999999998,0,1
2021-10-12,United Arab Emirates,Iraq,2,2,FIFA World Cup qualification,Dubai,United Arab Emirates,False,2021-09-16,69.0,1357.84,2021-09-16,72.0,1348.83,3.0,9.009999999999991,0,1
2021-10-12,Zimbabwe,Ghana,0,1,FIFA World Cup qualification,Harare,Zimbabwe,False,2021-09-16,113,1160.91,2021-09-16,53,1411.3,-60,-250.38999999999987,0,0
2021-10-13,Canada,Panama,4,1,FIFA World Cup qualification,Toronto,Canada,False,2021-09-16,51,1416.23,2021-09-16,68,1358.77,17,57.460000000000036,1,0
2021-10-13,El Salvador,Mexico,0,2,FIFA World Cup qualification,San Salvador,El Salvador,False,2021-09-16,65,1369.73,2021-09-16,9,1666.19,-56,-296.46000000000004,0,0
2021-10-13,United States,Costa Rica,2,1,FIFA World Cup qualification,Columbus,United States,False,2021-09-16,13.0,1643.1,2021-09-16,44,1438.29,31.0,204.80999999999995,1,0
2021-10-14,Argentina,Peru,1,0,FIFA World Cup qualification,Buenos Aires,Argentina,False,2021-09-16,6,1725.31,2021-09-16,21,1548.78,15,176.52999999999997,1,0
2021-10-14,Bolivia,Paraguay,4,0,FIFA World Cup qualification,La Paz,Bolivia,False,2021-09-16,83,1283.65,2021-09-16,35,1484.31,-48,-200.65999999999985,1,0
2021-10-14,Brazil,Uruguay,4,1,FIFA World Cup qualification,Manaus,Brazil,False,2021-09-16,2,1811.73,2021-09-16,12,1645.42,10,166.30999999999995,1,0
2021-10-14,Colombia,Ecuador,0,0,FIFA World Cup qualification,Barranquilla,Colombia,False,2021-09-16,16,1618.4,2021-09-16,52,1415.09,36,203.31000000000017,0,1
2021-10-27,Mexico,Ecuador,2,3,Friendly,Charlotte,United States,True,2021-10-21,9,1672.92,2021-10-21,55,1416.93,46,255.99,0,0
2021-11-10,Kosovo,Jordan,0,2,Friendly,Pristina,Kosovo,False,2021-10-21,113,1161.19,2021-10-21,90,1254.12,-23,-92.92999999999984,0,0
2021-11-11,Australia,Saudi Arabia,0,0,FIFA World Cup qualification,Sydney,Australia,False,2021-10-21,34,1489.86,2021-10-21,49,1432.21,15,57.649999999999864,0,1
2021-11-11,Brazil,Colombia,1,0,FIFA World Cup qualification,São Paulo,Brazil,False,2021-10-21,2,1820.36,2021-10-21,16,1618.76,14,201.5999999999999,1,0
2021-11-11,Czech Republic,Kuwait,7,0,Friendly,Olomouc,Czech Republic,False,2021-10-21,31,1503.23,2021-10-21,142.0,1065.31,111.0,437.9200000000001,1,0
2021-11-11,Ecuador,Venezuela,1,0,FIFA World Cup qualification,Quito,Ecuador,False,2021-10-21,55,1416.93,2021-10-21,50,1431.51,-5,-14.579999999999927,1,0
2021-11-11,Ethiopia,Ghana,1,1,FIFA World Cup qualification,Johannesburg,South Africa,True,2021-10-21,137,1079.37,2021-10-21,52,1424.87,-85,-345.5,0,1
2021-11-11,Georgia,Sweden,2,0,FIFA World Cup qualification,Batumi,Georgia,False,2021-10-21,93,1243.88,2021-10-21,17,1618.69,-76,-374.80999999999995,1,0
2021-11-11,Germany,Liechtenstein,9,0,FIFA World Cup qualification,Wolfsburg,Germany,False,2021-10-21,12,1642.47,2021-10-21,190,903.63,178,738.84,1,0
2021-11-11,Greece,Spain,0,1,FIFA World Cup qualification,Athens,Greece,False,2021-10-21,47,1434.83,2021-10-21,7,1687.66,-40,-252.83000000000015,0,0
2021-11-11,Iraq,Syria,1,1,FIFA World Cup qualification,Al Rayyan,Qatar,True,2021-10-21,72.0,1346.2,2021-10-21,85,1274.72,13.0,71.48000000000002,0,1
2021-11-11,Lebanon,Iran,1,2,FIFA World Cup qualification,Sidon,Lebanon,False,2021-10-21,92,1250.08,2021-10-21,22,1545.02,-70,-294.94000000000005,0,0
2021-11-11,Malta,Croatia,1,7,FIFA World Cup qualification,Ta' Qali,Malta,False,2021-10-21,173,964.21,2021-10-21,18,1608.84,-155,-644.6299999999999,0,0
2021-11-11,Paraguay,Chile,0,1,FIFA World Cup qualification,Asunción,Paraguay,False,2021-10-21,38,1461.28,2021-10-21,21,1546.26,-17,-84.98000000000002,0,0
2021-11-11,Republic of Ireland,Portugal,0,0,FIFA World Cup qualification,Dublin,Republic of Ireland,False,2021-10-21,51,1430.59,2021-10-21,8,1681.73,-43,-251.1400000000001,0,1
2021-11-11,Serbia,Qatar,4,0,Friendly,Belgrade,Serbia,False,2021-10-21,25,1527.34,2021-10-21,46,1437.73,21,89.6099999999999,1,0
2021-11-11,South Africa,Zimbabwe,1,0,FIFA World Cup qualification,Johannesburg,South Africa,False,2021-10-21,66,1361.97,2021-10-21,118,1147.34,52,214.6300000000001,1,0
2021-11-11,South Korea,United Arab Emirates,1,0,FIFA World Cup qualification,Goyang,South Korea,False,2021-10-21,35,1489.1,2021-10-21,71,1349.42,36,139.67999999999984,1,0
2021-11-11,Tanzania,DR Congo,0,3,FIFA World Cup qualification,Dar es Salaam,Tanzania,False,2021-10-21,130,1123.84,2021-10-21,67,1357.61,-63,-233.76999999999998,0,0
2021-11-11,Togo,Senegal,1,1,FIFA World Cup qualification,Lomé,Togo,False,2021-10-21,134,1110.59,2021-10-21,20,1564.95,-114,-454.3600000000001,0,1
2021-11-11,Vietnam,Japan,0,1,FIFA World Cup qualification,Hanoi,Vietnam,False,2021-10-21,98,1222.9,2021-10-21,28,1517.69,-70,-294.78999999999996,0,0
2021-11-12,Angola,Egypt,2,2,FIFA World Cup qualification,Luanda,Angola,False,2021-10-21,129,1124.33,2021-10-21,44,1447.85,-85,-323.52,0,1
2021-11-12,Austria,Israel,4,2,FIFA World Cup qualification,Klagenfurt,Austria,False,2021-10-21,32,1501.09,2021-10-21,80,1305.76,48,195.32999999999993,1,0
2021-11-12,Canada,Costa Rica,1,0,FIFA World Cup qualification,Edmonton,Canada,False,2021-10-21,48,1432.34,2021-10-21,45,1439.61,-3,-7.269999999999982,1,0
2021-11-12,Djibouti,Algeria,0,4,FIFA World Cup qualification,Cairo,Egypt,True,2021-10-21,188,905.83,2021-10-21,30,1509.04,-158,-603.2099999999999,0,0
2021-11-12,England,Albania,5,0,FIFA World Cup qualification,London,England,False,2021-10-21,5,1750.16,2021-10-21,63,1374.33,58,375.83000000000015,1,0
2021-11-12,Honduras,Panama,2,3,FIFA World Cup qualification,San Pedro Sula,Honduras,False,2021-10-21,68,1355.17,2021-10-21,69,1354.42,1,0.75,0,0
2021-11-12,Italy,Switzerland,1,1,FIFA World Cup qualification,Rome,Italy,False,2021-10-21,4,1750.52,2021-10-21,14,1633.8,10,116.72000000000003,0,1
2021-11-12,Moldova,Scotland,0,2,FIFA World Cup qualification,Chișinău,Moldova,False,2021-10-21,181,933.81,2021-10-21,42,1451.37,-139,-517.56,0,0
2021-11-12,Morocco,Sudan,3,0,FIFA World Cup qualification,Rabat,Morocco,False,2021-10-21,29,1513.0,2021-10-21,123,1139.67,94,373.3299999999999,1,0
2021-11-12,United States,Mexico,2,0,FIFA World Cup qualification,Cincinnati,United States,False,2021-10-21,13.0,1639.42,2021-10-21,9,1672.92,-4.0,-33.5,1,0
2021-11-12,Uruguay,Argentina,0,1,FIFA World Cup qualification,Montevideo,Uruguay,False,2021-10-21,15,1625.67,2021-10-21,6,1738.79,-9,-113.11999999999989,0,0
2021-11-13,Belgium,Estonia,3,1,FIFA World Cup qualification,Brussels,Belgium,False,2021-10-21,1,1832.33,2021-10-21,105,1184.03,104,648.3,1,0
2021-11-13,Bosnia and Herzegovina,Finland,1,3,FIFA World Cup qualification,Zenica,Bosnia and Herzegovina,False,2021-10-21,56,1414.92,2021-10-21,60,1403.96,4,10.960000000000036,0,0
2021-11-13,Cape Verde,Central African Republic,2,1,FIFA World Cup qualification,Mindelo,Cape Verde,False,,,,2021-10-21,115,1150.45,,,1,0
2021-11-13,Equatorial Guinea,Tunisia,1,0,FIFA World Cup qualification,Malabo,Equatorial Guinea,False,2021-10-21,126,1135.52,2021-10-21,27,1525.3,-99,-389.78,1,0
2021-11-13,France,Kazakhstan,8,0,FIFA World Cup qualification,Paris,France,False,2021-10-21,3,1779.24,2021-10-21,125,1137.46,122,641.78,1,0
2021-11-13,Ivory Coast,Mozambique,3,0,FIFA World Cup qualification,Cotonou,Benin,True,,,,2021-10-21,122,1144.85,,,1,0
2021-11-13,Montenegro,Netherlands,2,2,FIFA World Cup qualification,Podgorica,Montenegro,False,2021-10-21,73,1346.19,2021-10-21,11,1652.01,-62,-305.81999999999994,0,1
2021-11-13,Norway,Latvia,0,0,FIFA World Cup qualification,Oslo,Norway,False,2021-10-21,37,1471.62,2021-10-21,136,1084.88,99,386.7399999999998,0,1
2021-11-13,Turkey,Gibraltar,6,0,FIFA World Cup qualification,Istanbul,Turkey,False,,,,2021-10-21,198,863.17,,,1,0
2021-11-14,Armenia,Germany,1,4,FIFA World Cup qualification,Yerevan,Armenia,False,2021-10-21,89,1257.17,2021-10-21,12,1642.47,-77,-385.29999999999995,0,0
2021-11-14,Azerbaijan,Qatar,2,2,Friendly,Baku,Azerbaijan,False,2021-10-21,119,1146.87,2021-10-21,46,1437.73,-73,-290.8600000000001,0,1
2021-11-14,Croatia,Russia,1,0,FIFA World Cup qualification,Split,Croatia,False,2021-10-21,18,1608.84,2021-10-21,33,1497.45,15,111.38999999999987,1,0
2021-11-14,DR Congo,Benin,2,0,FIFA World Cup qualification,Kinshasa,DR Congo,False,2021-10-21,67,1357.61,2021-10-21,83,1282.34,16,75.26999999999998,1,0
2021-11-14,Ghana,South Africa,1,0,FIFA World Cup qualification,Cape Coast,Ghana,False,2021-10-21,52,1424.87,2021-10-21,66,1361.97,14,62.899999999999864,1,0
2021-11-14,Portugal,Serbia,1,2,FIFA World Cup qualification,Lisbon,Portugal,False,2021-10-21,8,1681.73,2021-10-21,25.0,1527.34,17.0,154.3900000000001,0,0
2021-11-14,Senegal,Congo,2,0,FIFA World Cup qualification,Thiès,Senegal,False,2021-10-21,20,1564.95,2021-10-21,97,1228.16,77,336.78999999999996,1,0
2021-11-14,Spain,Sweden,1,0,FIFA World Cup qualification,Seville,Spain,False,2021-10-21,7,1687.66,2021-10-21,17,1618.69,10,68.97000000000003,1,0
2021-11-15,Austria,Moldova,4,1,FIFA World Cup qualification,Klagenfurt,Austria,False,2021-10-21,32,1501.09,2021-10-21,181,933.81,149,567.28,1,0
2021-11-15,Georgia,Uzbekistan,1,0,Friendly,Gori,Georgia,False,2021-10-21,93,1243.88,2021-10-21,84.0,1279.73,-9.0,-35.84999999999991,1,0
2021-11-15,San Marino,England,0,10,FIFA World Cup qualification,Serravalle,San Marino,False,2021-10-21,210,782.71,2021-10-21,5,1750.16,-205,-967.45,0,0
2021-11-15,Scotland,Denmark,2,0,FIFA World Cup qualification,Glasgow,Scotland,False,2021-10-21,42,1451.37,2021-10-21,10,1668.98,-32,-217.61000000000013,1,0
2021-11-15,Switzerland,Bulgaria,4,0,FIFA World Cup qualification,Lucerne,Switzerland,False,2021-10-21,14,1633.8,2021-10-21,70,1350.11,56,283.69000000000005,1,0
2021-11-16,Algeria,Burkina Faso,2,2,FIFA World Cup qualification,Blida,Algeria,False,2021-10-21,30,1509.04,2021-10-21,61,1400.56,31,108.48000000000002,0,1
2021-11-16,Argentina,Brazil,0,0,FIFA World Cup qualification,San Juan,Argentina,False,2021-10-21,6,1738.79,2021-10-21,2,1820.36,-4,-81.56999999999994,0,1
2021-11-16,Belarus,Jordan,1,0,Friendly,Minsk,Belarus,False,2021-10-21,95,1233.59,2021-10-21,90,1254.12,-5,-20.529999999999973,1,0
2021-11-16,Bolivia,Uruguay,3,0,FIFA World Cup qualification,La Paz,Bolivia,False,2021-10-21,78,1309.75,2021-10-21,15,1625.67,-63,-315.9200000000001,1,0
2021-11-16,Bosnia and Herzegovina,Ukraine,0,2,FIFA World Cup qualification,Zenica,Bosnia and Herzegovina,False,2021-10-21,56,1414.92,2021-10-21,26,1527.12,-30,-112.19999999999982,0,0
2021-11-16,Cameroon,Ivory Coast,1,0,FIFA World Cup qualification,Douala,Cameroon,False,2021-10-21,54,1418.21,,,,,,1,0
2021-11-16,Canada,Mexico,2,1,FIFA World Cup qualification,Edmonton,Canada,False,2021-10-21,48,1432.34,2021-10-21,9,1672.92,-39,-240.58000000000015,1,0
2021-11-16,Chile,Ecuador,0,2,FIFA World Cup qualification,Santiago,Chile,False,2021-10-21,21,1546.26,2021-10-21,55,1416.93,34,129.32999999999993,0,0
2021-11-16,China,Australia,1,1,FIFA World Cup qualification,Sharjah,United Arab Emirates,True,,,,2021-10-21,34,1489.86,,,0,1
2021-11-16,Colombia,Paraguay,0,0,FIFA World Cup qualification,Barranquilla,Colombia,False,2021-10-21,16,1618.76,2021-10-21,38,1461.28,22,157.48000000000002,0,1
2021-11-16,Czech Republic,Estonia,2,0,FIFA World Cup qualification,Prague,Czech Republic,False,2021-10-21,31,1503.23,2021-10-21,105,1184.03,74,319.20000000000005,1,0
2021-11-16,Egypt,Gabon,2,1,FIFA World Cup qualification,Alexandria,Egypt,False,2021-10-21,44,1447.85,2021-10-21,88,1260.39,44,187.4599999999998,1,0
2021-11-16,Finland,France,0,2,FIFA World Cup qualification,Helsinki,Finland,False,2021-10-21,60,1403.96,2021-10-21,3,1779.24,-57,-375.28,0,0
2021-11-16,Iraq,South Korea,0,3,FIFA World Cup qualification,Al Rayyan,Qatar,True,2021-10-21,72.0,1346.2,2021-10-21,35,1489.1,-37.0,-142.89999999999986,0,0
2021-11-16,Jamaica,United States,1,1,FIFA World Cup qualification,Kingston,Jamaica,False,2021-10-21,59,1407.72,2021-10-21,13,1639.42,-46,-231.70000000000005,0,1
2021-11-16,Montenegro,Turkey,1,2,FIFA World Cup qualification,Podgorica,Montenegro,False,2021-10-21,73,1346.19,,,,,,0,0
2021-11-16,Morocco,Guinea,3,0,FIFA World Cup qualification,Casablanca,Morocco,False,2021-10-21,29,1513.0,2021-10-21,79,1309.15,50,203.8499999999999,1,0
2021-11-16,Netherlands,Norway,2,0,FIFA World Cup qualification,Rotterdam,Netherlands,False,2021-10-21,11,1652.01,2021-10-21,37,1471.62,26,180.3900000000001,1,0
2021-11-16,New Zealand,Gambia,2,0,Friendly,Dubai,United Arab Emirates,True,2021-10-21,111,1161.83,2021-10-21,147,1053.72,36,108.1099999999999,1,0
2021-11-16,Nigeria,Cape Verde,1,1,FIFA World Cup qualification,Lagos,Nigeria,False,2021-10-21,36,1478.18,,,,,,0,1
2021-11-16,Oman,Japan,0,1,FIFA World Cup qualification,Muscat,Oman,False,2021-10-21,77,1314.36,2021-10-21,28,1517.69,-49,-203.33000000000015,0,0
2021-11-16,Panama,El Salvador,2,1,FIFA World Cup qualification,Panama City,Panama,False,2021-10-21,69.0,1354.42,2021-10-21,65,1364.7,-4.0,-10.279999999999973,1,0
2021-11-16,Syria,Iran,0,3,FIFA World Cup qualification,Amman,Jordan,True,2021-10-21,85,1274.72,2021-10-21,22,1545.02,-63,-270.29999999999995,0,0
2021-11-16,Tunisia,Zambia,3,1,FIFA World Cup qualification,Radès,Tunisia,False,2021-10-21,27,1525.3,2021-10-21,87,1260.8,60,264.5,1,0
2021-11-16,Vietnam,Saudi Arabia,0,1,FIFA World Cup qualification,Hanoi,Vietnam,False,2021-10-21,98,1222.9,2021-10-21,49,1432.21,-49,-209.30999999999995,0,0
2021-11-16,Wales,Belgium,1,1,FIFA World Cup qualification,Cardiff,Wales,False,2021-10-21,19,1566.77,2021-10-21,1,1832.33,-18,-265.55999999999995,0,1
2021-11-30,Iraq,Oman,1,1,Arab Cup,Al Wakrah,Qatar,True,2021-11-19,75.0,1335.58,2021-11-19,78,1307.09,3.0,28.49000000000001,0,1
2021-11-30,Qatar,Bahrain,1,0,Arab Cup,Al Khor,Qatar,False,2021-11-19,51,1431.01,2021-11-19,90,1255.75,39,175.26,1,0
2021-11-30,Tunisia,Mauritania,5,1,Arab Cup,Al Rayyan,Qatar,True,2021-11-19,29,1512.13,2021-11-19,103,1190.23,74,321.9000000000001,1,0
2021-12-01,Algeria,Sudan,4,0,Arab Cup,Al Rayyan,Qatar,True,2021-11-19,32,1508.54,2021-11-19,124,1135.89,92,372.64999999999986,1,0
2021-12-01,Egypt,Lebanon,1,0,Arab Cup,Doha,Qatar,True,2021-11-19,45,1449.51,2021-11-19,94,1233.76,49,215.75,1,0
2021-12-01,Morocco,Palestine,4,0,Arab Cup,Al Wakrah,Qatar,True,2021-11-19,28,1525.5,2021-11-19,98,1211.32,70,314.18000000000006,1,0
2021-12-01,Saudi Arabia,Jordan,0,1,Arab Cup,Al Rayyan,Qatar,True,2021-11-19,48,1441.17,2021-11-19,91,1252.95,43,188.22000000000003,0,0
2021-12-03,Bahrain,Iraq,0,0,Arab Cup,Doha,Qatar,True,2021-11-19,90,1255.75,2021-11-19,75.0,1335.58,-15.0,-79.82999999999993,0,1
2021-12-03,Qatar,Oman,2,1,Arab Cup,Al Rayyan,Qatar,False,2021-11-19,51,1431.01,2021-11-19,78,1307.09,27,123.92000000000007,1,0
2021-12-03,Syria,Tunisia,2,0,Arab Cup,Al Khor,Qatar,True,2021-11-19,85,1269.96,2021-11-19,29,1512.13,-56,-242.17000000000007,1,0
2021-12-04,El Salvador,Ecuador,1,1,Friendly,Houston,United States,True,2021-11-19,69,1350.63,2021-11-19,46,1448.74,-23,-98.1099999999999,0,1
2021-12-04,Jordan,Morocco,0,4,Arab Cup,Al Rayyan,Qatar,True,2021-11-19,91.0,1252.95,2021-11-19,28,1525.5,-63.0,-272.54999999999995,0,0
2021-12-04,Lebanon,Algeria,0,2,Arab Cup,Al Wakrah,Qatar,True,2021-11-19,94,1233.76,2021-11-19,32,1508.54,-62,-274.78,0,0
2021-12-04,Palestine,Saudi Arabia,1,1,Arab Cup,Al Rayyan,Qatar,True,2021-11-19,98,1211.32,2021-11-19,48,1441.17,-50,-229.85000000000014,0,1
2021-12-04,Sudan,Egypt,0,5,Arab Cup,Doha,Qatar,True,2021-11-19,124,1135.89,2021-11-19,45,1449.51,-79,-313.6199999999999,0,0
2021-12-06,Qatar,Iraq,3,0,Arab Cup,Al Khor,Qatar,False,2021-11-19,51,1431.01,2021-11-19,75.0,1335.58,24.0,95.43000000000006,1,0
2021-12-06,Tunisia,United Arab Emirates,1,0,Arab Cup,Doha,Qatar,True,2021-11-19,29,1512.13,2021-11-19,70,1350.41,41,161.72000000000003,1,0
2021-12-07,Algeria,Egypt,1,1,Arab Cup,Al Wakrah,Qatar,True,2021-11-19,32,1508.54,2021-11-19,45,1449.51,13,59.02999999999997,0,1
2021-12-07,Jordan,Palestine,5,1,Arab Cup,Doha,Qatar,True,2021-11-19,91.0,1252.95,2021-11-19,98,1211.32,7.0,41.63000000000011,1,0
2021-12-07,Morocco,Saudi Arabia,1,0,Arab Cup,Doha,Qatar,True,2021-11-19,28,1525.5,2021-11-19,48,1441.17,20,84.32999999999993,1,0
2021-12-08,Mexico,Chile,2,2,Friendly,Austin,United States,True,2021-11-19,14,1638.76,2021-11-19,24,1541.33,10,97.43000000000006,0,1
2021-12-10,Qatar,United Arab Emirates,5,0,Arab Cup,Al Khor,Qatar,False,2021-11-19,51,1431.01,2021-11-19,70,1350.41,19,80.59999999999991,1,0
2021-12-10,Tunisia,Oman,2,1,Arab Cup,Al Rayyan,Qatar,True,2021-11-19,29,1512.13,2021-11-19,78,1307.09,49,205.0400000000002,1,0
2021-12-11,Egypt,Jordan,3,1,Arab Cup,Al Wakrah,Qatar,True,2021-11-19,45,1449.51,2021-11-19,91,1252.95,46,196.55999999999995,1,0
2021-12-11,Morocco,Algeria,2,2,Arab Cup,Doha,Qatar,True,2021-11-19,28,1525.5,2021-11-19,32,1508.54,4,16.960000000000036,0,1
2021-12-15,Qatar,Algeria,1,2,Arab Cup,Doha,Qatar,False,2021-11-19,51,1431.01,2021-11-19,32,1508.54,-19,-77.52999999999997,0,0
2021-12-15,Tunisia,Egypt,1,0,Arab Cup,Doha,Qatar,True,2021-11-19,29,1512.13,2021-11-19,45,1449.51,16,62.62000000000012,1,0
2021-12-18,Qatar,Egypt,0,0,Arab Cup,Doha,Qatar,False,2021-11-19,51,1431.01,2021-11-19,45,1449.51,-6,-18.5,0,1
2021-12-18,Tunisia,Algeria,0,2,Arab Cup,Al Khor,Qatar,True,2021-11-19,29,1512.13,2021-11-19,32,1508.54,3,3.5900000000001455,0,0
2021-12-18,United States,Bosnia and Herzegovina,1,0,Friendly,Los Angeles,United States,False,2021-11-19,12.0,1647.14,2021-11-19,61,1392.56,49.0,254.58000000000015,1,0
2022-01-05,Algeria,Ghana,3,0,Friendly,Al Rayyan,Qatar,True,2021-12-23,29,1516.51,2021-12-23,52,1428.97,23,87.53999999999996,1,0
2022-01-09,Ethiopia,Cape Verde,0,1,African Cup of Nations,Yaoundé,Cameroon,True,2021-12-23,137,1087.89,,,,,,0,0
2022-01-10,Morocco,Ghana,1,0,African Cup of Nations,Yaoundé,Cameroon,True,2021-12-23,28,1529.93,2021-12-23,52,1428.97,24,100.96000000000004,1,0
2022-01-10,Senegal,Zimbabwe,1,0,African Cup of Nations,Bafoussam,Cameroon,True,2021-12-23,20,1561.68,2021-12-23,121,1138.44,101,423.24,1,0
2022-01-11,Algeria,Sierra Leone,0,0,African Cup of Nations,Douala,Cameroon,True,2021-12-23,29,1516.51,2021-12-23,108,1174.12,79,342.3900000000001,0,1
2022-01-11,Nigeria,Egypt,1,0,African Cup of Nations,Garoua,Cameroon,True,2021-12-23,36,1478.78,2021-12-23,45,1451.77,9,27.00999999999999,1,0
2022-01-12,Equatorial Guinea,Ivory Coast,0,1,African Cup of Nations,Douala,Cameroon,True,2021-12-23,114,1156.78,,,,,,0,0
2022-01-12,Tunisia,Mali,0,1,African Cup of Nations,Limbé,Cameroon,True,2021-12-23,30,1512.72,2021-12-23,53,1427.98,23,84.74000000000001,0,0
2022-01-13,Cape Verde,Burkina Faso,0,1,African Cup of Nations,Yaoundé,Cameroon,True,,,,2021-12-23,60,1397.64,,,0,0
2022-01-14,Gabon,Ghana,1,1,African Cup of Nations,Yaoundé,Cameroon,True,2021-12-23,89,1262.0,2021-12-23,52,1428.97,-37,-166.97000000000003,0,1
2022-01-14,Morocco,Comoros,2,0,African Cup of Nations,Yaoundé,Cameroon,True,2021-12-23,28,1529.93,2021-12-23,132,1117.65,104,412.28,1,0
2022-01-14,Senegal,Guinea,0,0,African Cup of Nations,Bafoussam,Cameroon,True,2021-12-23,20,1561.68,2021-12-23,81,1298.32,61,263.3600000000001,0,1
2022-01-15,Guinea-Bissau,Egypt,0,1,African Cup of Nations,Garoua,Cameroon,True,2021-12-23,106,1177.14,2021-12-23,45,1451.77,-61,-274.6299999999999,0,0
2022-01-15,South Korea,Iceland,5,1,Friendly,Antalya,Turkey,True,2021-12-23,33,1507.24,2021-12-23,62,1385.21,29,122.02999999999997,1,0
2022-01-16,Algeria,Equatorial Guinea,0,1,African Cup of Nations,Douala,Cameroon,True,2021-12-23,29,1516.51,2021-12-23,114,1156.78,85,359.73,0,0
2022-01-16,Colombia,Honduras,2,1,Friendly,Fort Lauderdale,United States,True,2021-12-23,16,1607.15,2021-12-23,76,1332.16,60,274.99,1,0
2022-01-16,Ivory Coast,Sierra Leone,2,2,African Cup of Nations,Douala,Cameroon,True,,,,2021-12-23,108,1174.12,,,0,1
2022-01-16,Peru,Panama,1,1,Friendly,Lima,Peru,False,2021-12-23,22,1551.15,2021-12-23,63,1379.34,41,171.81000000000017,0,1
2022-01-16,Tunisia,Mauritania,4,0,African Cup of Nations,Limbé,Cameroon,True,2021-12-23,30,1512.72,2021-12-23,103,1190.26,73,322.46000000000004,1,0
2022-01-17,Cameroon,Cape Verde,1,1,African Cup of Nations,Yaoundé,Cameroon,False,2021-12-23,50,1437.35,,,,,,0,1
2022-01-18,Gabon,Morocco,2,2,African Cup of Nations,Yaoundé,Cameroon,True,2021-12-23,89,1262.0,2021-12-23,28,1529.93,-61,-267.93000000000006,0,1
2022-01-18,Ghana,Comoros,2,3,African Cup of Nations,Garoua,Cameroon,True,2021-12-23,52,1428.97,2021-12-23,132,1117.65,80,311.31999999999994,0,0
2022-01-18,Malawi,Senegal,0,0,African Cup of Nations,Bafoussam,Cameroon,True,2021-12-23,129,1127.21,2021-12-23,20,1561.68,-109,-434.47,0,1
2022-01-19,Egypt,Sudan,1,0,African Cup of Nations,Yaoundé,Cameroon,True,2021-12-23,45,1451.77,2021-12-23,125,1131.74,80,320.03,1,0
2022-01-20,Gambia,Tunisia,1,0,African Cup of Nations,Limbé,Cameroon,True,2021-12-23,150,1049.74,2021-12-23,30,1512.72,-120,-462.98,1,0
2022-01-20,Ivory Coast,Algeria,3,1,African Cup of Nations,Douala,Cameroon,True,,,,2021-12-23,29,1516.51,,,1,0
2022-01-20,South Korea,Moldova,4,0,Friendly,Antalya,Turkey,True,2021-12-23,33,1507.24,2021-12-23,181,928.35,148,578.89,1,0
2022-01-21,Iraq,Uganda,1,0,Friendly,Baghdad,Iraq,False,2021-12-23,75.0,1333.03,2021-12-23,82,1285.28,7.0,47.75,1,0
2022-01-23,Nigeria,Tunisia,0,1,African Cup of Nations,Garoua,Cameroon,True,2021-12-23,36,1478.78,2021-12-23,30,1512.72,-6,-33.940000000000055,0,0
2022-01-25,Morocco,Malawi,2,1,African Cup of Nations,Yaoundé,Cameroon,True,2021-12-23,28,1529.93,2021-12-23,129,1127.21,101,402.72,1,0
2022-01-25,Senegal,Cape Verde,2,0,African Cup of Nations,Bafoussam,Cameroon,True,2021-12-23,20,1561.68,,,,,,1,0
2022-01-26,Ivory Coast,Egypt,0,0,African Cup of Nations,Douala,Cameroon,True,,,,2021-12-23,45,1451.77,,,0,1
2022-01-27,Australia,Vietnam,4,0,FIFA World Cup qualification,Melbourne,Australia,False,2021-12-23,35,1484.88,2021-12-23,98,1212.54,63,272.34000000000015,1,0
2022-01-27,Chile,Argentina,1,2,FIFA World Cup qualification,Calama,Chile,False,2021-12-23,24,1543.42,2021-12-23,5,1750.51,-19,-207.08999999999992,0,0
2022-01-27,Costa Rica,Panama,1,0,FIFA World Cup qualification,San José,Costa Rica,False,2021-12-23,49,1437.43,2021-12-23,63,1379.34,14,58.090000000000146,1,0
2022-01-27,Ecuador,Brazil,1,1,FIFA World Cup qualification,Quito,Ecuador,False,2021-12-23,46,1448.27,2021-12-23,2,1826.35,-44,-378.0799999999999,0,1
2022-01-27,Honduras,Canada,0,2,FIFA World Cup qualification,San Pedro Sula,Honduras,False,2021-12-23,76,1332.16,2021-12-23,40,1462.32,-36,-130.15999999999985,0,0
2022-01-27,Iran,Iraq,1,0,FIFA World Cup qualification,Tehran,Iran,False,2021-12-23,21,1557.58,2021-12-23,75.0,1333.03,54.0,224.54999999999995,1,0
2022-01-27,Jamaica,Mexico,1,2,FIFA World Cup qualification,Kingston,Jamaica,False,2021-12-23,57,1412.13,2021-12-23,14,1638.3,-43,-226.16999999999985,0,0
2022-01-27,Japan,China,2,0,FIFA World Cup qualification,Saitama,Japan,False,2021-12-23,26,1531.53,,,,,,1,0
2022-01-27,Lebanon,South Korea,0,1,FIFA World Cup qualification,Sidon,Lebanon,False,2021-12-23,95,1233.0,2021-12-23,33,1507.24,-62,-274.24,0,0
2022-01-27,Paraguay,Uruguay,0,1,FIFA World Cup qualification,Asunción,Paraguay,False,2021-12-23,43,1454.52,2021-12-23,17,1596.66,-26,-142.1400000000001,0,0
2022-01-27,Saudi Arabia,Oman,1,0,FIFA World Cup qualification,Jeddah,Saudi Arabia,False,2021-12-23,51,1434.71,2021-12-23,79,1306.01,28,128.70000000000005,1,0
2022-01-27,United States,El Salvador,1,0,FIFA World Cup qualification,Columbus,United States,False,2021-12-23,11.0,1648.51,2021-12-23,70,1349.47,59.0,299.03999999999996,1,0
2022-01-27,Uzbekistan,South Sudan,3,0,Friendly,Dubai,United Arab Emirates,True,2021-12-23,84,1274.58,2021-12-23,167,980.25,83,294.3299999999999,1,0
2022-01-28,Colombia,Peru,0,1,FIFA World Cup qualification,Barranquilla,Colombia,False,2021-12-23,16,1607.15,2021-12-23,22,1551.15,6,56.0,0,0
2022-01-28,Jordan,New Zealand,3,1,Friendly,Abu Dhabi,United Arab Emirates,True,2021-12-23,90.0,1255.69,2021-12-23,110,1165.81,20.0,89.88000000000011,1,0
2022-01-29,Burkina Faso,Tunisia,1,0,African Cup of Nations,Garoua,Cameroon,True,2021-12-23,60,1397.64,2021-12-23,30,1512.72,-30,-115.07999999999993,1,0
2022-01-30,Canada,United States,2,0,FIFA World Cup qualification,Hamilton,Canada,False,2021-12-23,40,1462.32,2021-12-23,11,1648.51,-29,-186.19000000000005,1,0
2022-01-30,Egypt,Morocco,2,1,African Cup of Nations,Yaoundé,Cameroon,True,2021-12-23,45,1451.77,2021-12-23,28,1529.93,-17,-78.16000000000008,1,0
2022-01-30,Mexico,Costa Rica,0,0,FIFA World Cup qualification,Mexico City,Mexico,False,2021-12-23,14,1638.3,2021-12-23,49,1437.43,35,200.8699999999999,0,1
2022-01-30,Panama,Jamaica,3,2,FIFA World Cup qualification,Panama City,Panama,False,2021-12-23,63.0,1379.34,2021-12-23,57,1412.13,-6.0,-32.79000000000019,1,0
2022-01-30,Senegal,Equatorial Guinea,3,1,African Cup of Nations,Yaoundé,Cameroon,True,2021-12-23,20,1561.68,2021-12-23,114,1156.78,94,404.9000000000001,1,0
2022-02-01,Argentina,Colombia,1,0,FIFA World Cup qualification,Córdoba,Argentina,False,2021-12-23,5,1750.51,2021-12-23,16,1607.15,11,143.3599999999999,1,0
2022-02-01,Bahrain,DR Congo,1,0,Friendly,Riffa,Bahrain,False,2021-12-23,91,1252.19,2021-12-23,64,1375.64,-27,-123.45000000000005,1,0
2022-02-01,Brazil,Paraguay,4,0,FIFA World Cup qualification,Belo Horizonte,Brazil,False,2021-12-23,2,1826.35,2021-12-23,43,1454.52,41,371.8299999999999,1,0
2022-02-01,Iran,United Arab Emirates,1,0,FIFA World Cup qualification,Tehran,Iran,False,2021-12-23,21,1557.58,2021-12-23,69,1350.39,48,207.18999999999983,1,0
2022-02-01,Japan,Saudi Arabia,2,0,FIFA World Cup qualification,Saitama,Japan,False,2021-12-23,26,1531.53,2021-12-23,51,1434.71,25,96.81999999999994,1,0
2022-02-01,Lebanon,Iraq,1,1,FIFA World Cup qualification,Sidon,Lebanon,False,2021-12-23,95,1233.0,2021-12-23,75.0,1333.03,-20.0,-100.02999999999997,0,1
2022-02-01,Oman,Australia,2,2,FIFA World Cup qualification,Muscat,Oman,False,2021-12-23,79,1306.01,2021-12-23,35,1484.88,-44,-178.87000000000012,0,1
2022-02-01,Peru,Ecuador,1,1,FIFA World Cup qualification,Lima,Peru,False,2021-12-23,22,1551.15,2021-12-23,46,1448.27,24,102.88000000000011,0,1
2022-02-01,Syria,South Korea,0,2,FIFA World Cup qualification,Dubai,United Arab Emirates,True,2021-12-23,86,1268.54,2021-12-23,33,1507.24,-53,-238.70000000000005,0,0
2022-02-01,Uruguay,Venezuela,4,1,FIFA World Cup qualification,Montevideo,Uruguay,False,2021-12-23,17,1596.66,2021-12-23,59,1409.14,42,187.51999999999998,1,0
2022-02-02,Burkina Faso,Senegal,1,3,African Cup of Nations,Yaoundé,Cameroon,True,2021-12-23,60,1397.64,2021-12-23,20,1561.68,-40,-164.03999999999996,0,0
2022-02-02,El Salvador,Canada,0,2,FIFA World Cup qualification,San Salvador,El Salvador,False,2021-12-23,70,1349.47,2021-12-23,40,1462.32,-30,-112.84999999999991,0,0
2022-02-02,Mexico,Panama,1,0,FIFA World Cup qualification,Mexico City,Mexico,False,2021-12-23,14,1638.3,2021-12-23,63,1379.34,49,258.96000000000004,1,0
2022-02-02,United States,Honduras,3,0,FIFA World Cup qualification,Saint Paul,United States,False,2021-12-23,11.0,1648.51,2021-12-23,76,1332.16,65.0,316.3499999999999,1,0
2022-02-03,Cameroon,Egypt,0,0,African Cup of Nations,Yaoundé,Cameroon,False,2021-12-23,50,1437.35,2021-12-23,45,1451.77,-5,-14.420000000000073,0,1
2022-02-06,Senegal,Egypt,0,0,African Cup of Nations,Yaoundé,Cameroon,True,2021-12-23,20,1561.68,2021-12-23,45,1451.77,25,109.91000000000008,0,1
2022-03-18,Iraq,Zambia,3,1,Friendly,Baghdad,Iraq,False,2022-02-10,74.0,1325.44,2022-02-10,88,1264.64,14.0,60.799999999999955,1,0
2022-03-18,Papua New Guinea,New Zealand,0,1,FIFA World Cup qualification,Doha,Qatar,True,2022-02-10,165,990.55,2022-02-10,111,1161.66,-54,-171.11000000000013,0,0
2022-03-21,New Zealand,Fiji,4,0,FIFA World Cup qualification,Doha,Qatar,True,2022-02-10,111,1161.66,2022-02-10,162,996.27,51,165.3900000000001,1,0
2022-03-23,Guadeloupe,Cape Verde,0,2,Friendly,Orléans,France,True,,,,,,,,,0,0
2022-03-24,Australia,Japan,0,2,FIFA World Cup qualification,Sydney,Australia,False,2022-02-10,37,1486.86,2022-02-10,23,1549.82,-14,-62.960000000000036,0,0
2022-03-24,Brazil,Chile,4,0,FIFA World Cup qualification,Rio de Janeiro,Brazil,False,2022-02-10,2,1823.42,2022-02-10,26,1543.16,24,280.26,1,0
2022-03-24,China,Saudi Arabia,1,1,FIFA World Cup qualification,Sharjah,United Arab Emirates,True,,,,2022-02-10,53,1433.95,,,0,1
2022-03-24,Colombia,Bolivia,3,0,FIFA World Cup qualification,Barranquilla,Colombia,False,2022-02-10,19,1585.89,2022-02-10,76,1308.12,57,277.7700000000002,1,0
2022-03-24,Costa Rica,Canada,1,0,FIFA World Cup qualification,San José,Costa Rica,False,2022-02-10,42,1464.06,2022-02-10,33,1497.82,-9,-33.75999999999999,1,0
2022-03-24,Iraq,United Arab Emirates,1,0,FIFA World Cup qualification,Riyadh,Saudi Arabia,True,2022-02-10,74.0,1325.44,2022-02-10,69,1353.1,-5.0,-27.659999999999854,1,0
2022-03-24,Mexico,United States,0,0,FIFA World Cup qualification,Mexico City,Mexico,False,2022-02-10,12,1647.9,2022-02-10,13,1643.34,1,4.560000000000173,0,1
2022-03-24,New Zealand,New Caledonia,7,1,FIFA World Cup qualification,Doha,Qatar,True,2022-02-10,111,1161.66,2022-02-10,153,1035.12,42,126.54000000000019,1,0
2022-03-24,Panama,Honduras,1,1,FIFA World Cup qualification,Panama City,Panama,False,2022-02-10,63.0,1375.56,2022-02-10,78,1303.96,15.0,71.59999999999991,0,1
2022-03-24,Paraguay,Ecuador,3,1,FIFA World Cup qualification,Ciudad del Este,Paraguay,False,2022-02-10,50,1440.53,2022-02-10,44,1458.63,-6,-18.100000000000136,1,0
2022-03-24,Portugal,Turkey,3,1,FIFA World Cup qualification,Porto,Portugal,False,2022-02-10,8,1660.25,,,,,,1,0
2022-03-24,Scotland,Poland,1,1,Friendly,Glasgow,Scotland,False,2022-02-10,40,1471.82,2022-02-10,28,1530.62,-12,-58.799999999999955,0,1
2022-03-24,South Korea,Iran,2,0,FIFA World Cup qualification,Seoul,South Korea,False,2022-02-10,29,1522.85,2022-02-10,21,1572.89,-8,-50.04000000000019,1,0
2022-03-24,Sweden,Czech Republic,1,0,FIFA World Cup qualification,Stockholm,Sweden,False,2022-02-10,17,1588.26,2022-02-10,31,1510.42,14,77.83999999999992,1,0
2022-03-24,Uruguay,Peru,1,0,FIFA World Cup qualification,Montevideo,Uruguay,False,2022-02-10,16,1614.05,2022-02-10,22,1563.45,6,50.59999999999991,1,0
2022-03-24,Wales,Austria,2,1,FIFA World Cup qualification,Cardiff,Wales,False,2022-02-10,20,1578.01,2022-02-10,30,1511.56,10,66.45000000000005,1,0
2022-03-25,Argentina,Venezuela,3,0,FIFA World Cup qualification,Buenos Aires,Argentina,False,2022-02-10,4,1766.99,2022-02-10,58,1411.45,54,355.53999999999996,1,0
2022-03-25,Bosnia and Herzegovina,Georgia,0,1,Friendly,Zenica,Bosnia and Herzegovina,False,2022-02-10,59,1391.19,2022-02-10,86,1269.24,27,121.95000000000005,0,0
2022-03-25,Cameroon,Algeria,0,1,FIFA World Cup qualification,Douala,Cameroon,False,2022-02-10,38,1480.82,2022-02-10,43,1460.93,5,19.889999999999873,0,0
2022-03-25,Cape Verde,Liechtenstein,6,0,Friendly,San Pedro del Pinatar,Spain,True,,,,2022-02-10,191,899.52,,,1,0
2022-03-25,DR Congo,Morocco,1,1,FIFA World Cup qualification,Kinshasa,DR Congo,False,2022-02-10,66,1369.53,2022-02-10,24,1547.42,-42,-177.8900000000001,0,1
2022-03-25,Egypt,Senegal,1,0,FIFA World Cup qualification,Cairo,Egypt,False,2022-02-10,34,1497.05,2022-02-10,18,1587.78,-16,-90.73000000000002,1,0
2022-03-25,France,Ivory Coast,2,1,Friendly,Marseille,France,False,2022-02-10,3,1786.15,,,,,,1,0
2022-03-25,Ghana,Nigeria,0,0,FIFA World Cup qualification,Kumasi,Ghana,False,2022-02-10,61,1381.45,2022-02-10,32,1509.91,-29,-128.46000000000004,0,1
2022-03-25,Mali,Tunisia,0,1,FIFA World Cup qualification,Bamako,Mali,False,2022-02-10,48,1446.49,2022-02-10,36,1489.92,-12,-43.430000000000064,0,0
2022-03-25,Norway,Slovakia,2,0,Friendly,Oslo,Norway,False,2022-02-10,45,1455.43,2022-02-10,46,1455.36,1,0.07000000000016371,1,0
2022-03-25,South Africa,Guinea,0,0,Friendly,Kortrijk,Belgium,True,2022-02-10,68,1358.24,2022-02-10,81,1292.58,13,65.66000000000008,0,1
2022-03-25,Uzbekistan,Kyrgyzstan,3,1,Navruz Cup,Namangan,Uzbekistan,False,2022-02-10,85,1277.02,,,,,,1,0
2022-03-26,Croatia,Slovenia,1,1,Friendly,Al Rayyan,Qatar,True,2022-02-10,15,1620.74,2022-02-10,64,1375.42,49,245.31999999999994,0,1
2022-03-26,England,Switzerland,2,1,Friendly,London,England,False,2022-02-10,5,1755.52,2022-02-10,14,1642.83,9,112.69000000000005,1,0
2022-03-26,Germany,Israel,2,0,Friendly,Sinsheim,Germany,False,2022-02-10,11,1648.33,2022-02-10,77,1306.7,66,341.6299999999999,1,0
2022-03-26,Netherlands,Denmark,4,2,Friendly,Amsterdam,Netherlands,False,2022-02-10,10,1653.73,2022-02-10,9,1654.54,-1,-0.8099999999999454,1,0
2022-03-26,Qatar,Bulgaria,2,1,Friendly,Al Rayyan,Qatar,False,2022-02-10,52,1437.91,2022-02-10,71,1345.47,19,92.44000000000005,1,0
2022-03-26,Republic of Ireland,Belgium,2,2,Friendly,Dublin,Republic of Ireland,False,2022-02-10,49,1444.29,2022-02-10,1,1828.45,-48,-384.1600000000001,0,1
2022-03-26,Spain,Albania,2,1,Friendly,Barcelona,Spain,False,2022-02-10,7,1704.75,2022-02-10,65,1374.98,58,329.77,1,0
2022-03-27,Canada,Jamaica,4,0,FIFA World Cup qualification,Toronto,Canada,False,2022-02-10,33,1497.82,2022-02-10,62,1378.62,29,119.20000000000005,1,0
2022-03-27,Guatemala,Haiti,2,1,Friendly,Fort Lauderdale,United States,True,2022-02-10,123,1138.4,2022-02-10,87,1268.05,-36,-129.64999999999986,1,0
2022-03-27,Honduras,Mexico,0,1,FIFA World Cup qualification,San Pedro Sula,Honduras,False,2022-02-10,78,1303.96,2022-02-10,12,1647.9,-66,-343.94000000000005,0,0
2022-03-27,New Zealand,Tahiti,1,0,FIFA World Cup qualification,Doha,Qatar,True,2022-02-10,111,1161.66,2022-02-10,159,1014.27,48,147.3900000000001,1,0
2022-03-27,United States,Panama,5,1,FIFA World Cup qualification,Orlando,United States,False,2022-02-10,13.0,1643.34,2022-02-10,63,1375.56,50.0,267.78,1,0
2022-03-28,Cape Verde,San Marino,2,0,Friendly,San Pedro del Pinatar,Spain,True,,,,2022-02-10,210,780.33,,,1,0
2022-03-29,Algeria,Cameroon,1,2,FIFA World Cup qualification,Blida,Algeria,False,2022-02-10,43,1460.93,2022-02-10,38,1480.82,-5,-19.889999999999873,0,0
2022-03-29,Austria,Scotland,2,2,Friendly,Vienna,Austria,False,2022-02-10,30,1511.56,2022-02-10,40,1471.82,10,39.74000000000001,0,1
2022-03-29,Belgium,Burkina Faso,3,0,Friendly,Anderlecht,Belgium,False,2022-02-10,1,1828.45,2022-02-10,56,1418.58,55,409.8700000000001,1,0
2022-03-29,Bolivia,Brazil,0,4,FIFA World Cup qualification,La Paz,Bolivia,False,2022-02-10,76,1308.12,2022-02-10,2,1823.42,-74,-515.3000000000002,0,0
2022-03-29,Bosnia and Herzegovina,Luxembourg,1,0,Friendly,Zenica,Bosnia and Herzegovina,False,2022-02-10,59,1391.19,2022-02-10,93,1236.45,34,154.74,1,0
2022-03-29,Chile,Uruguay,0,2,FIFA World Cup qualification,Santiago,Chile,False,2022-02-10,26,1543.16,2022-02-10,16,1614.05,-10,-70.88999999999987,0,0
2022-03-29,Croatia,Bulgaria,2,1,Friendly,Al Rayyan,Qatar,True,2022-02-10,15,1620.74,2022-02-10,71,1345.47,56,275.27,1,0
2022-03-29,Ecuador,Argentina,1,1,FIFA World Cup qualification,Guayaquil,Ecuador,False,2022-02-10,44,1458.63,2022-02-10,4,1766.99,-40,-308.3599999999999,0,1
2022-03-29,England,Ivory Coast,3,0,Friendly,London,England,False,2022-02-10,5,1755.52,,,,,,1,0
2022-03-29,France,South Africa,5,0,Friendly,Villeneuve D'Ascq,Algeria,True,2022-02-10,3,1786.15,2022-02-10,68,1358.24,65,427.9100000000001,1,0
2022-03-29,Iran,Lebanon,2,0,FIFA World Cup qualification,Mashhad,Iran,False,2022-02-10,21,1572.89,2022-02-10,95,1228.97,74,343.9200000000001,1,0
2022-03-29,Japan,Vietnam,1,1,FIFA World Cup qualification,Saitama,Japan,False,2022-02-10,23,1549.82,2022-02-10,98,1218.55,75,331.27,0,1
2022-03-29,Morocco,DR Congo,4,1,FIFA World Cup qualification,Casablanca,Morocco,False,2022-02-10,24,1547.42,2022-02-10,66,1369.53,42,177.8900000000001,1,0
2022-03-29,Netherlands,Germany,1,1,Friendly,Amsterdam,Netherlands,False,2022-02-10,10,1653.73,2022-02-10,11,1648.33,1,5.400000000000091,0,1
2022-03-29,Nigeria,Ghana,1,1,FIFA World Cup qualification,Abuja,Nigeria,False,2022-02-10,32,1509.91,2022-02-10,61,1381.45,29,128.46000000000004,0,1
2022-03-29,Norway,Armenia,9,0,Friendly,Oslo,Norway,False,2022-02-10,45,1455.43,2022-02-10,92,1242.24,47,213.19000000000005,1,0
2022-03-29,Peru,Paraguay,2,0,FIFA World Cup qualification,Lima,Peru,False,2022-02-10,22,1563.45,2022-02-10,50,1440.53,28,122.92000000000007,1,0
2022-03-29,Poland,Sweden,2,0,FIFA World Cup qualification,Chorzów,Poland,False,2022-02-10,28,1530.62,2022-02-10,17,1588.26,-11,-57.6400000000001,1,0
2022-03-29,Portugal,North Macedonia,2,0,FIFA World Cup qualification,Porto,Portugal,False,2022-02-10,8,1660.25,2022-02-10,67,1367.23,59,293.02,1,0
2022-03-29,Qatar,Slovenia,0,0,Friendly,Al Rayyan,Qatar,False,2022-02-10,52,1437.91,2022-02-10,64,1375.42,12,62.49000000000001,0,1
2022-03-29,Saudi Arabia,Australia,1,0,FIFA World Cup qualification,Jeddah,Saudi Arabia,False,2022-02-10,53,1433.95,2022-02-10,37,1486.86,-16,-52.909999999999854,1,0
2022-03-29,Senegal,Egypt,1,0,FIFA World Cup qualification,Diamniadio,Senegal,False,2022-02-10,18,1587.78,2022-02-10,34,1497.05,16,90.73000000000002,1,0
2022-03-29,Spain,Iceland,5,0,Friendly,La Coruña,Spain,False,2022-02-10,7,1704.75,2022-02-10,60,1382.81,53,321.94000000000005,1,0
2022-03-29,Switzerland,Kosovo,1,1,Friendly,Zürich,Switzerland,False,2022-02-10,14,1642.83,2022-02-10,109,1163.05,95,479.78,0,1
2022-03-29,Syria,Iraq,1,1,FIFA World Cup qualification,Dubai,United Arab Emirates,True,2022-02-10,91,1251.22,2022-02-10,74.0,1325.44,-17.0,-74.22000000000003,0,1
2022-03-29,Tunisia,Mali,0,0,FIFA World Cup qualification,Tunis,Tunisia,False,2022-02-10,36,1489.92,2022-02-10,48,1446.49,12,43.430000000000064,0,1
2022-03-29,Turkey,Italy,2,3,Friendly,Konya,Turkey,False,,,,2022-02-10,6,1740.77,,,0,0
2022-03-29,United Arab Emirates,South Korea,1,0,FIFA World Cup qualification,Dubai,United Arab Emirates,False,2022-02-10,69.0,1353.1,2022-02-10,29,1522.85,-40.0,-169.75,1,0
2022-03-29,Uzbekistan,Uganda,4,2,Navruz Cup,Namangan,Uzbekistan,False,2022-02-10,85,1277.02,2022-02-10,84,1279.18,-1,-2.160000000000082,1,0
2022-03-29,Venezuela,Colombia,0,1,FIFA World Cup qualification,Guayana,Venezuela,False,2022-02-10,58,1411.45,2022-02-10,19,1585.89,-39,-174.44000000000005,0,0
2022-03-29,Wales,Czech Republic,1,1,Friendly,Cardiff,Wales,False,2022-02-10,20,1578.01,2022-02-10,31,1510.42,11,67.58999999999992,0,1
2022-03-30,Costa Rica,United States,2,0,FIFA World Cup qualification,San José,Costa Rica,False,2022-02-10,42,1464.06,2022-02-10,13,1643.34,-29,-179.27999999999997,1,0
2022-03-30,Mexico,El Salvador,2,0,FIFA World Cup qualification,Mexico City,Mexico,False,2022-02-10,12,1647.9,2022-02-10,70,1346.04,58,301.8600000000001,1,0
2022-03-30,Panama,Canada,1,0,FIFA World Cup qualification,Panama City,Panama,False,2022-02-10,63.0,1375.56,2022-02-10,33,1497.82,-30.0,-122.25999999999999,1,0
2022-03-30,Solomon Islands,New Zealand,0,5,FIFA World Cup qualification,Doha,Qatar,True,2022-02-10,142,1072.78,2022-02-10,111,1161.66,-31,-88.88000000000011,0,0
2022-04-27,Mexico,Guatemala,0,0,Friendly,Orlando,United States,True,2022-03-31,9,1658.82,2022-03-31,118,1147.85,109,510.97,0,1
2022-05-28,India,Jordan,0,2,Friendly,Doha,Qatar,True,2022-03-31,106,1174.04,2022-03-31,91,1259.84,-15,-85.79999999999995,0,0
2022-05-28,Mexico,Nigeria,2,1,Friendly,Arlington,United States,True,2022-03-31,9,1658.82,2022-03-31,30,1504.01,21,154.80999999999995,1,0
2022-06-01,Australia,Jordan,2,1,Friendly,Al Wakrah,Qatar,True,2022-03-31,42,1462.29,2022-03-31,91,1259.84,49,202.45000000000005,1,0
2022-06-01,Ghana,Madagascar,3,0,African Cup of Nations qualification,Cape Coast,Ghana,False,2022-03-31,60,1387.36,2022-03-31,102,1205.61,42,181.75,1,0
2022-06-01,Italy,Argentina,0,3,CONMEBOL–UEFA Cup of Champions,Paris,France,True,2022-03-31,6,1723.31,2022-03-31,4,1765.13,-2,-41.820000000000164,0,0
2022-06-01,Scotland,Ukraine,1,3,FIFA World Cup qualification,Glasgow,Scotland,False,2022-03-31,39,1472.66,2022-03-31,27,1535.08,-12,-62.419999999999845,0,0
2022-06-01,United States,Morocco,3,0,Friendly,Cincinnati,United States,False,2022-03-31,15.0,1633.72,2022-03-31,24,1551.88,9.0,81.83999999999992,1,0
2022-06-02,Czech Republic,Switzerland,2,1,UEFA Nations League,Prague,Czech Republic,False,2022-03-31,33,1500.62,2022-03-31,14,1635.32,-19,-134.70000000000005,1,0
2022-06-02,Ecuador,Nigeria,1,0,Friendly,Harrison,United States,True,2022-03-31,46,1452.63,2022-03-31,30,1504.01,-16,-51.37999999999988,1,0
2022-06-02,Japan,Paraguay,4,1,Friendly,Sapporo,Japan,False,2022-03-31,23,1553.44,2022-03-31,50,1443.3,27,110.1400000000001,1,0
2022-06-02,Mexico,Uruguay,0,3,Friendly,Glendale,United States,True,2022-03-31,9,1658.82,2022-03-31,13,1635.73,4,23.089999999999918,0,0
2022-06-02,Panama,Costa Rica,2,0,CONCACAF Nations League,Panama City,Panama,False,2022-03-31,61.0,1382.79,2022-03-31,31,1503.09,-30.0,-120.29999999999995,1,0
2022-06-02,Serbia,Norway,0,1,UEFA Nations League,Belgrade,Serbia,False,2022-03-31,25,1547.53,2022-03-31,41,1463.5,16,84.02999999999997,0,0
2022-06-02,Slovenia,Sweden,0,2,UEFA Nations League,Ljubljana,Slovenia,False,2022-03-31,65,1378.23,2022-03-31,19,1584.77,-46,-206.53999999999996,0,0
2022-06-02,South Korea,Brazil,1,5,Friendly,Seoul,South Korea,False,2022-03-31,29,1519.54,2022-03-31,1,1832.69,-28,-313.1500000000001,0,0
2022-06-02,Spain,Portugal,1,1,UEFA Nations League,Seville,Spain,False,2022-03-31,7,1709.19,2022-03-31,8,1674.78,1,34.41000000000008,0,1
2022-06-02,Tunisia,Equatorial Guinea,4,0,African Cup of Nations qualification,Radès,Tunisia,False,2022-03-31,35,1499.8,2022-03-31,99,1210.07,64,289.73,1,0
2022-06-03,Belgium,Netherlands,1,4,UEFA Nations League,Brussels,Belgium,False,2022-03-31,2,1827.0,2022-03-31,10,1658.66,8,168.33999999999992,0,0
2022-06-03,Burkina Faso,Cape Verde,2,0,African Cup of Nations qualification,Marrakech,Morocco,True,2022-03-31,56,1409.61,,,,,,1,0
2022-06-03,Croatia,Austria,0,3,UEFA Nations League,Osijek,Croatia,False,2022-03-31,16,1621.11,2022-03-31,34,1500.37,18,120.74000000000001,0,0
2022-06-03,Curaçao,Honduras,0,1,CONCACAF Nations League,Willemstad,Curaçao,False,,,,2022-03-31,82,1289.47,,,0,0
2022-06-03,France,Denmark,1,2,UEFA Nations League,Paris,France,False,2022-03-31,3,1789.85,2022-03-31,11,1653.6,8,136.25,0,0
2022-06-03,Ivory Coast,Zambia,3,1,African Cup of Nations qualification,Yamoussoukro,Ivory Coast,False,,,,2022-03-31,87,1267.04,,,1,0
2022-06-04,Algeria,Uganda,2,0,African Cup of Nations qualification,Algiers,Algeria,False,2022-03-31,44,1461.26,2022-03-31,86,1275.5,42,185.76,1,0
2022-06-04,Bermuda,Haiti,0,0,CONCACAF Nations League,Devonshire Parish,Bermuda,False,2022-03-31,167,982.43,2022-03-31,90,1261.86,-77,-279.42999999999995,0,1
2022-06-04,DR Congo,Gabon,0,1,African Cup of Nations qualification,Kinshasa,DR Congo,False,2022-03-31,67,1365.07,2022-03-31,81,1290.65,14,74.41999999999985,0,0
2022-06-04,Finland,Bosnia and Herzegovina,1,1,UEFA Nations League,Helsinki,Finland,False,2022-03-31,57,1406.87,2022-03-31,59,1388.63,2,18.23999999999978,0,1
2022-06-04,Hungary,England,1,0,UEFA Nations League,Budapest,Hungary,False,2022-03-31,40,1466.08,2022-03-31,5,1761.71,-35,-295.6300000000001,1,0
2022-06-04,Italy,Germany,1,1,UEFA Nations League,Bologna,Italy,False,2022-03-31,6,1723.31,2022-03-31,12,1650.53,6,72.77999999999997,0,1
2022-06-04,Senegal,Benin,3,1,African Cup of Nations qualification,Diamniadio,Senegal,False,2022-03-31,20,1584.16,2022-03-31,84,1284.13,64,300.03,1,0
2022-06-04,Turkey,Faroe Islands,4,0,UEFA Nations League,Istanbul,Turkey,False,,,,2022-03-31,124,1137.4,,,1,0
2022-06-05,Argentina,Estonia,5,0,Friendly,Pamplona,Spain,True,2022-03-31,4,1765.13,2022-03-31,110,1169.06,106,596.0700000000002,1,0
2022-06-05,Botswana,Tunisia,0,0,African Cup of Nations qualification,Francistown,Botswana,False,2022-03-31,148,1051.59,2022-03-31,35,1499.8,-113,-448.21000000000004,0,1
2022-06-05,Central African Republic,Ghana,1,1,African Cup of Nations qualification,Luanda,Angola,True,2022-03-31,131,1122.08,2022-03-31,60,1387.36,-71,-265.28,0,1
2022-06-05,Czech Republic,Spain,2,2,UEFA Nations League,Prague,Czech Republic,False,2022-03-31,33,1500.62,2022-03-31,7,1709.19,-26,-208.57000000000016,0,1
2022-06-05,Egypt,Guinea,1,0,African Cup of Nations qualification,Cairo,Egypt,False,2022-03-31,32,1500.67,2022-03-31,80,1293.21,48,207.46000000000004,1,0
2022-06-05,Mexico,Ecuador,0,0,Friendly,Chicago,United States,True,2022-03-31,9,1658.82,2022-03-31,46,1452.63,37,206.18999999999983,0,1
2022-06-05,Peru,New Zealand,1,0,Friendly,Barcelona,Spain,True,2022-03-31,22,1562.32,2022-03-31,101,1206.07,79,356.25,1,0
2022-06-05,Portugal,Switzerland,4,0,UEFA Nations League,Lisbon,Portugal,False,2022-03-31,8,1674.78,2022-03-31,14,1635.32,6,39.460000000000036,1,0
2022-06-05,Saudi Arabia,Colombia,0,1,Friendly,Murcia,Spain,True,2022-03-31,49,1444.69,2022-03-31,17,1600.52,-32,-155.82999999999993,0,0
2022-06-05,Sweden,Norway,1,2,UEFA Nations League,Stockholm,Sweden,False,2022-03-31,19,1584.77,2022-03-31,41,1463.5,22,121.26999999999998,0,0
2022-06-05,United States,Uruguay,0,0,Friendly,Kansas City,United States,False,2022-03-31,15.0,1633.72,2022-03-31,13,1635.73,-2.0,-2.009999999999991,0,1
2022-06-06,Austria,Denmark,1,2,UEFA Nations League,Vienna,Austria,False,2022-03-31,34,1500.37,2022-03-31,11,1653.6,-23,-153.23000000000002,0,0
2022-06-06,Croatia,France,1,1,UEFA Nations League,Split,Croatia,False,2022-03-31,16,1621.11,2022-03-31,3,1789.85,-13,-168.74,0,1
2022-06-06,Honduras,Curaçao,1,2,CONCACAF Nations League,San Pedro Sula,Honduras,False,2022-03-31,82,1289.47,,,,,,0,0
2022-06-06,Japan,Brazil,0,1,Friendly,Tokyo,Japan,False,2022-03-31,23,1553.44,2022-03-31,1,1832.69,-22,-279.25,0,0
2022-06-06,South Korea,Chile,2,0,Friendly,Daejeon,South Korea,False,2022-03-31,29,1519.54,2022-03-31,28,1526.4,-1,-6.860000000000127,1,0
2022-06-07,Bosnia and Herzegovina,Romania,1,0,UEFA Nations League,Zenica,Bosnia and Herzegovina,False,2022-03-31,59,1388.63,2022-03-31,48,1446.54,-11,-57.909999999999854,1,0
2022-06-07,Cape Verde,Togo,2,0,African Cup of Nations qualification,Marrakech,Morocco,True,,,,2022-03-31,121,1140.0,,,1,0
2022-06-07,Germany,England,1,1,UEFA Nations League,Munich,Germany,False,2022-03-31,12,1650.53,2022-03-31,5,1761.71,-7,-111.18000000000006,0,1
2022-06-07,Haiti,Montserrat,3,2,CONCACAF Nations League,Santo Domingo,Dominican Republic,True,2022-03-31,90,1261.86,2022-03-31,178,950.71,88,311.14999999999986,1,0
2022-06-07,Lithuania,Turkey,0,6,UEFA Nations League,Vilnius,Lithuania,False,2022-03-31,138,1092.04,,,,,,0,0
2022-06-07,Senegal,Rwanda,1,0,African Cup of Nations qualification,Diamniadio,Senegal,False,2022-03-31,20,1584.16,2022-03-31,136,1097.16,116,487.0,1,0
2022-06-07,United Arab Emirates,Australia,1,2,FIFA World Cup qualification,Al Rayyan,Qatar,True,2022-03-31,68.0,1356.99,2022-03-31,42,1462.29,-26.0,-105.29999999999995,0,0
2022-06-08,Belgium,Poland,6,1,UEFA Nations League,Brussels,Belgium,False,2022-03-31,2,1827.0,2022-03-31,26,1544.2,24,282.79999999999995,1,0
2022-06-08,Jordan,Nepal,2,0,AFC Asian Cup qualification,Kuwait City,Kuwait,True,2022-03-31,91.0,1259.84,2022-03-31,168,978.86,77.0,280.9799999999999,1,0
2022-06-08,Scotland,Armenia,2,0,UEFA Nations League,Glasgow,Scotland,False,2022-03-31,39,1472.66,2022-03-31,92,1245.13,53,227.52999999999997,1,0
2022-06-08,Sudan,DR Congo,2,1,African Cup of Nations qualification,Omdurman,Sudan,False,2022-03-31,132,1118.4,2022-03-31,67,1365.07,-65,-246.66999999999985,1,0
2022-06-08,Tanzania,Algeria,0,2,African Cup of Nations qualification,Dar es Salaam,Tanzania,False,2022-03-31,130,1123.79,2022-03-31,44,1461.26,-86,-337.47,0,0
2022-06-08,Uzbekistan,Sri Lanka,3,0,AFC Asian Cup qualification,Namangan,Uzbekistan,False,2022-03-31,83,1286.55,2022-03-31,205,842.93,122,443.62,1,0
2022-06-08,Wales,Netherlands,1,2,UEFA Nations League,Cardiff,Wales,False,2022-03-31,18,1588.08,2022-03-31,10,1658.66,-8,-70.58000000000015,0,0
2022-06-09,Canada,Curaçao,4,0,CONCACAF Nations League,Vancouver,Canada,False,2022-03-31,38,1479.0,,,,,,1,0
2022-06-09,Ethiopia,Egypt,2,0,African Cup of Nations qualification,Lilongwe,Malawi,True,2022-03-31,140,1076.67,2022-03-31,32,1500.67,-108,-424.0,1,0
2022-06-09,Lesotho,Ivory Coast,0,0,African Cup of Nations qualification,Soweto,South Africa,True,2022-03-31,145,1061.72,,,,,,0,1
2022-06-09,Morocco,South Africa,2,1,African Cup of Nations qualification,Rabat,Morocco,False,2022-03-31,24,1551.88,2022-03-31,69,1356.01,45,195.87000000000012,1,0
2022-06-09,New Zealand,Oman,0,0,Friendly,Al Rayyan,Qatar,True,2022-03-31,101,1206.07,2022-03-31,75,1324.16,-26,-118.09000000000015,0,1
2022-06-09,Norway,Slovenia,0,0,UEFA Nations League,Oslo,Norway,False,2022-03-31,41,1463.5,2022-03-31,65,1378.23,24,85.26999999999998,0,1
2022-06-09,Panama,Martinique,5,0,CONCACAF Nations League,Panama City,Panama,False,2022-03-31,61.0,1382.79,,,,,,1,0
2022-06-09,Portugal,Czech Republic,2,0,UEFA Nations League,Lisbon,Portugal,False,2022-03-31,8,1674.78,2022-03-31,33,1500.62,25,174.16000000000008,1,0
2022-06-09,Saudi Arabia,Venezuela,0,1,Friendly,Murcia,Spain,True,2022-03-31,49,1444.69,2022-03-31,58,1398.14,9,46.549999999999955,0,0
2022-06-09,Sweden,Serbia,0,1,UEFA Nations League,Stockholm,Sweden,False,2022-03-31,19,1584.77,2022-03-31,25.0,1547.53,6.0,37.24000000000001,0,0
2022-06-09,Switzerland,Spain,0,1,UEFA Nations League,Geneva,Switzerland,False,2022-03-31,14,1635.32,2022-03-31,7,1709.19,-7,-73.87000000000012,0,0
2022-06-10,Austria,France,1,1,UEFA Nations League,Vienna,Austria,False,2022-03-31,34,1500.37,2022-03-31,3,1789.85,-31,-289.48,0,1
2022-06-10,Chile,Tunisia,0,2,Kirin Cup,Kobe,Japan,True,2022-03-31,28,1526.4,2022-03-31,35,1499.8,7,26.600000000000136,0,0
2022-06-10,Denmark,Croatia,0,1,UEFA Nations League,Copenhagen,Denmark,False,2022-03-31,11,1653.6,2022-03-31,16,1621.11,5,32.49000000000001,0,0
2022-06-10,Japan,Ghana,4,1,Kirin Cup,Kobe,Japan,False,2022-03-31,23,1553.44,2022-03-31,60,1387.36,37,166.08000000000015,1,0
2022-06-10,South Korea,Paraguay,2,2,Friendly,Suwon,South Korea,False,2022-03-31,29,1519.54,2022-03-31,50,1443.3,21,76.24000000000001,0,1
2022-06-10,United States,Grenada,5,0,CONCACAF Nations League,Austin,United States,False,2022-03-31,15.0,1633.72,2022-03-31,170,968.49,155.0,665.23,1,0
2022-06-11,Ecuador,Cape Verde,1,0,Friendly,Fort Lauderdale,United States,True,2022-03-31,46,1452.63,,,,,,1,0
2022-06-11,England,Italy,0,0,UEFA Nations League,Wolverhampton,England,False,2022-03-31,5,1761.71,2022-03-31,6,1723.31,1,38.40000000000009,0,1
2022-06-11,Guyana,Haiti,2,6,CONCACAF Nations League,Leonora,Guyana,False,2022-03-31,174,961.07,2022-03-31,90,1261.86,-84,-300.78999999999985,0,0
2022-06-11,Hungary,Germany,1,1,UEFA Nations League,Budapest,Hungary,False,2022-03-31,40,1466.08,2022-03-31,12,1650.53,-28,-184.45000000000005,0,1
2022-06-11,Indonesia,Jordan,0,1,AFC Asian Cup qualification,Kuwait City,Kuwait,True,2022-03-31,159,1001.61,2022-03-31,91,1259.84,-68,-258.2299999999999,0,0
2022-06-11,Luxembourg,Turkey,0,2,UEFA Nations League,Luxembourg,Luxembourg,False,2022-03-31,94,1229.6,,,,,,0,0
2022-06-11,Mexico,Suriname,3,0,CONCACAF Nations League,Torreón,Mexico,False,2022-03-31,9,1658.82,2022-03-31,141,1073.39,132,585.4299999999998,1,0
2022-06-11,Montenegro,Bosnia and Herzegovina,1,1,UEFA Nations League,Podgorica,Montenegro,False,2022-03-31,70,1342.79,2022-03-31,59,1388.63,-11,-45.840000000000146,0,1
2022-06-11,Netherlands,Poland,2,2,UEFA Nations League,Rotterdam,Netherlands,False,2022-03-31,10,1658.66,2022-03-31,26,1544.2,16,114.46000000000004,0,1
2022-06-11,Republic of Ireland,Scotland,3,0,UEFA Nations League,Dublin,Republic of Ireland,False,2022-03-31,47,1449.48,2022-03-31,39,1472.66,-8,-23.180000000000064,1,0
2022-06-11,Uruguay,Panama,5,0,Friendly,Montevideo,Uruguay,False,2022-03-31,13,1635.73,2022-03-31,61,1382.79,48,252.94000000000005,1,0
2022-06-11,Uzbekistan,Maldives,4,0,AFC Asian Cup qualification,Namangan,Uzbekistan,False,2022-03-31,83,1286.55,2022-03-31,156,1025.5,73,261.04999999999995,1,0
2022-06-11,Wales,Belgium,1,1,UEFA Nations League,Cardiff,Wales,False,2022-03-31,18,1588.08,2022-03-31,2,1827.0,-16,-238.92000000000007,0,1
2022-06-12,Iran,Algeria,1,2,Friendly,Doha,Qatar,True,2022-03-31,21,1564.49,2022-03-31,44,1461.26,23,103.23000000000002,0,0
2022-06-12,Martinique,Panama,0,0,CONCACAF Nations League,Fort-de-France,Martinique,False,,,,2022-03-31,61,1382.79,,,0,1
2022-06-12,Norway,Sweden,3,2,UEFA Nations League,Oslo,Norway,False,2022-03-31,41,1463.5,2022-03-31,19,1584.77,-22,-121.26999999999998,1,0
2022-06-12,Spain,Czech Republic,2,0,UEFA Nations League,Málaga,Spain,False,2022-03-31,7,1709.19,2022-03-31,33,1500.62,26,208.57000000000016,1,0
2022-06-12,Switzerland,Portugal,1,0,UEFA Nations League,Geneva,Switzerland,False,2022-03-31,14,1635.32,2022-03-31,8,1674.78,-6,-39.460000000000036,1,0
2022-06-13,Australia,Peru,0,0,FIFA World Cup qualification,Al Rayyan,Qatar,True,2022-03-31,42,1462.29,2022-03-31,22,1562.32,-20,-100.02999999999997,0,1
2022-06-13,Denmark,Austria,2,0,UEFA Nations League,Copenhagen,Denmark,False,2022-03-31,11,1653.6,2022-03-31,34,1500.37,23,153.23000000000002,1,0
2022-06-13,France,Croatia,0,1,UEFA Nations League,Paris,France,False,2022-03-31,3,1789.85,2022-03-31,16,1621.11,13,168.74,0,0
2022-06-13,Honduras,Canada,2,1,CONCACAF Nations League,San Pedro Sula,Honduras,False,2022-03-31,82,1289.47,2022-03-31,38,1479.0,-44,-189.52999999999997,1,0
2022-06-13,Morocco,Liberia,2,0,African Cup of Nations qualification,Casablanca,Morocco,False,2022-03-31,24,1551.88,2022-03-31,149,1050.5,125,501.3800000000001,1,0
2022-06-14,Armenia,Scotland,1,4,UEFA Nations League,Yerevan,Armenia,False,2022-03-31,92,1245.13,2022-03-31,39,1472.66,-53,-227.52999999999997,0,0
2022-06-14,Bosnia and Herzegovina,Finland,3,2,UEFA Nations League,Zenica,Bosnia and Herzegovina,False,2022-03-31,59,1388.63,2022-03-31,57,1406.87,-2,-18.23999999999978,1,0
2022-06-14,Chile,Ghana,0,0,Kirin Cup,Suita,Japan,True,2022-03-31,28,1526.4,2022-03-31,60,1387.36,32,139.0400000000002,0,1
2022-06-14,Costa Rica,New Zealand,1,0,FIFA World Cup qualification,Al Rayyan,Qatar,True,2022-03-31,31,1503.09,2022-03-31,101,1206.07,70,297.02,1,0
2022-06-14,El Salvador,United States,1,1,CONCACAF Nations League,San Salvador,El Salvador,False,2022-03-31,74,1331.65,2022-03-31,15,1633.72,-59,-302.06999999999994,0,1
2022-06-14,England,Hungary,0,4,UEFA Nations League,Wolverhampton,England,False,2022-03-31,5,1761.71,2022-03-31,40,1466.08,35,295.6300000000001,0,0
2022-06-14,Germany,Italy,5,2,UEFA Nations League,Mönchengladbach,Germany,False,2022-03-31,12,1650.53,2022-03-31,6,1723.31,-6,-72.77999999999997,1,0
2022-06-14,Haiti,Guyana,6,0,CONCACAF Nations League,Santo Domingo,Dominican Republic,True,2022-03-31,90,1261.86,2022-03-31,174,961.07,84,300.78999999999985,1,0
2022-06-14,Jamaica,Mexico,1,1,CONCACAF Nations League,Kingston,Jamaica,False,2022-03-31,64,1378.75,2022-03-31,9,1658.82,-55,-280.06999999999994,0,1
2022-06-14,Japan,Tunisia,0,3,Kirin Cup,Suita,Japan,False,2022-03-31,23,1553.44,2022-03-31,35,1499.8,12,53.6400000000001,0,0
2022-06-14,Kuwait,Jordan,0,3,AFC Asian Cup qualification,Kuwait City,Kuwait,False,2022-03-31,146,1059.94,2022-03-31,91,1259.84,-55,-199.89999999999986,0,0
2022-06-14,Netherlands,Wales,3,2,UEFA Nations League,Rotterdam,Netherlands,False,2022-03-31,10,1658.66,2022-03-31,18,1588.08,8,70.58000000000015,1,0
2022-06-14,Poland,Belgium,0,1,UEFA Nations League,Warsaw,Poland,False,2022-03-31,26,1544.2,2022-03-31,2,1827.0,-24,-282.79999999999995,0,0
2022-06-14,South Korea,Egypt,4,1,Friendly,Seoul,South Korea,False,2022-03-31,29,1519.54,2022-03-31,32,1500.67,3,18.86999999999989,1,0
2022-06-14,Turkey,Lithuania,2,0,UEFA Nations League,İzmir,Turkey,False,,,,2022-03-31,138,1092.04,,,1,0
2022-06-14,Uzbekistan,Thailand,2,0,AFC Asian Cup qualification,Namangan,Uzbekistan,False,2022-03-31,83,1286.55,2022-03-31,111,1167.68,28,118.86999999999989,1,0
2022-07-13,Senegal,Eswatini,1,1,COSAFA Cup,KwaMashu,South Africa,True,2022-06-23,18,1593.45,2022-06-23,144,1066.92,126,526.53,0,1
2022-07-13,South Africa,Mozambique,0,0,COSAFA Cup,KwaMashu,South Africa,False,2022-06-23,68,1347.91,2022-06-23,118,1160.55,50,187.36000000000013,0,1
2022-07-15,South Africa,Madagascar,2,1,COSAFA Cup,Sugar Ray Xulu Stadium,South Africa,False,2022-06-23,68,1347.91,2022-06-23,105,1196.03,37,151.8800000000001,1,0
2022-07-15,Zambia,Senegal,4,3,COSAFA Cup,Durban,South Africa,True,2022-06-23,88,1268.18,2022-06-23,18,1593.45,-70,-325.27,1,0
2022-07-17,Mozambique,Senegal,1,1,COSAFA Cup,Moses Mabhida Stadium,South Africa,True,2022-06-23,118,1160.55,2022-06-23,18,1593.45,-100,-432.9000000000001,0,1
2022-07-17,South Africa,Botswana,2,1,COSAFA Cup,Sugar Ray Xulu Stadium,South Africa,False,2022-06-23,68,1347.91,2022-06-23,149,1050.32,81,297.59000000000015,1,0
2022-07-19,Japan,Hong Kong,6,0,EAFF Championship,Kashima,Japan,False,2022-06-23,24,1552.77,2022-06-23,145,1061.15,121,491.6199999999999,1,0
2022-07-20,China,South Korea,0,3,EAFF Championship,Toyota,Japan,True,,,,2022-06-23,28,1526.2,,,0,0
2022-07-24,Japan,China,0,0,EAFF Championship,Toyota,Japan,False,2022-06-23,24,1552.77,,,,,,0,1
2022-07-24,South Korea,Hong Kong,3,0,EAFF Championship,Toyota,Japan,True,2022-06-23,28,1526.2,2022-06-23,145,1061.15,117,465.04999999999995,1,0
2022-07-27,Japan,South Korea,3,0,EAFF Championship,Toyota,Japan,False,2022-06-23,24,1552.77,2022-06-23,28,1526.2,4,26.569999999999936,1,0
2022-08-31,Mexico,Paraguay,0,1,Friendly,Atlanta,United States,True,2022-08-25,12,1649.57,2022-08-25,50,1440.13,38,209.43999999999983,0,0
2022-09-21,Scotland,Ukraine,3,0,UEFA Nations League,Glasgow,Scotland,False,2022-08-25,45,1462.96,2022-08-25,27,1542.79,-18,-79.82999999999993,1,0
2022-09-22,Australia,New Zealand,1,0,Friendly,Brisbane,Australia,False,2022-08-25,39,1483.73,2022-08-25,103,1198.96,64,284.77,1,0
2022-09-22,Belgium,Wales,2,1,UEFA Nations League,Brussels,Belgium,False,2022-08-25,2,1821.92,2022-08-25,19,1582.13,17,239.78999999999996,1,0
2022-09-22,Comoros,Tunisia,0,1,Friendly,Orléans,France,True,2022-08-25,127,1127.44,2022-08-25,30,1507.86,-97,-380.41999999999985,0,0
2022-09-22,Croatia,Denmark,2,1,UEFA Nations League,Zagreb,Croatia,False,2022-08-25,15,1632.15,2022-08-25,10,1665.47,-5,-33.319999999999936,1,0
2022-09-22,France,Austria,2,0,UEFA Nations League,Paris,France,False,2022-08-25,4,1764.85,2022-08-25,33,1502.47,29,262.3799999999999,1,0
2022-09-22,Poland,Netherlands,0,2,UEFA Nations League,Warsaw,Poland,False,2022-08-25,26,1546.18,2022-08-25,8,1679.41,-18,-133.23000000000002,0,0
2022-09-22,Turkey,Luxembourg,3,3,UEFA Nations League,Istanbul,Turkey,False,,,,2022-08-25,93,1235.36,,,0,1
2022-09-23,Algeria,Guinea,1,0,Friendly,Oran,Algeria,False,2022-08-25,41,1480.59,2022-08-25,83,1294.89,42,185.69999999999982,1,0
2022-09-23,Argentina,Honduras,3,0,Friendly,Miami Gardens,United States,True,2022-08-25,3,1770.65,2022-08-25,80,1299.69,77,470.96000000000004,1,0
2022-09-23,Bahrain,Cape Verde,1,2,Friendly,Riffa,Bahrain,False,2022-08-25,85,1289.25,,,,,,0,0
2022-09-23,Bosnia and Herzegovina,Montenegro,1,0,UEFA Nations League,Zenica,Bosnia and Herzegovina,False,2022-08-25,57,1403.98,2022-08-25,67,1354.59,10,49.3900000000001,1,0
2022-09-23,Brazil,Ghana,3,0,Friendly,Le Havre,France,True,2022-08-25,1,1837.56,2022-08-25,60,1393.47,59,444.0899999999999,1,0
2022-09-23,Cameroon,Uzbekistan,0,2,Friendly,Goyang,South Korea,True,2022-08-25,38,1484.95,2022-08-25,77.0,1306.63,39.0,178.31999999999994,0,0
2022-09-23,Canada,Qatar,2,0,Friendly,Vienna,Austria,True,2022-08-25,43,1473.82,2022-08-25,48,1441.97,5,31.84999999999991,1,0
2022-09-23,DR Congo,Burkina Faso,0,1,Friendly,Casablanca,Morocco,True,2022-08-25,72,1332.84,2022-08-25,55,1425.64,-17,-92.80000000000018,0,0
2022-09-23,Egypt,Niger,3,0,Friendly,Alexandria,Egypt,False,2022-08-25,40,1482.63,2022-08-25,119,1155.23,79,327.4000000000001,1,0
2022-09-23,Germany,Hungary,0,1,UEFA Nations League,Leipzig,Germany,False,2022-08-25,11,1658.96,2022-08-25,37,1486.76,26,172.20000000000005,0,0
2022-09-23,Iran,Uruguay,1,0,Friendly,Sankt Pölten,Austria,True,2022-08-25,22,1558.64,2022-08-25,13,1640.95,-9,-82.30999999999995,1,0
2022-09-23,Iraq,Oman,1,1,Jordan International Tournament,Amman,Jordan,True,2022-08-25,70.0,1338.91,2022-08-25,75,1323.03,5.0,15.88000000000011,0,1
2022-09-23,Italy,England,1,0,UEFA Nations League,Milan,Italy,False,2022-08-25,7,1713.86,2022-08-25,5,1737.46,-2,-23.600000000000136,1,0
2022-09-23,Japan,United States,2,0,Kirin Challenge Cup,Düsseldorf,Germany,True,2022-08-25,24,1554.69,2022-08-25,14,1635.01,-10,-80.31999999999994,1,0
2022-09-23,Jordan,Syria,2,0,Jordan International Tournament,Amman,Jordan,False,2022-08-25,86.0,1279.74,2022-08-25,89,1265.03,3.0,14.710000000000036,1,0
2022-09-23,Morocco,Chile,2,0,Friendly,Barcelona,Spain,True,2022-08-25,23,1558.35,2022-08-25,29,1514.86,6,43.49000000000001,1,0
2022-09-23,Paraguay,United Arab Emirates,1,0,Friendly,Wiener Neustadt,Austria,True,2022-08-25,50,1440.13,2022-08-25,69,1346.09,19,94.04000000000019,1,0
2022-09-23,Saudi Arabia,Ecuador,0,0,Friendly,Murcia,Spain,True,2022-08-25,53,1435.74,2022-08-25,44,1463.74,-9,-28.0,0,1
2022-09-23,South Korea,Costa Rica,2,2,Friendly,Goyang,South Korea,False,2022-08-25,28,1526.02,2022-08-25,34,1500.06,6,25.960000000000036,0,1
2022-09-24,Bolivia,Senegal,0,2,Friendly,Orléans,France,True,2022-08-25,81,1298.81,2022-08-25,18,1584.59,-63,-285.78,0,0
2022-09-24,Colombia,Guatemala,4,1,Friendly,Harrison,United States,True,2022-08-25,17,1604.07,2022-08-25,118,1161.96,101,442.1099999999999,1,0
2022-09-24,Czech Republic,Portugal,0,4,UEFA Nations League,Prague,Czech Republic,False,2022-08-25,32,1502.9,2022-08-25,9,1678.65,-23,-175.75,0,0
2022-09-24,Indonesia,Curaçao,3,2,Friendly,Bandung,Indonesia,False,2022-08-25,155,1019.19,,,,,,1,0
2022-09-24,Ivory Coast,Togo,2,1,Friendly,Rouen,France,True,,,,2022-08-25,126,1130.22,,,1,0
2022-09-24,Mexico,Peru,1,0,Friendly,Pasadena,United States,True,2022-08-25,12,1649.57,2022-08-25,21,1562.24,9,87.32999999999993,1,0
2022-09-24,Scotland,Republic of Ireland,2,1,UEFA Nations League,Glasgow,Scotland,False,2022-08-25,45,1462.96,2022-08-25,47,1442.48,2,20.480000000000018,1,0
2022-09-24,Serbia,Sweden,4,1,UEFA Nations League,Belgrade,Serbia,False,2022-08-25,25,1549.53,2022-08-25,20,1563.44,-5,-13.910000000000082,1,0
2022-09-24,Slovenia,Norway,2,1,UEFA Nations League,Ljubljana,Slovenia,False,2022-08-25,65,1372.48,2022-08-25,36,1488.57,-29,-116.08999999999992,1,0
2022-09-24,South Africa,Sierra Leone,4,0,Friendly,Johannesburg,South Africa,False,2022-08-25,68,1350.55,2022-08-25,113,1169.71,45,180.83999999999992,1,0
2022-09-24,Spain,Switzerland,1,2,UEFA Nations League,Zaragoza,Spain,False,2022-08-25,6,1716.93,2022-08-25,16,1621.43,10,95.5,0,0
2022-09-25,Austria,Croatia,1,3,UEFA Nations League,Vienna,Austria,False,2022-08-25,33,1502.47,2022-08-25,15,1632.15,-18,-129.68000000000006,0,0
2022-09-25,Denmark,France,2,0,UEFA Nations League,Copenhagen,Denmark,False,2022-08-25,10,1665.47,2022-08-25,4,1764.85,-6,-99.37999999999988,1,0
2022-09-25,Faroe Islands,Turkey,2,1,UEFA Nations League,Tórshavn,Faroe Islands,False,2022-08-25,125,1136.29,,,,,,1,0
2022-09-25,Netherlands,Belgium,1,0,UEFA Nations League,Amsterdam,Netherlands,False,2022-08-25,8,1679.41,2022-08-25,2,1821.92,-6,-142.51,1,0
2022-09-25,New Zealand,Australia,0,2,Friendly,Auckland,New Zealand,False,2022-08-25,103,1198.96,2022-08-25,39,1483.73,-64,-284.77,0,0
2022-09-26,England,Germany,3,3,UEFA Nations League,London,England,False,2022-08-25,5,1737.46,2022-08-25,11,1658.96,6,78.5,0,1
2022-09-26,Iraq,Syria,1,0,Jordan International Tournament,Amman,Jordan,True,2022-08-25,70.0,1338.91,2022-08-25,89,1265.03,19.0,73.88000000000011,1,0
2022-09-26,Jordan,Oman,1,0,Jordan International Tournament,Amman,Jordan,False,2022-08-25,86.0,1279.74,2022-08-25,75,1323.03,-11.0,-43.289999999999964,1,0
2022-09-26,Romania,Bosnia and Herzegovina,4,1,UEFA Nations League,Bucharest,Romania,False,2022-08-25,54,1427.84,2022-08-25,57,1403.98,3,23.8599999999999,1,0
2022-09-27,Algeria,Nigeria,2,1,Friendly,Oran,Algeria,False,2022-08-25,41,1480.59,2022-08-25,31,1504.7,-10,-24.110000000000127,1,0
2022-09-27,Argentina,Jamaica,3,0,Friendly,Harrison,United States,True,2022-08-25,3,1770.65,2022-08-25,62,1382.06,59,388.59000000000015,1,0
2022-09-27,Bahrain,Panama,0,2,Friendly,Riffa,Bahrain,False,2022-08-25,85,1289.25,2022-08-25,61,1389.27,-24,-100.01999999999998,0,0
2022-09-27,Brazil,Tunisia,5,1,Friendly,Paris,France,True,2022-08-25,1,1837.56,2022-08-25,30,1507.86,29,329.70000000000005,1,0
2022-09-27,Canada,Uruguay,0,2,Friendly,Bratislava,Slovakia,True,2022-08-25,43,1473.82,2022-08-25,13,1640.95,-30,-167.1300000000001,0,0
2022-09-27,Costa Rica,Uzbekistan,2,1,Friendly,Suwon,South Korea,True,2022-08-25,34,1500.06,2022-08-25,77.0,1306.63,43.0,193.42999999999984,1,0
2022-09-27,DR Congo,Sierra Leone,3,0,Friendly,Casablanca,Morocco,True,2022-08-25,72,1332.84,2022-08-25,113,1169.71,41,163.12999999999988,1,0
2022-09-27,Ecuador,Japan,0,0,Kirin Challenge Cup,Düsseldorf,Germany,True,2022-08-25,44,1463.74,2022-08-25,24,1554.69,-20,-90.95000000000005,0,1
2022-09-27,Egypt,Liberia,3,0,Friendly,Alexandria,Egypt,False,2022-08-25,40,1482.63,2022-08-25,150,1051.25,110,431.3800000000001,1,0
2022-09-27,Ghana,Nicaragua,1,0,Friendly,Lorca,Spain,True,2022-08-25,60,1393.47,2022-08-25,139,1079.18,79,314.28999999999996,1,0
2022-09-27,Indonesia,Curaçao,2,1,Friendly,Cibinong,Indonesia,False,2022-08-25,155,1019.19,,,,,,1,0
2022-09-27,Iran,Senegal,1,1,Friendly,Maria Enzersdorf,Austria,True,2022-08-25,22,1558.64,2022-08-25,18,1584.59,-4,-25.949999999999818,0,1
2022-09-27,Ivory Coast,Guinea,3,1,Friendly,Amiens,France,True,,,,2022-08-25,83,1294.89,,,1,0
2022-09-27,Mexico,Colombia,2,3,Friendly,Santa Clara,United States,True,2022-08-25,12,1649.57,2022-08-25,17,1604.07,5,45.5,0,0
2022-09-27,Norway,Serbia,0,2,UEFA Nations League,Oslo,Norway,False,2022-08-25,36,1488.57,2022-08-25,25.0,1549.53,-11.0,-60.960000000000036,0,0
2022-09-27,Paraguay,Morocco,0,0,Friendly,Seville,Spain,True,2022-08-25,50,1440.13,2022-08-25,23,1558.35,-27,-118.2199999999998,0,1
2022-09-27,Portugal,Spain,0,1,UEFA Nations League,Braga,Portugal,False,2022-08-25,9,1678.65,2022-08-25,6,1716.93,-3,-38.27999999999997,0,0
2022-09-27,Qatar,Chile,2,2,Friendly,Vienna,Austria,True,2022-08-25,48,1441.97,2022-08-25,29,1514.86,-19,-72.88999999999987,0,1
2022-09-27,Saudi Arabia,United States,0,0,Friendly,Murcia,Spain,True,2022-08-25,53,1435.74,2022-08-25,14,1635.01,-39,-199.26999999999998,0,1
2022-09-27,South Africa,Botswana,1,0,Friendly,Johannesburg,South Africa,False,2022-08-25,68,1350.55,2022-08-25,146,1060.17,78,290.3799999999999,1,0
2022-09-27,South Korea,Cameroon,1,0,Friendly,Seoul,South Korea,False,2022-08-25,28,1526.02,2022-08-25,38,1484.95,10,41.069999999999936,1,0
2022-09-27,Sweden,Slovenia,1,1,UEFA Nations League,Stockholm,Sweden,False,2022-08-25,20,1563.44,2022-08-25,65,1372.48,45,190.96000000000004,0,1
2022-09-27,Switzerland,Czech Republic,2,1,UEFA Nations League,St. Gallen,Switzerland,False,2022-08-25,16,1621.43,2022-08-25,32,1502.9,16,118.52999999999997,1,0
2022-09-27,Ukraine,Scotland,0,0,UEFA Nations League,Kraków,Poland,True,2022-08-25,27,1542.79,2022-08-25,45,1462.96,18,79.82999999999993,0,1
2022-10-22,Saudi Arabia,North Macedonia,1,0,Friendly,Abu Dhabi,United Arab Emirates,True,2022-10-06,51,1437.78,2022-10-06,65,1358.51,14,79.26999999999998,1,0
2022-10-23,Qatar,Guatemala,2,0,Friendly,Málaga,Spain,True,2022-10-06,50,1439.89,2022-10-06,118,1156.7,68,283.19000000000005,1,0
2022-10-26,Saudi Arabia,Albania,1,1,Friendly,Abu Dhabi,United Arab Emirates,True,2022-10-06,51,1437.78,2022-10-06,66,1354.11,15,83.67000000000007,0,1
2022-10-27,Qatar,Honduras,1,0,Friendly,Marbella,Spain,True,2022-10-06,50,1439.89,2022-10-06,80,1301.98,30,137.91000000000008,1,0
2022-10-30,Saudi Arabia,Honduras,0,0,Friendly,Abu Dhabi,United Arab Emirates,True,2022-10-06,51,1437.78,2022-10-06,80,1301.98,29,135.79999999999995,0,1
2022-11-06,Saudi Arabia,Iceland,1,0,Friendly,Abu Dhabi,United Arab Emirates,True,2022-10-06,51,1437.78,2022-10-06,62,1384.41,11,53.36999999999989,1,0
2022-11-07,Qatar,Panama,2,1,Friendly,Marbella,Spain,True,2022-10-06,50,1439.89,2022-10-06,60,1393.28,10,46.61000000000013,1,0
2022-11-09,Albania,Qatar,0,1,Friendly,Marbella,Spain,True,2022-10-06,66,1354.11,2022-10-06,50,1439.89,-16,-85.7800000000002,0,0
2022-11-09,Mexico,Iraq,4,0,Friendly,Girona,Spain,True,2022-10-06,13,1644.89,2022-10-06,68.0,1343.01,55.0,301.8800000000001,1,0
2022-11-10,Iran,Nicaragua,1,0,Friendly,Tehran,Iran,False,2022-10-06,20,1564.61,2022-10-06,142,1071.83,122,492.78,1,0
2022-11-10,Saudi Arabia,Panama,1,1,Friendly,Abu Dhabi,United Arab Emirates,True,2022-10-06,51,1437.78,2022-10-06,60,1393.28,9,44.5,0,1
2022-11-11,Bahrain,Canada,2,2,Friendly,Isa Town,Bahrain,False,2022-10-06,85,1280.64,2022-10-06,41,1475.0,-44,-194.3599999999999,0,1
2022-11-11,South Korea,Iceland,1,0,Friendly,Hwaseong,South Korea,False,2022-10-06,28,1530.3,2022-10-06,62,1384.41,34,145.88999999999987,1,0
2022-11-12,Iraq,Ecuador,0,0,Friendly,Madrid,Spain,True,2022-10-06,68.0,1343.01,2022-10-06,44,1464.39,-24.0,-121.38000000000011,0,1
2022-11-13,Syria,Algeria,0,1,Friendly,Sharjah,United Arab Emirates,True,2022-10-06,90,1255.92,2022-10-06,37,1489.1,-53,-233.17999999999984,0,0
2022-11-15,Venezuela,Panama,2,2,Friendly,Al Hamriyah,United Arab Emirates,True,2022-10-06,57,1404.37,2022-10-06,60,1393.28,3,11.089999999999918,0,1
2022-11-16,Algeria,Mali,1,1,Friendly,Oran,Algeria,False,2022-10-06,37,1489.1,2022-10-06,46,1448.85,9,40.25,0,1
2022-11-16,Andorra,Austria,0,1,Friendly,Málaga,Spain,True,2022-10-06,151,1035.2,2022-10-06,34,1492.95,-117,-457.75,0,0
2022-11-16,Czech Republic,Faroe Islands,5,0,Friendly,Olomouc,Czech Republic,False,2022-10-06,35,1492.21,2022-10-06,122,1147.17,87,345.03999999999996,1,0
2022-11-16,Iran,Tunisia,0,2,Friendly,Doha,Qatar,True,2022-10-06,20,1564.61,2022-10-06,30,1507.54,10,57.069999999999936,0,0
2022-11-16,Ivory Coast,Burundi,4,0,Friendly,Marrakech,Morocco,True,,,,2022-10-06,141,1076.26,,,1,0
2022-11-16,Mexico,Sweden,1,2,Friendly,Girona,Spain,True,2022-10-06,13,1644.89,2022-10-06,25,1553.33,12,91.56000000000017,0,0
2022-11-16,Oman,Germany,0,1,Friendly,Muscat,Oman,False,2022-10-06,75,1320.29,2022-10-06,11,1650.21,-64,-329.9200000000001,0,0
2022-11-16,Peru,Paraguay,1,0,Friendly,Lima,Peru,False,2022-10-06,23,1561.01,2022-10-06,47,1448.77,24,112.24000000000001,1,0
2022-11-16,Saudi Arabia,Croatia,0,1,Friendly,Riyadh,Saudi Arabia,False,2022-10-06,51,1437.78,2022-10-06,12,1645.64,-39,-207.86000000000013,0,0
2022-11-16,Turkey,Scotland,2,1,Friendly,Diyarbakir,Turkey,False,,,,2022-10-06,40,1479.53,,,1,0
2022-11-16,United Arab Emirates,Argentina,0,5,Friendly,Abu Dhabi,United Arab Emirates,False,2022-10-06,70.0,1337.57,2022-10-06,3,1773.88,-67.0,-436.3100000000002,0,0
2022-11-16,Uzbekistan,Kazakhstan,2,0,Friendly,Tashkent,Uzbekistan,False,2022-10-06,77,1309.98,2022-10-06,113,1166.63,36,143.3499999999999,1,0
2022-11-17,Japan,Canada,1,2,Friendly,Dubai,United Arab Emirates,True,2022-10-06,24,1559.54,2022-10-06,41,1475.0,17,84.53999999999996,0,0
2022-11-17,Jordan,Spain,1,3,Friendly,Amman,Jordan,False,2022-10-06,84.0,1289.99,2022-10-06,7,1715.22,-77.0,-425.23,0,0
2022-11-17,Morocco,Georgia,3,0,Friendly,Sharjah,United Arab Emirates,True,2022-10-06,22,1563.5,2022-10-06,78,1307.34,56,256.1600000000001,1,0
2022-11-17,Portugal,Nigeria,4,0,Friendly,Lisbon,Portugal,False,2022-10-06,9,1676.56,2022-10-06,32,1498.47,23,178.08999999999992,1,0
2022-11-17,Republic of Ireland,Norway,1,2,Friendly,Dublin,Republic of Ireland,False,2022-10-06,49,1440.19,2022-10-06,42,1473.04,-7,-32.84999999999991,0,0
2022-11-17,South Africa,Mozambique,2,1,Friendly,Mbombela,South Africa,False,2022-10-06,67,1349.59,2022-10-06,114,1165.22,47,184.3699999999999,1,0
2022-11-17,Switzerland,Ghana,0,2,Friendly,Abu Dhabi,United Arab Emirates,True,2022-10-06,15,1635.92,2022-10-06,61,1393.0,46,242.92000000000007,0,0
2022-11-18,Cameroon,Panama,1,1,Friendly,Abu Dhabi,United Arab Emirates,True,2022-10-06,43,1471.44,2022-10-06,60,1393.28,17,78.16000000000008,0,1
2022-11-18,Egypt,Belgium,2,1,Friendly,Kuwait City,Kuwait,True,2022-10-06,39,1486.44,2022-10-06,2,1816.71,-37,-330.27,1,0
2022-11-19,Colombia,Paraguay,2,0,Friendly,Fort Lauderdale,United States,True,2022-10-06,17,1611.04,2022-10-06,47,1448.77,30,162.26999999999998,1,0
2022-11-19,Ivory Coast,Burkina Faso,1,2,Friendly,Marrakech,Morocco,True,,,,2022-10-06,54,1432.25,,,0,0
2022-11-19,Sweden,Algeria,2,0,Friendly,Malmö,Sweden,False,2022-10-06,25,1553.33,2022-10-06,37,1489.1,12,64.23000000000002,1,0
2022-11-19,Turkey,Czech Republic,2,1,Friendly,Gaziantep,Turkey,False,,,,2022-10-06,35,1492.21,,,1,0
2022-11-20,Austria,Italy,2,0,Friendly,Vienna,Austria,False,2022-10-06,34,1492.95,2022-10-06,6,1726.14,-28,-233.19000000000005,1,0
2022-11-20,Norway,Finland,1,1,Friendly,Oslo,Norway,False,2022-10-06,42,1473.04,2022-10-06,56,1405.6,14,67.44000000000005,0,1
2022-11-20,Qatar,Ecuador,0,2,FIFA World Cup,Al Khor,Qatar,False,2022-10-06,50,1439.89,2022-10-06,44,1464.39,-6,-24.5,0,0
2022-11-20,South Africa,Angola,1,1,Friendly,Mbombela,South Africa,False,2022-10-06,67,1349.59,2022-10-06,119,1155.9,52,193.68999999999983,0,1
2022-11-20,Uzbekistan,Russia,0,0,Friendly,Tashkent,Uzbekistan,False,2022-10-06,77,1309.98,2022-10-06,33,1496.11,-44,-186.12999999999988,0,1
2022-11-21,England,Iran,6,2,FIFA World Cup,Al Rayyan,Qatar,True,2022-10-06,5,1728.47,2022-10-06,20,1564.61,15,163.86000000000013,1,0
2022-11-21,Senegal,Netherlands,0,2,FIFA World Cup,Doha,Qatar,True,2022-10-06,18,1584.38,2022-10-06,8,1694.51,-10,-110.12999999999988,0,0
2022-11-21,United States,Wales,1,1,FIFA World Cup,Al Rayyan,Qatar,True,2022-10-06,16.0,1627.48,2022-10-06,19,1569.82,3.0,57.66000000000008,0,1
2022-11-22,Argentina,Saudi Arabia,1,2,FIFA World Cup,Lusail,Qatar,True,2022-10-06,3,1773.88,2022-10-06,51,1437.78,48,336.10000000000014,0,0
2022-11-22,Denmark,Tunisia,0,0,FIFA World Cup,Al Rayyan,Qatar,True,2022-10-06,10,1666.57,2022-10-06,30,1507.54,20,159.02999999999997,0,1
2022-11-22,France,Australia,4,1,FIFA World Cup,Al Wakrah,Qatar,True,2022-10-06,4,1759.78,2022-10-06,38,1488.72,34,271.05999999999995,1,0
2022-11-22,Mexico,Poland,0,0,FIFA World Cup,Doha,Qatar,True,2022-10-06,13,1644.89,2022-10-06,26,1548.59,13,96.30000000000018,0,1
2022-11-23,Belgium,Canada,1,0,FIFA World Cup,Al Rayyan,Qatar,True,2022-10-06,2,1816.71,2022-10-06,41,1475.0,39,341.71000000000004,1,0
2022-11-23,Germany,Japan,1,2,FIFA World Cup,Al Rayyan,Qatar,True,2022-10-06,11,1650.21,2022-10-06,24,1559.54,13,90.67000000000007,0,0
2022-11-23,Morocco,Croatia,0,0,FIFA World Cup,Al Khor,Qatar,True,2022-10-06,22,1563.5,2022-10-06,12,1645.64,-10,-82.1400000000001,0,1
2022-11-23,Spain,Costa Rica,7,0,FIFA World Cup,Doha,Qatar,True,2022-10-06,7,1715.22,2022-10-06,31,1503.59,24,211.6300000000001,1,0
2022-11-24,Brazil,Serbia,2,0,FIFA World Cup,Lusail,Qatar,True,2022-10-06,1,1841.3,2022-10-06,21.0,1563.62,20.0,277.68000000000006,1,0
2022-11-24,Portugal,Ghana,3,2,FIFA World Cup,Doha,Qatar,True,2022-10-06,9,1676.56,2022-10-06,61,1393.0,52,283.55999999999995,1,0
2022-11-24,Switzerland,Cameroon,1,0,FIFA World Cup,Al Wakrah,Qatar,True,2022-10-06,15,1635.92,2022-10-06,43,1471.44,28,164.48000000000002,1,0
2022-11-24,Uruguay,South Korea,0,0,FIFA World Cup,Al Rayyan,Qatar,True,2022-10-06,14,1638.71,2022-10-06,28,1530.3,14,108.41000000000008,0,1
2022-11-25,England,United States,0,0,FIFA World Cup,Al Khor,Qatar,True,2022-10-06,5,1728.47,2022-10-06,16,1627.48,11,100.99000000000001,0,1
2022-11-25,Netherlands,Ecuador,1,1,FIFA World Cup,Al Rayyan,Qatar,True,2022-10-06,8,1694.51,2022-10-06,44,1464.39,36,230.1199999999999,0,1
2022-11-25,Qatar,Senegal,1,3,FIFA World Cup,Doha,Qatar,False,2022-10-06,50,1439.89,2022-10-06,18,1584.38,-32,-144.49,0,0
2022-11-25,Wales,Iran,0,2,FIFA World Cup,Al Rayyan,Qatar,True,2022-10-06,19,1569.82,2022-10-06,20,1564.61,1,5.210000000000036,0,0
2022-11-26,Argentina,Mexico,2,0,FIFA World Cup,Lusail,Qatar,True,2022-10-06,3,1773.88,2022-10-06,13,1644.89,10,128.99,1,0
2022-11-26,France,Denmark,2,1,FIFA World Cup,Doha,Qatar,True,2022-10-06,4,1759.78,2022-10-06,10,1666.57,6,93.21000000000004,1,0
2022-11-26,Poland,Saudi Arabia,2,0,FIFA World Cup,Al Rayyan,Qatar,True,2022-10-06,26,1548.59,2022-10-06,51,1437.78,25,110.80999999999995,1,0
2022-11-26,Tunisia,Australia,0,1,FIFA World Cup,Al Wakrah,Qatar,True,2022-10-06,30,1507.54,2022-10-06,38,1488.72,8,18.819999999999936,0,0
2022-11-27,Belgium,Morocco,0,2,FIFA World Cup,Doha,Qatar,True,2022-10-06,2,1816.71,2022-10-06,22,1563.5,20,253.21000000000004,0,0
2022-11-27,Croatia,Canada,4,1,FIFA World Cup,Al Rayyan,Qatar,True,2022-10-06,12,1645.64,2022-10-06,41,1475.0,29,170.6400000000001,1,0
2022-11-27,Japan,Costa Rica,0,1,FIFA World Cup,Al Rayyan,Qatar,True,2022-10-06,24,1559.54,2022-10-06,31,1503.59,7,55.950000000000045,0,0
2022-11-27,Spain,Germany,1,1,FIFA World Cup,Al Khor,Qatar,True,2022-10-06,7,1715.22,2022-10-06,11,1650.21,4,65.00999999999999,0,1
2022-11-28,Brazil,Switzerland,1,0,FIFA World Cup,Doha,Qatar,True,2022-10-06,1,1841.3,2022-10-06,15,1635.92,14,205.37999999999988,1,0
2022-11-28,Portugal,Uruguay,2,0,FIFA World Cup,Lusail,Qatar,True,2022-10-06,9,1676.56,2022-10-06,14,1638.71,5,37.84999999999991,1,0
2022-11-28,South Korea,Ghana,2,3,FIFA World Cup,Al Rayyan,Qatar,True,2022-10-06,28,1530.3,2022-10-06,61,1393.0,33,137.29999999999995,0,0
2022-11-29,Ecuador,Senegal,1,2,FIFA World Cup,Al Rayyan,Qatar,True,2022-10-06,44,1464.39,2022-10-06,18,1584.38,-26,-119.99000000000001,0,0
2022-11-29,Iran,United States,0,1,FIFA World Cup,Doha,Qatar,True,2022-10-06,20,1564.61,2022-10-06,16,1627.48,-4,-62.87000000000012,0,0
2022-11-29,Qatar,Netherlands,0,2,FIFA World Cup,Al Khor,Qatar,False,2022-10-06,50,1439.89,2022-10-06,8,1694.51,-42,-254.6199999999999,0,0
2022-11-29,Wales,England,0,3,FIFA World Cup,Al Rayyan,Qatar,True,2022-10-06,19,1569.82,2022-10-06,5,1728.47,-14,-158.6500000000001,0,0
2022-11-30,Australia,Denmark,1,0,FIFA World Cup,Al Wakrah,Qatar,True,2022-10-06,38,1488.72,2022-10-06,10,1666.57,-28,-177.8499999999999,1,0
2022-11-30,Poland,Argentina,0,2,FIFA World Cup,Doha,Qatar,True,2022-10-06,26,1548.59,2022-10-06,3,1773.88,-23,-225.2900000000002,0,0
2022-11-30,Saudi Arabia,Mexico,1,2,FIFA World Cup,Lusail,Qatar,True,2022-10-06,51,1437.78,2022-10-06,13,1644.89,-38,-207.11000000000013,0,0
2022-11-30,Tunisia,France,1,0,FIFA World Cup,Al Rayyan,Qatar,True,2022-10-06,30,1507.54,2022-10-06,4,1759.78,-26,-252.24,1,0
2022-12-01,Canada,Morocco,1,2,FIFA World Cup,Doha,Qatar,True,2022-10-06,41,1475.0,2022-10-06,22,1563.5,-19,-88.5,0,0
2022-12-01,Costa Rica,Germany,2,4,FIFA World Cup,Al Khor,Qatar,True,2022-10-06,31,1503.59,2022-10-06,11,1650.21,-20,-146.62000000000012,0,0
2022-12-01,Croatia,Belgium,0,0,FIFA World Cup,Al Rayyan,Qatar,True,2022-10-06,12,1645.64,2022-10-06,2,1816.71,-10,-171.06999999999994,0,1
2022-12-01,Japan,Spain,2,1,FIFA World Cup,Al Rayyan,Qatar,True,2022-10-06,24,1559.54,2022-10-06,7,1715.22,-17,-155.68000000000006,1,0
2022-12-02,Cameroon,Brazil,1,0,FIFA World Cup,Lusail,Qatar,True,2022-10-06,43,1471.44,2022-10-06,1,1841.3,-42,-369.8599999999999,1,0
2022-12-02,Ghana,Uruguay,0,2,FIFA World Cup,Al Wakrah,Qatar,True,2022-10-06,61,1393.0,2022-10-06,14,1638.71,-47,-245.71000000000004,0,0
2022-12-02,Serbia,Switzerland,2,3,FIFA World Cup,Doha,Qatar,True,2022-10-06,21,1563.62,2022-10-06,15,1635.92,-6,-72.30000000000018,0,0
2022-12-02,South Korea,Portugal,2,1,FIFA World Cup,Al Rayyan,Qatar,True,2022-10-06,28,1530.3,2022-10-06,9,1676.56,-19,-146.26,1,0
2022-12-03,Argentina,Australia,2,1,FIFA World Cup,Al Rayyan,Qatar,True,2022-10-06,3,1773.88,2022-10-06,38,1488.72,35,285.1600000000001,1,0
2022-12-03,Netherlands,United States,3,1,FIFA World Cup,Al Rayyan,Qatar,True,2022-10-06,8,1694.51,2022-10-06,16,1627.48,8,67.02999999999997,1,0
2022-12-04,England,Senegal,3,0,FIFA World Cup,Al Khor,Qatar,True,2022-10-06,5,1728.47,2022-10-06,18,1584.38,13,144.08999999999992,1,0
2022-12-04,France,Poland,3,1,FIFA World Cup,Doha,Qatar,True,2022-10-06,4,1759.78,2022-10-06,26,1548.59,22,211.19000000000005,1,0
2022-12-05,Brazil,South Korea,4,1,FIFA World Cup,Doha,Qatar,True,2022-10-06,1,1841.3,2022-10-06,28,1530.3,27,311.0,1,0
2022-12-05,Japan,Croatia,1,1,FIFA World Cup,Al Wakrah,Qatar,True,2022-10-06,24,1559.54,2022-10-06,12,1645.64,-12,-86.10000000000014,0,1
2022-12-06,Morocco,Spain,0,0,FIFA World Cup,Al Rayyan,Qatar,True,2022-10-06,22,1563.5,2022-10-06,7,1715.22,-15,-151.72000000000003,0,1
2022-12-06,Portugal,Switzerland,6,1,FIFA World Cup,Lusail,Qatar,True,2022-10-06,9,1676.56,2022-10-06,15,1635.92,6,40.63999999999987,1,0
2022-12-09,Croatia,Brazil,1,1,FIFA World Cup,Al Rayyan,Qatar,True,2022-10-06,12,1645.64,2022-10-06,1,1841.3,-11,-195.65999999999985,0,1
2022-12-09,Netherlands,Argentina,2,2,FIFA World Cup,Lusail,Qatar,True,2022-10-06,8,1694.51,2022-10-06,3,1773.88,-5,-79.37000000000012,0,1
2022-12-10,England,France,1,2,FIFA World Cup,Al Khor,Qatar,True,2022-10-06,5,1728.47,2022-10-06,4,1759.78,-1,-31.309999999999945,0,0
2022-12-10,Morocco,Portugal,1,0,FIFA World Cup,Doha,Qatar,True,2022-10-06,22,1563.5,2022-10-06,9,1676.56,-13,-113.05999999999995,1,0
2022-12-13,Argentina,Croatia,3,0,FIFA World Cup,Lusail,Qatar,True,2022-10-06,3,1773.88,2022-10-06,12,1645.64,9,128.24,1,0
2022-12-14,France,Morocco,2,0,FIFA World Cup,Al Khor,Qatar,True,2022-10-06,4,1759.78,2022-10-06,22,1563.5,18,196.27999999999997,1,0
2022-12-17,Croatia,Morocco,2,1,FIFA World Cup,Al Rayyan,Qatar,True,2022-10-06,12,1645.64,2022-10-06,22,1563.5,10,82.1400000000001,1,0
2022-12-18,Argentina,France,3,3,FIFA World Cup,Lusail,Qatar,True,2022-10-06,3,1773.88,2022-10-06,4,1759.78,1,14.100000000000136,0,1
2022-12-30,Iraq,Kuwait,1,0,Friendly,Basra,Iraq,False,2022-12-22,68.0,1342.39,2022-12-22,148.0,1056.64,80.0,285.75,1,0
2023-01-06,Iraq,Oman,0,0,Gulf Cup,Basra,Iraq,False,2022-12-22,68.0,1342.39,2022-12-22,75,1321.24,7.0,21.15000000000009,0,1
2023-01-06,Yemen,Saudi Arabia,0,2,Gulf Cup,Basra,Iraq,True,2022-12-22,154,1023.52,2022-12-22,49,1438.13,-105,-414.6100000000001,0,0
2023-01-07,Kuwait,Qatar,0,2,Gulf Cup,Basra,Iraq,True,2022-12-22,148,1056.64,2022-12-22,60,1393.56,-88,-336.91999999999985,0,0
2023-01-09,Iraq,Saudi Arabia,2,0,Gulf Cup,Basra,Iraq,False,2022-12-22,68.0,1342.39,2022-12-22,49,1438.13,-19.0,-95.74000000000001,1,0
2023-01-09,Sweden,Finland,2,0,Friendly,Faro-Loulé,Portugal,True,2022-12-22,23,1558.45,2022-12-22,56,1405.71,33,152.74,1,0
2023-01-10,Qatar,Bahrain,1,2,Gulf Cup,Basra,Iraq,True,2022-12-22,60,1393.56,2022-12-22,85,1280.27,25,113.28999999999996,0,0
2023-01-12,Iraq,Yemen,5,0,Gulf Cup,Basra,Iraq,False,2022-12-22,68.0,1342.39,2022-12-22,154,1023.52,86.0,318.8700000000001,1,0
2023-01-12,Saudi Arabia,Oman,1,2,Gulf Cup,Basra,Iraq,True,2022-12-22,49,1438.13,2022-12-22,75,1321.24,26,116.8900000000001,0,0
2023-01-12,Sweden,Iceland,2,1,Friendly,Faro-Loulé,Portugal,True,2022-12-22,23,1558.45,2022-12-22,63,1380.35,40,178.10000000000014,1,0
2023-01-13,Qatar,United Arab Emirates,1,1,Gulf Cup,Basra,Iraq,True,2022-12-22,60,1393.56,2022-12-22,70,1338.48,10,55.07999999999993,0,1
2023-01-16,Iraq,Qatar,2,1,Gulf Cup,Basra,Iraq,False,2022-12-22,68.0,1342.39,2022-12-22,60,1393.56,-8.0,-51.169999999999845,1,0
2023-01-19,Iraq,Oman,3,2,Gulf Cup,Basra,Iraq,False,2022-12-22,68.0,1342.39,2022-12-22,75,1321.24,7.0,21.15000000000009,1,0
2023-01-25,United States,Serbia,1,2,Friendly,Los Angeles,United States,False,2022-12-22,13.0,1652.74,2022-12-22,29.0,1526.46,16.0,126.27999999999997,0,0
2023-01-28,United States,Colombia,0,0,Friendly,Carson,United States,False,2022-12-22,13.0,1652.74,2022-12-22,17,1612.78,4.0,39.960000000000036,0,1
2023-03-12,Guatemala,Panama,1,1,Friendly,San Jose,United States,True,2022-12-22,119,1157.56,2022-12-22,61,1391.7,-58,-234.1400000000001,0,1
2023-03-23,Algeria,Niger,2,1,African Cup of Nations qualification,Algiers,Algeria,False,2022-12-22,40,1486.72,2022-12-22,122,1148.53,82,338.19000000000005,1,0
2023-03-23,Argentina,Panama,2,0,Friendly,Buenos Aires,Argentina,False,2022-12-22,2,1838.38,2022-12-22,61,1391.7,59,446.68000000000006,1,0
2023-03-23,Bosnia and Herzegovina,Iceland,3,0,UEFA Euro qualification,Zenica,Bosnia and Herzegovina,False,2022-12-22,57,1403.51,2022-12-22,63,1380.35,6,23.160000000000082,1,0
2023-03-23,Ghana,Angola,1,0,African Cup of Nations qualification,Kumasi,Ghana,False,2022-12-22,58,1400.02,2022-12-22,117,1158.81,59,241.21000000000004,1,0
2023-03-23,Iran,Russia,1,1,Friendly,Tehran,Iran,False,2022-12-22,24,1551.73,2022-12-22,37,1491.26,13,60.47000000000003,0,1
2023-03-23,Italy,England,1,2,UEFA Euro qualification,Napoli,Italy,False,2022-12-22,8,1723.56,2022-12-22,5,1774.19,-3,-50.63000000000011,0,0
2023-03-23,New Zealand,China,0,0,Friendly,Auckland,New Zealand,False,2022-12-22,105,1193.98,,,,,,0,1
2023-03-23,Portugal,Liechtenstein,4,0,UEFA Euro qualification,Lisbon,Portugal,False,2022-12-22,9,1702.54,2022-12-22,198,859.84,189,842.6999999999999,1,0
2023-03-23,Suriname,Mexico,0,2,CONCACAF Nations League,Paramaribo,Suriname,False,2022-12-22,139,1077.3,2022-12-22,15,1635.78,-124,-558.48,0,0
2023-03-24,Australia,Ecuador,3,1,Friendly,Sydney,Australia,False,2022-12-22,27,1533.97,2022-12-22,41,1477.32,14,56.65000000000009,1,0
2023-03-24,Austria,Azerbaijan,4,1,UEFA Euro qualification,Pasching,Austria,False,2022-12-22,34,1497.24,2022-12-22,121,1151.82,87,345.4200000000001,1,0
2023-03-24,Cape Verde,Eswatini,0,0,African Cup of Nations qualification,Praia,Cape Verde,False,,,,2022-12-22,143,1070.89,,,0,1
2023-03-24,Czech Republic,Poland,3,1,UEFA Euro qualification,Prague,Czech Republic,False,2022-12-22,38,1490.61,2022-12-22,22,1559.83,-16,-69.22000000000003,1,0
2023-03-24,DR Congo,Mauritania,3,1,African Cup of Nations qualification,Douala,Cameroon,True,2022-12-22,73,1333.92,2022-12-22,103,1197.58,30,136.34000000000015,1,0
2023-03-24,Egypt,Malawi,2,0,African Cup of Nations qualification,Cairo,Egypt,False,2022-12-22,39,1490.34,2022-12-22,124,1144.97,85,345.3699999999999,1,0
2023-03-24,France,Netherlands,4,0,UEFA Euro qualification,Paris,France,False,2022-12-22,3,1823.39,2022-12-22,6,1740.92,3,82.47000000000003,1,0
2023-03-24,Grenada,United States,1,7,CONCACAF Nations League,St. George's,Grenada,False,2022-12-22,173,963.72,2022-12-22,13,1652.74,-160,-689.02,0,0
2023-03-24,Ivory Coast,Comoros,3,1,African Cup of Nations qualification,Bouaké,Ivory Coast,False,,,,2022-12-22,129,1123.18,,,1,0
2023-03-24,Japan,Uruguay,1,1,Friendly,Tokyo,Japan,False,2022-12-22,20,1593.08,2022-12-22,16,1627.45,-4,-34.37000000000012,0,1
2023-03-24,Saudi Arabia,Venezuela,1,2,Friendly,Jeddah,Saudi Arabia,False,2022-12-22,49,1438.13,2022-12-22,55,1406.1,6,32.0300000000002,0,0
2023-03-24,Senegal,Mozambique,5,1,African Cup of Nations qualification,Diamniadio,Senegal,False,2022-12-22,19,1603.98,2022-12-22,114,1163.56,95,440.4200000000001,1,0
2023-03-24,South Africa,Liberia,2,2,African Cup of Nations qualification,Johannesburg,South Africa,False,2022-12-22,67,1350.36,2022-12-22,150,1049.66,83,300.6999999999998,0,1
2023-03-24,South Korea,Colombia,2,2,Friendly,Ulsan,South Korea,False,2022-12-22,25,1539.49,2022-12-22,17,1612.78,-8,-73.28999999999996,0,1
2023-03-24,Sweden,Belgium,0,3,UEFA Euro qualification,Stockholm,Sweden,False,2022-12-22,23,1558.45,2022-12-22,4,1781.3,-19,-222.8499999999999,0,0
2023-03-24,Tunisia,Libya,3,0,African Cup of Nations qualification,Radès,Tunisia,False,2022-12-22,30,1526.2,2022-12-22,120,1156.74,90,369.46000000000004,1,0
2023-03-24,Uzbekistan,Bolivia,1,0,Friendly,Jeddah,Saudi Arabia,True,2022-12-22,77,1312.64,2022-12-22,82,1294.96,5,17.680000000000064,1,0
2023-03-25,Armenia,Turkey,1,2,UEFA Euro qualification,Yerevan,Armenia,False,2022-12-22,95,1231.76,,,,,,0,0
2023-03-25,Belarus,Switzerland,0,5,UEFA Euro qualification,Novi Sad,Serbia,True,2022-12-22,97,1221.68,2022-12-22,12,1655.02,-85,-433.3399999999999,0,0
2023-03-25,Croatia,Wales,1,1,UEFA Euro qualification,Split,Croatia,False,2022-12-22,7,1727.62,2022-12-22,28,1530.28,21,197.33999999999992,0,1
2023-03-25,Curaçao,Canada,0,2,CONCACAF Nations League,Willemstad,Curaçao,False,,,,2022-12-22,53,1431.64,,,0,0
2023-03-25,Germany,Peru,2,0,Friendly,Mainz,Germany,False,2022-12-22,14,1646.91,2022-12-22,21,1564.3,7,82.61000000000013,1,0
2023-03-25,Montserrat,Haiti,0,4,CONCACAF Nations League,Lookout,Montserrat,False,2022-12-22,179,940.78,2022-12-22,87,1269.07,-92,-328.28999999999996,0,0
2023-03-25,Morocco,Brazil,2,1,Friendly,Tangier,Morocco,False,2022-12-22,11,1672.35,2022-12-22,1,1840.77,-10,-168.42000000000007,1,0
2023-03-25,Scotland,Cyprus,3,0,UEFA Euro qualification,Glasgow,Scotland,False,2022-12-22,42,1476.94,2022-12-22,110,1185.17,68,291.77,1,0
2023-03-25,Spain,Norway,3,0,UEFA Euro qualification,Málaga,Spain,False,2022-12-22,10,1692.71,2022-12-22,43,1475.05,33,217.66000000000008,1,0
2023-03-26,England,Ukraine,2,0,UEFA Euro qualification,London,England,False,2022-12-22,5,1774.19,2022-12-22,26,1536.99,21,237.20000000000005,1,0
2023-03-26,Luxembourg,Portugal,0,6,UEFA Euro qualification,Luxembourg,Luxembourg,False,2022-12-22,92,1245.35,2022-12-22,9,1702.54,-83,-457.19000000000005,0,0
2023-03-26,Mexico,Jamaica,2,2,CONCACAF Nations League,Mexico City,Mexico,False,2022-12-22,15,1635.78,2022-12-22,64,1379.29,49,256.49,0,1
2023-03-26,New Zealand,China,2,1,Friendly,Wellington,New Zealand,False,2022-12-22,105,1193.98,,,,,,1,0
2023-03-26,Russia,Iraq,2,0,Friendly,Saint Petersburg,Russia,False,2022-12-22,37,1491.26,2022-12-22,68.0,1342.39,31.0,148.8699999999999,1,0
2023-03-26,Slovakia,Bosnia and Herzegovina,2,0,UEFA Euro qualification,Bratislava,Slovakia,False,2022-12-22,54,1425.58,2022-12-22,57,1403.51,3,22.069999999999936,1,0
2023-03-27,Angola,Ghana,1,1,African Cup of Nations qualification,Luanda,Angola,False,2022-12-22,117,1158.81,2022-12-22,58,1400.02,-59,-241.21000000000004,0,1
2023-03-27,Austria,Estonia,2,1,UEFA Euro qualification,Pasching,Austria,False,2022-12-22,34,1497.24,2022-12-22,109,1186.27,75,310.97,1,0
2023-03-27,Chile,Paraguay,3,2,Friendly,Santiago,Chile,False,2022-12-22,31,1506.91,2022-12-22,46,1445.06,15,61.850000000000136,1,0
2023-03-27,Moldova,Czech Republic,0,0,UEFA Euro qualification,Chișinău,Moldova,False,2022-12-22,174,958.88,2022-12-22,38,1490.61,-136,-531.7299999999999,0,1
2023-03-27,Netherlands,Gibraltar,3,0,UEFA Euro qualification,Rotterdam,Netherlands,False,2022-12-22,6,1740.92,2022-12-22,200,858.04,194,882.8800000000001,1,0
2023-03-27,Niger,Algeria,0,1,African Cup of Nations qualification,Radès,Tunisia,True,2022-12-22,122,1148.53,2022-12-22,40,1486.72,-82,-338.19000000000005,0,0
2023-03-27,Republic of Ireland,France,0,1,UEFA Euro qualification,Dublin,Republic of Ireland,False,2022-12-22,48,1438.59,2022-12-22,3,1823.39,-45,-384.8000000000002,0,0
2023-03-27,Sweden,Azerbaijan,5,0,UEFA Euro qualification,Stockholm,Sweden,False,2022-12-22,23,1558.45,2022-12-22,121,1151.82,98,406.6300000000001,1,0
2023-03-27,United States,El Salvador,1,0,CONCACAF Nations League,Orlando,United States,False,2022-12-22,13.0,1652.74,2022-12-22,74,1326.86,61.0,325.8800000000001,1,0
2023-03-28,Argentina,Curaçao,7,0,Friendly,Santiago del Estero,Argentina,False,2022-12-22,2,1838.38,,,,,,1,0
2023-03-28,Australia,Ecuador,1,2,Friendly,Melbourne,Australia,False,2022-12-22,27,1533.97,2022-12-22,41,1477.32,14,56.65000000000009,0,0
2023-03-28,Canada,Honduras,4,1,CONCACAF Nations League,Toronto,Canada,False,2022-12-22,53,1431.64,2022-12-22,81,1300.78,28,130.86000000000013,1,0
2023-03-28,Comoros,Ivory Coast,0,2,African Cup of Nations qualification,Moroni,Comoros,False,2022-12-22,129,1123.18,,,,,,0,0
2023-03-28,Costa Rica,Panama,0,1,CONCACAF Nations League,San José,Costa Rica,False,2022-12-22,32,1500.18,2022-12-22,61,1391.7,29,108.48000000000002,0,0
2023-03-28,Eswatini,Cape Verde,0,1,African Cup of Nations qualification,Mbombela,South Africa,True,2022-12-22,143,1070.89,,,,,,0,0
2023-03-28,Georgia,Norway,1,1,UEFA Euro qualification,Batumi,Georgia,False,2022-12-22,78,1305.98,2022-12-22,43,1475.05,-35,-169.06999999999994,0,1
2023-03-28,Germany,Belgium,2,3,Friendly,Cologne,Germany,False,2022-12-22,14,1646.91,2022-12-22,4,1781.3,-10,-134.38999999999987,0,0
2023-03-28,Haiti,Bermuda,3,1,CONCACAF Nations League,San Cristóbal,Dominican Republic,True,2022-12-22,87,1269.07,2022-12-22,169,977.47,82,291.5999999999999,1,0
2023-03-28,Iran,Kenya,2,1,Friendly,Tehran,Iran,False,2022-12-22,24,1551.73,2022-12-22,101,1202.26,77,349.47,1,0
2023-03-28,Japan,Colombia,1,2,Friendly,Osaka,Japan,False,2022-12-22,20,1593.08,2022-12-22,17,1612.78,-3,-19.700000000000045,0,0
2023-03-28,Jordan,Philippines,4,0,Friendly,Al Wakrah,Qatar,True,2022-12-22,84.0,1289.99,2022-12-22,134,1113.15,50.0,176.83999999999992,1,0
2023-03-28,Liberia,South Africa,1,2,African Cup of Nations qualification,Monrovia,Liberia,False,2022-12-22,150,1049.66,2022-12-22,67,1350.36,-83,-300.6999999999998,0,0
2023-03-28,Libya,Tunisia,0,1,African Cup of Nations qualification,Benghazi,Libya,False,2022-12-22,120,1156.74,2022-12-22,30,1526.2,-90,-369.46000000000004,0,0
2023-03-28,Malawi,Egypt,0,4,African Cup of Nations qualification,Lilongwe,Malawi,False,2022-12-22,124,1144.97,2022-12-22,39,1490.34,-85,-345.3699999999999,0,0
2023-03-28,Mauritania,DR Congo,1,1,African Cup of Nations qualification,Nouakchott,Mauritania,False,2022-12-22,103,1197.58,2022-12-22,73,1333.92,-30,-136.34000000000015,0,1
2023-03-28,Morocco,Peru,0,0,Friendly,Madrid,Spain,True,2022-12-22,11,1672.35,2022-12-22,21,1564.3,10,108.04999999999995,0,1
2023-03-28,Mozambique,Senegal,0,1,African Cup of Nations qualification,Maputo,Mozambique,False,2022-12-22,114,1163.56,2022-12-22,19,1603.98,-95,-440.4200000000001,0,0
2023-03-28,Saudi Arabia,Bolivia,1,2,Friendly,Jeddah,Saudi Arabia,False,2022-12-22,49,1438.13,2022-12-22,82,1294.96,33,143.17000000000007,0,0
2023-03-28,Scotland,Spain,2,0,UEFA Euro qualification,Glasgow,Scotland,False,2022-12-22,42,1476.94,2022-12-22,10,1692.71,-32,-215.76999999999998,1,0
2023-03-28,South Korea,Uruguay,1,2,Friendly,Seoul,South Korea,False,2022-12-22,25,1539.49,2022-12-22,16,1627.45,-9,-87.96000000000004,0,0
2023-03-28,Switzerland,Israel,3,0,UEFA Euro qualification,Geneva,Switzerland,False,2022-12-22,12,1655.02,2022-12-22,76,1315.67,64,339.3499999999999,1,0
2023-03-28,Turkey,Croatia,0,2,UEFA Euro qualification,Bursa,Turkey,False,,,,2022-12-22,7,1727.62,,,0,0
2023-03-28,Uzbekistan,Venezuela,1,1,Friendly,Jeddah,Saudi Arabia,True,2022-12-22,77,1312.64,2022-12-22,55,1406.1,-22,-93.45999999999981,0,1
2023-04-19,United States,Mexico,1,1,Friendly,Glendale,United States,False,2023-04-06,13.0,1653.77,2023-04-06,15,1631.87,2.0,21.90000000000009,0,1
2023-06-07,Mexico,Guatemala,2,0,Friendly,Mazatlán,Mexico,False,2023-04-06,15,1631.87,2023-04-06,116,1164.64,101,467.2299999999998,1,0
2023-06-10,Mexico,Cameroon,2,2,Friendly,San Diego,United States,True,2023-04-06,15,1631.87,2023-04-06,42,1470.21,27,161.65999999999985,0,1
2023-06-10,Panama,Nicaragua,3,2,Friendly,Penonomé,Panama,False,2023-04-06,58.0,1399.23,2023-04-06,140,1079.17,82.0,320.05999999999995,1,0
2023-06-11,Uzbekistan,Oman,3,0,CAFA Nations Cup,Tashkent,Uzbekistan,False,2023-04-06,74,1318.36,2023-04-06,73,1333.54,-1,-15.180000000000064,1,0
2023-06-12,Germany,Ukraine,3,3,Friendly,Bremen,Germany,False,2023-04-06,14,1647.42,2023-04-06,30,1530.04,16,117.38000000000011,0,1
2023-06-12,Morocco,Cape Verde,0,0,Friendly,Rabat,Morocco,False,2023-04-06,11,1677.79,,,,,,0,1
2023-06-13,Curaçao,Costa Rica,0,0,Friendly,Fort Lauderdale,United States,True,,,,2023-04-06,39,1491.12,,,0,1
2023-06-13,Iran,Afghanistan,6,1,CAFA Nations Cup,Bishkek,Kyrgyzstan,True,2023-04-06,24,1553.23,2023-04-06,155,1023.04,131,530.19,1,0
2023-06-14,DR Congo,Uganda,1,0,Friendly,Douala,Cameroon,True,2023-04-06,70,1338.61,2023-04-06,89,1257.3,19,81.30999999999995,1,0
2023-06-14,Guinea,Egypt,1,2,African Cup of Nations qualification,Marrakech,Morocco,True,2023-04-06,79,1305.92,2023-04-06,35,1500.67,-44,-194.75,0,0
2023-06-14,Netherlands,Croatia,2,4,UEFA Nations League,Rotterdam,Netherlands,False,2023-04-06,6,1731.23,2023-04-06,7,1730.02,1,1.2100000000000364,0,0
2023-06-14,Uruguay,Nicaragua,4,1,Friendly,Montevideo,Uruguay,False,2023-04-06,16,1631.29,2023-04-06,140,1079.17,124,552.1199999999999,1,0
2023-06-14,Uzbekistan,Turkmenistan,2,0,CAFA Nations Cup,Tashkent,Uzbekistan,False,2023-04-06,74,1318.36,2023-04-06,137,1095.2,63,223.15999999999985,1,0
2023-06-15,Argentina,Australia,2,0,Friendly,Beijing,China,True,2023-04-06,1,1840.93,2023-04-06,29,1532.79,28,308.1400000000001,1,0
2023-06-15,Jamaica,Qatar,1,2,Friendly,Ritzing,Austria,True,2023-04-06,63,1381.87,2023-04-06,61,1388.61,-2,-6.740000000000009,0,0
2023-06-15,Japan,El Salvador,6,0,Friendly,Toyota,Japan,False,2023-04-06,20,1588.59,2023-04-06,75,1318.3,55,270.28999999999996,1,0
2023-06-15,Panama,Canada,0,2,CONCACAF Nations League,Las Vegas,United States,True,2023-04-06,58.0,1399.23,2023-04-06,47,1442.66,-11.0,-43.430000000000064,0,0
2023-06-15,Spain,Italy,2,1,UEFA Nations League,Enschede,Netherlands,True,2023-04-06,10,1682.85,2023-04-06,8,1713.66,-2,-30.810000000000173,1,0
2023-06-15,United States,Mexico,3,0,CONCACAF Nations League,Las Vegas,United States,False,2023-04-06,13.0,1653.77,2023-04-06,15,1631.87,2.0,21.90000000000009,1,0
2023-06-16,Andorra,Switzerland,1,2,UEFA Euro qualification,Andorra la Vella,Andorra,False,2023-04-06,153,1030.52,2023-04-06,12,1664.24,-141,-633.72,0,0
2023-06-16,Colombia,Iraq,1,0,Friendly,Valencia,Spain,True,2023-04-06,17,1617.08,2023-04-06,67.0,1347.84,50.0,269.24,1,0
2023-06-16,Curaçao,Saint Kitts and Nevis,1,1,Gold Cup qualification,Fort Lauderdale,United States,True,,,,,,,,,0,1
2023-06-16,Gibraltar,France,0,3,UEFA Euro qualification,Faro-Loulé,Portugal,True,2023-04-06,201,854.72,2023-04-06,2,1838.45,-199,-983.73,0,0
2023-06-16,Kyrgyzstan,Iran,1,5,CAFA Nations Cup,Bishkek,Kyrgyzstan,False,,,,2023-04-06,24,1553.23,,,0,0
2023-06-16,Latvia,Turkey,2,3,UEFA Euro qualification,Riga,Latvia,False,2023-04-06,132,1110.55,,,,,,0,0
2023-06-16,Malta,England,0,4,UEFA Euro qualification,Ta' Qali,Malta,False,2023-04-06,172,972.79,2023-04-06,5,1792.43,-167,-819.6400000000001,0,0
2023-06-16,Poland,Germany,1,0,Friendly,Warsaw,Poland,False,2023-04-06,23,1553.76,2023-04-06,14,1647.42,-9,-93.66000000000008,1,0
2023-06-16,Serbia,Jordan,3,2,Friendly,Vienna,Austria,True,2023-04-06,25,1541.52,2023-04-06,84,1293.26,59,248.26,1,0
2023-06-16,South Korea,Peru,0,1,Friendly,Busan,South Korea,False,2023-04-06,27,1536.01,2023-04-06,21,1561.2,-6,-25.190000000000055,0,0
2023-06-16,Sweden,New Zealand,4,1,Friendly,Stockholm,Sweden,False,2023-04-06,22,1558.7,2023-04-06,100,1201.06,78,357.6400000000001,1,0
2023-06-17,Belgium,Austria,1,1,UEFA Euro qualification,Brussels,Belgium,False,2023-04-06,4,1792.53,2023-04-06,32,1508.24,28,284.28999999999996,0,1
2023-06-17,Benin,Senegal,1,1,African Cup of Nations qualification,Cotonou,Benin,False,2023-04-06,92,1240.45,2023-04-06,18,1613.21,-74,-372.76,0,1
2023-06-17,Brazil,Guinea,4,1,Friendly,Barcelona,Spain,True,2023-04-06,3,1834.21,2023-04-06,79,1305.92,76,528.29,1,0
2023-06-17,Ecuador,Bolivia,1,0,Friendly,Harrison,United States,True,2023-04-06,41,1478.13,2023-04-06,83,1296.42,42,181.71000000000004,1,0
2023-06-17,Equatorial Guinea,Tunisia,1,0,African Cup of Nations qualification,Malabo,Equatorial Guinea,False,2023-04-06,94,1232.78,2023-04-06,28,1535.76,-66,-302.98,1,0
2023-06-17,Faroe Islands,Czech Republic,0,3,UEFA Euro qualification,Tórshavn,Faroe Islands,False,2023-04-06,125,1138.98,2023-04-06,38,1495.04,-87,-356.05999999999995,0,0
2023-06-17,Norway,Scotland,1,2,UEFA Euro qualification,Oslo,Norway,False,2023-04-06,44,1463.77,2023-04-06,36,1500.52,-8,-36.75,0,0
2023-06-17,Portugal,Bosnia and Herzegovina,3,0,UEFA Euro qualification,Lisbon,Portugal,False,2023-04-06,9,1707.22,2023-04-06,57,1403.04,48,304.18000000000006,1,0
2023-06-17,South Africa,Morocco,2,1,African Cup of Nations qualification,Johannesburg,South Africa,False,2023-04-06,66,1350.08,2023-04-06,11,1677.79,-55,-327.71000000000004,1,0
2023-06-17,Uzbekistan,Tajikistan,5,1,CAFA Nations Cup,Tashkent,Uzbekistan,False,2023-04-06,74,1318.36,2023-04-06,109.0,1182.24,35.0,136.1199999999999,1,0
2023-06-17,Zambia,Ivory Coast,3,0,African Cup of Nations qualification,Ndola,Zambia,False,2023-04-06,86,1280.52,,,,,,1,0
2023-06-18,Cape Verde,Burkina Faso,3,1,African Cup of Nations qualification,Praia,Cape Verde,False,,,,2023-04-06,50,1433.91,,,1,0
2023-06-18,Croatia,Spain,0,0,UEFA Nations League,Rotterdam,Netherlands,True,2023-04-06,7,1730.02,2023-04-06,10,1682.85,3,47.17000000000007,0,1
2023-06-18,Egypt,South Sudan,3,0,Friendly,Cairo,Egypt,False,2023-04-06,35,1500.67,2023-04-06,163,993.36,128,507.31000000000006,1,0
2023-06-18,Gabon,DR Congo,0,2,African Cup of Nations qualification,Franceville,Gabon,False,2023-04-06,82,1296.74,2023-04-06,70,1338.61,-12,-41.86999999999989,0,0
2023-06-18,Madagascar,Ghana,0,0,African Cup of Nations qualification,Antananarivo,Madagascar,False,2023-04-06,110,1181.21,2023-04-06,60,1396.01,-50,-214.79999999999995,0,1
2023-06-18,Netherlands,Italy,2,3,UEFA Nations League,Enschede,Netherlands,False,2023-04-06,6,1731.23,2023-04-06,8,1713.66,2,17.569999999999936,0,0
2023-06-18,Panama,Mexico,0,1,CONCACAF Nations League,Las Vegas,United States,True,2023-04-06,58.0,1399.23,2023-04-06,15,1631.87,-43.0,-232.63999999999987,0,0
2023-06-18,Paraguay,Nicaragua,2,0,Friendly,Asunción,Paraguay,False,2023-04-06,48,1440.65,2023-04-06,140,1079.17,92,361.48,1,0
2023-06-18,Uganda,Algeria,1,2,African Cup of Nations qualification,Douala,Cameroon,True,2023-04-06,89,1257.3,2023-04-06,34,1504.19,-55,-246.8900000000001,0,0
2023-06-18,United States,Canada,2,0,CONCACAF Nations League,Las Vegas,United States,False,2023-04-06,13.0,1653.77,2023-04-06,47,1442.66,34.0,211.1099999999999,1,0
2023-06-19,England,North Macedonia,7,0,UEFA Euro qualification,Manchester,England,False,2023-04-06,5,1792.43,2023-04-06,65,1363.07,60,429.3600000000001,1,0
2023-06-19,France,Greece,1,0,UEFA Euro qualification,Paris,France,False,2023-04-06,2,1838.45,2023-04-06,52,1433.01,50,405.44000000000005,1,0
2023-06-19,Indonesia,Argentina,0,2,Friendly,Jakarta,Indonesia,False,2023-04-06,149,1046.14,2023-04-06,1,1840.93,-148,-794.79,0,0
2023-06-19,Jamaica,Jordan,1,2,Friendly,Wiener Neustadt,Austria,True,2023-04-06,63,1381.87,2023-04-06,84,1293.26,21,88.6099999999999,0,0
2023-06-19,Switzerland,Romania,2,2,UEFA Euro qualification,Lucerne,Switzerland,False,2023-04-06,12,1664.24,2023-04-06,46,1444.58,34,219.66000000000008,0,1
2023-06-19,Turkey,Wales,2,0,UEFA Euro qualification,Samsun,Turkey,False,,,,2023-04-06,26,1538.95,,,1,0
2023-06-20,Algeria,Tunisia,1,1,Friendly,Annaba,Algeria,False,2023-04-06,34,1504.19,2023-04-06,28,1535.76,-6,-31.569999999999936,0,1
2023-06-20,Austria,Sweden,2,0,UEFA Euro qualification,Vienna,Austria,False,2023-04-06,32,1508.24,2023-04-06,22,1558.7,-10,-50.460000000000036,1,0
2023-06-20,Bosnia and Herzegovina,Luxembourg,0,2,UEFA Euro qualification,Zenica,Bosnia and Herzegovina,False,2023-04-06,57,1403.04,2023-04-06,91,1245.78,34,157.26,0,0
2023-06-20,Brazil,Senegal,2,4,Friendly,Lisbon,Portugal,True,2023-04-06,3,1834.21,2023-04-06,18,1613.21,15,221.0,0,0
2023-06-20,Ecuador,Costa Rica,3,1,Friendly,Chester,United States,True,2023-04-06,41,1478.13,2023-04-06,39,1491.12,-2,-12.989999999999782,1,0
2023-06-20,Estonia,Belgium,0,3,UEFA Euro qualification,Tallinn,Estonia,False,2023-04-06,108,1182.5,2023-04-06,4,1792.53,-104,-610.03,0,0
2023-06-20,Germany,Colombia,0,2,Friendly,Gelsenkirchen,Germany,False,2023-04-06,14,1647.42,2023-04-06,17,1617.08,3,30.340000000000146,0,0
2023-06-20,Haiti,Trinidad and Tobago,0,0,Friendly,Palm Beach Gardens,United States,True,2023-04-06,87,1275.96,2023-04-06,104.0,1197.61,17.0,78.35000000000014,0,1
2023-06-20,Iceland,Portugal,0,1,UEFA Euro qualification,Reykjavík,Iceland,False,2023-04-06,64,1369.03,2023-04-06,9,1707.22,-55,-338.19000000000005,0,0
2023-06-20,Japan,Peru,4,1,Friendly,Suita,Japan,False,2023-04-06,20,1588.59,2023-04-06,21,1561.2,1,27.389999999999873,1,0
2023-06-20,Montenegro,Czech Republic,1,4,Friendly,Podgorica,Montenegro,False,2023-04-06,69,1343.28,2023-04-06,38,1495.04,-31,-151.76,0,0
2023-06-20,Norway,Cyprus,3,1,UEFA Euro qualification,Oslo,Norway,False,2023-04-06,44,1463.77,2023-04-06,111,1179.45,67,284.31999999999994,1,0
2023-06-20,Scotland,Georgia,2,0,UEFA Euro qualification,Glasgow,Scotland,False,2023-04-06,36,1500.52,2023-04-06,77,1311.51,41,189.01,1,0
2023-06-20,South Korea,El Salvador,1,1,Friendly,Daejeon,South Korea,False,2023-04-06,27,1536.01,2023-04-06,75,1318.3,48,217.71000000000004,0,1
2023-06-20,Uruguay,Cuba,2,0,Friendly,Montevideo,Uruguay,False,2023-04-06,16,1631.29,2023-04-06,165,986.2,149,645.0899999999999,1,0
2023-06-20,Uzbekistan,Iran,0,1,CAFA Nations Cup,Tashkent,Uzbekistan,False,2023-04-06,74,1318.36,2023-04-06,24,1553.23,-50,-234.87000000000012,0,0
2023-06-24,United States,Jamaica,1,1,Gold Cup,Chicago,United States,False,2023-04-06,13.0,1653.77,2023-04-06,63,1381.87,50.0,271.9000000000001,0,1
2023-06-25,Haiti,Qatar,2,1,Gold Cup,Houston,United States,True,2023-04-06,87,1275.96,2023-04-06,61,1388.61,-26,-112.64999999999986,1,0
2023-06-25,Mexico,Honduras,4,0,Gold Cup,Houston,United States,True,2023-04-06,15,1631.87,2023-04-06,80,1300.38,65,331.4899999999998,1,0
2023-06-26,Costa Rica,Panama,1,2,Gold Cup,Fort Lauderdale,United States,True,2023-04-06,39,1491.12,2023-04-06,58,1399.23,19,91.88999999999987,0,0
2023-06-27,Canada,Guadeloupe,2,2,Gold Cup,Toronto,Canada,False,2023-04-06,47,1442.66,,,,,,0,1
2023-06-28,United States,Saint Kitts and Nevis,6,0,Gold Cup,St. Louis,United States,False,2023-04-06,13.0,1653.77,,,,,,1,0
2023-06-29,Haiti,Mexico,1,3,Gold Cup,Glendale,United States,True,2023-06-29,87,1275.96,2023-06-29,14,1639.19,-73,-363.23,0,0
2023-06-29,Qatar,Honduras,1,1,Gold Cup,Glendale,United States,True,2023-06-29,58,1393.52,2023-06-29,81,1296.42,23,97.09999999999991,0,1
2023-06-30,Martinique,Panama,1,2,Gold Cup,Harrison,United States,True,,,,2023-06-29,57,1399.23,,,0,0
2023-07-01,Guatemala,Canada,0,0,Gold Cup,Houston,United States,True,2023-06-29,116,1166.6,2023-06-29,45,1454.12,-71,-287.52,0,1
2023-07-02,Honduras,Haiti,2,1,Gold Cup,Charlotte,United States,True,2023-06-29,81,1296.42,2023-06-29,87,1275.96,6,20.460000000000036,1,0
2023-07-02,Mexico,Qatar,0,1,Gold Cup,Santa Clara,United States,True,2023-06-29,14,1639.19,2023-06-29,58,1393.52,44,245.67000000000007,0,0
2023-07-02,United States,Trinidad and Tobago,6,0,Gold Cup,Charlotte,United States,False,2023-06-29,11.0,1673.34,2023-06-29,101.0,1203.28,90.0,470.05999999999995,1,0
2023-07-04,Canada,Cuba,4,2,Gold Cup,Houston,United States,True,2023-06-29,45,1454.12,2023-06-29,166,984.84,121,469.27999999999986,1,0
2023-07-04,Panama,El Salvador,2,2,Gold Cup,Houston,United States,True,2023-06-29,57.0,1399.23,2023-06-29,76,1317.64,19.0,81.58999999999992,0,1
2023-07-05,South Africa,Namibia,1,1,COSAFA Cup,Durban,South Africa,False,2023-06-29,62,1369.49,2023-06-29,112,1175.14,50,194.3499999999999,0,1
2023-07-08,Mexico,Costa Rica,2,0,Gold Cup,Arlington,United States,True,2023-06-29,14,1639.19,2023-06-29,42,1478.3,28,160.8900000000001,1,0
2023-07-08,Panama,Qatar,4,0,Gold Cup,Arlington,United States,True,2023-06-29,57.0,1399.23,2023-06-29,58,1393.52,1.0,5.710000000000036,1,0
2023-07-08,South Africa,Botswana,2,1,COSAFA Cup,Durban,South Africa,False,2023-06-29,62,1369.49,2023-06-29,147,1052.37,85,317.1200000000001,1,0
2023-07-09,United States,Canada,2,2,Gold Cup,Cincinnati,United States,False,2023-06-29,11.0,1673.34,2023-06-29,45,1454.12,34.0,219.22000000000003,0,1
2023-07-11,South Africa,Eswatini,2,1,COSAFA Cup,KwaMashu,South Africa,False,2023-06-29,62,1369.49,2023-06-29,146,1058.82,84,310.6700000000001,1,0
2023-07-12,Jamaica,Mexico,0,3,Gold Cup,Paradise,United States,True,2023-06-29,63,1367.83,2023-06-29,14,1639.19,-49,-271.3600000000001,0,0
2023-07-12,United States,Panama,1,1,Gold Cup,San Diego,United States,False,2023-06-29,11.0,1673.34,2023-06-29,57,1399.23,46.0,274.1099999999999,0,1
2023-07-14,South Africa,Zambia,1,2,COSAFA Cup,Durban,South Africa,False,2023-06-29,62,1369.49,2023-06-29,84,1290.2,22,79.28999999999996,0,0
2023-07-16,Mexico,Panama,1,0,Gold Cup,Inglewood,United States,True,2023-06-29,14,1639.19,2023-06-29,57,1399.23,43,239.96000000000004,1,0
2023-07-16,South Africa,Malawi,0,0,COSAFA Cup,Durban,South Africa,False,2023-06-29,62,1369.49,2023-06-29,126,1133.17,64,236.31999999999994,0,1
2023-08-27,Bolivia,Panama,1,2,Friendly,Cochabamba,Bolivia,False,2023-07-20,83,1295.09,2023-07-20,45,1453.94,-38,-158.85000000000014,0,0
2023-09-07,Algeria,Tanzania,0,0,African Cup of Nations qualification,Annaba,Algeria,False,2023-07-20,33,1511.23,2023-07-20,124,1138.79,91,372.44000000000005,0,1
2023-09-07,Argentina,Ecuador,1,0,FIFA World Cup qualification,Buenos Aires,Argentina,False,2023-07-20,1,1843.73,2023-07-20,40,1486.47,39,357.26,1,0
2023-09-07,Austria,Moldova,1,1,Friendly,Pasching,Austria,False,2023-07-20,29,1528.06,2023-07-20,164,990.73,135,537.3299999999999,0,1
2023-09-07,Bulgaria,Iran,0,1,Friendly,Plovdiv,Bulgaria,False,2023-07-20,77,1315.48,2023-07-20,22,1556.59,-55,-241.1099999999999,0,0
2023-09-07,Colombia,Venezuela,1,0,FIFA World Cup qualification,Barranquilla,Colombia,False,2023-07-20,17,1624.91,2023-07-20,57,1417.23,40,207.68000000000006,1,0
2023-09-07,Czech Republic,Albania,1,1,UEFA Euro qualification,Prague,Czech Republic,False,2023-07-20,37,1503.69,2023-07-20,65,1357.39,28,146.29999999999995,0,1
2023-09-07,France,Republic of Ireland,2,0,UEFA Euro qualification,Paris,France,False,2023-07-20,2,1843.54,2023-07-20,53,1426.26,51,417.28,1,0
2023-09-07,Ghana,Central African Republic,2,1,African Cup of Nations qualification,Kumasi,Ghana,False,2023-07-20,60,1391.13,2023-07-20,126,1133.5,66,257.6300000000001,1,0
2023-09-07,Iraq,India,2,2,King's Cup,Chiang Mai,Thailand,True,2023-07-20,70.0,1345.21,2023-07-20,99,1208.69,29.0,136.51999999999998,0,1
2023-09-07,Netherlands,Greece,3,0,UEFA Euro qualification,Eindhoven,Netherlands,False,2023-07-20,7,1731.23,2023-07-20,50,1441.06,43,290.1700000000001,1,0
2023-09-07,Norway,Jordan,6,0,Friendly,Oslo,Norway,False,2023-07-20,44,1458.47,2023-07-20,82,1296.26,38,162.21000000000004,1,0
2023-09-07,Panama,Martinique,3,0,CONCACAF Nations League,Panama City,Panama,False,2023-07-20,45.0,1453.94,,,,,,1,0
2023-09-07,Paraguay,Peru,0,0,FIFA World Cup qualification,Ciudad del Este,Paraguay,False,2023-07-20,49,1442.64,2023-07-20,21,1561.2,-28,-118.55999999999995,0,1
2023-09-07,Qatar,Kenya,1,2,Friendly,Al Wakrah,Qatar,False,2023-07-20,59,1395.57,2023-07-20,105,1191.07,46,204.5,0,0
2023-09-07,Trinidad and Tobago,Curaçao,1,0,CONCACAF Nations League,Port of Spain,Trinidad and Tobago,False,2023-07-20,102,1199.74,,,,,,1,0
2023-09-07,Tunisia,Botswana,3,0,African Cup of Nations qualification,Radès,Tunisia,False,2023-07-20,31,1516.66,2023-07-20,147,1054.31,116,462.35000000000014,1,0
2023-09-07,Wales,South Korea,0,0,Friendly,Cardiff,Wales,False,2023-07-20,35,1506.04,2023-07-20,28,1529.3,-7,-23.25999999999999,0,1
2023-09-08,Bosnia and Herzegovina,Liechtenstein,2,1,UEFA Euro qualification,Zenica,Bosnia and Herzegovina,False,2023-07-20,62,1381.1,2023-07-20,200,848.82,138,532.2799999999999,1,0
2023-09-08,Brazil,Bolivia,5,1,FIFA World Cup qualification,Belém,Brazil,False,2023-07-20,3,1828.27,2023-07-20,83,1295.09,80,533.1800000000001,1,0
2023-09-08,Costa Rica,Saudi Arabia,3,1,Friendly,Newcastle,England,True,2023-07-20,46,1453.56,2023-07-20,54,1421.46,8,32.09999999999991,1,0
2023-09-08,Croatia,Latvia,5,0,UEFA Euro qualification,Rijeka,Croatia,False,2023-07-20,6,1742.55,2023-07-20,134,1096.19,128,646.3599999999999,1,0
2023-09-08,Cyprus,Scotland,0,3,UEFA Euro qualification,Larnaca,Cyprus,False,2023-07-20,118,1163.73,2023-07-20,30,1520.24,-88,-356.51,0,0
2023-09-08,Egypt,Ethiopia,1,0,African Cup of Nations qualification,Cairo,Egypt,False,2023-07-20,34,1509.89,2023-07-20,142,1074.47,108,435.4200000000001,1,0
2023-09-08,Georgia,Spain,1,7,UEFA Euro qualification,Tbilisi,Georgia,False,2023-07-20,78,1312.8,2023-07-20,10,1703.45,-68,-390.6500000000001,0,0
2023-09-08,Haiti,Cuba,0,0,CONCACAF Nations League,Santo Domingo,Dominican Republic,True,2023-07-20,87,1272.64,2023-07-20,172,968.29,85,304.35000000000014,0,1
2023-09-08,Slovakia,Portugal,0,1,UEFA Euro qualification,Bratislava,Slovakia,False,2023-07-20,47,1447.05,2023-07-20,9,1718.25,-38,-271.20000000000005,0,0
2023-09-08,Turkey,Armenia,1,1,UEFA Euro qualification,Eskişehir,Turkey,False,,,,2023-07-20,90,1252.6,,,0,1
2023-09-08,Uruguay,Chile,3,1,FIFA World Cup qualification,Montevideo,Uruguay,False,2023-07-20,16,1633.13,2023-07-20,32,1511.31,16,121.82000000000016,1,0
2023-09-09,Azerbaijan,Belgium,0,1,UEFA Euro qualification,Baku,Azerbaijan,False,2023-07-20,121,1143.22,2023-07-20,5,1788.55,-116,-645.3299999999999,0,0
2023-09-09,DR Congo,Sudan,2,0,African Cup of Nations qualification,Kinshasa,DR Congo,False,2023-07-20,69,1350.11,2023-07-20,131,1116.21,62,233.89999999999986,1,0
2023-09-09,Estonia,Sweden,0,5,UEFA Euro qualification,Tallinn,Estonia,False,2023-07-20,111,1179.3,2023-07-20,23,1547.11,-88,-367.80999999999995,0,0
2023-09-09,Germany,Japan,1,4,Friendly,Wolfsburg,Germany,False,2023-07-20,15,1636.32,2023-07-20,20,1595.96,5,40.3599999999999,0,0
2023-09-09,Ivory Coast,Lesotho,1,0,African Cup of Nations qualification,San-Pédro,Ivory Coast,False,,,,2023-07-20,151,1038.68,,,1,0
2023-09-09,Kosovo,Switzerland,2,2,UEFA Euro qualification,Pristina,Kosovo,False,2023-07-20,109,1179.69,2023-07-20,13,1661.12,-96,-481.42999999999984,0,1
2023-09-09,Mexico,Australia,2,2,Friendly,Arlington,United States,True,2023-07-20,12,1665.59,2023-07-20,27,1530.45,15,135.13999999999987,0,1
2023-09-09,Rwanda,Senegal,1,1,African Cup of Nations qualification,Butare,Rwanda,False,2023-07-20,139,1089.46,2023-07-20,18,1612.61,-121,-523.1499999999999,0,1
2023-09-09,South Africa,Namibia,0,0,Friendly,Johannesburg,South Africa,False,2023-07-20,63,1368.25,2023-07-20,114,1172.41,51,195.83999999999992,0,1
2023-09-09,Ukraine,England,1,1,UEFA Euro qualification,Wrocław,Poland,True,2023-07-20,24,1541.25,2023-07-20,4,1797.39,-20,-256.1400000000001,0,1
2023-09-09,United States,Uzbekistan,3,0,Friendly,St. Louis,United States,False,2023-07-20,11.0,1674.48,2023-07-20,74.0,1327.58,63.0,346.9000000000001,1,0
2023-09-10,Guatemala,Panama,1,1,CONCACAF Nations League,Guatemala City,Guatemala,False,2023-07-20,107,1186.71,2023-07-20,45,1453.94,-62,-267.23,0,1
2023-09-10,Hungary,Czech Republic,1,1,Friendly,Budapest,Hungary,False,2023-07-20,36,1504.57,2023-07-20,37,1503.69,1,0.8799999999998818,0,1
2023-09-10,Martinique,Curaçao,1,0,CONCACAF Nations League,Fort-de-France,Martinique,False,,,,,,,,,1,0
2023-09-10,Republic of Ireland,Netherlands,1,2,UEFA Euro qualification,Dublin,Republic of Ireland,False,2023-07-20,53,1426.26,2023-07-20,7,1731.23,-46,-304.97,0,0
2023-09-10,Thailand,Iraq,2,2,King's Cup,Chiang Mai,Thailand,False,2023-07-20,113,1174.37,2023-07-20,70.0,1345.21,-43.0,-170.84000000000015,0,1
2023-09-10,Togo,Cape Verde,3,2,African Cup of Nations qualification,Lomé,Togo,False,2023-07-20,122,1140.88,,,,,,1,0
2023-09-11,Armenia,Croatia,0,1,UEFA Euro qualification,Yerevan,Armenia,False,2023-07-20,90,1252.6,2023-07-20,6,1742.55,-84,-489.95000000000005,0,0
2023-09-11,Iceland,Bosnia and Herzegovina,1,0,UEFA Euro qualification,Reykjavík,Iceland,False,2023-07-20,67,1352.98,2023-07-20,62,1381.1,-5,-28.11999999999989,1,0
2023-09-11,Portugal,Luxembourg,9,0,UEFA Euro qualification,São João da Venda,Portugal,False,2023-07-20,9,1718.25,2023-07-20,89,1262.72,80,455.53,1,0
2023-09-12,Azerbaijan,Jordan,2,1,Friendly,Baku,Azerbaijan,False,2023-07-20,121,1143.22,2023-07-20,82,1296.26,-39,-153.03999999999996,1,0
2023-09-12,Belgium,Estonia,5,0,UEFA Euro qualification,Brussels,Belgium,False,2023-07-20,5,1788.55,2023-07-20,111,1179.3,106,609.25,1,0
2023-09-12,Bolivia,Argentina,0,3,FIFA World Cup qualification,La Paz,Bolivia,False,2023-07-20,83,1295.09,2023-07-20,1,1843.73,-82,-548.6400000000001,0,0
2023-09-12,Chile,Colombia,0,0,FIFA World Cup qualification,Santiago,Chile,False,2023-07-20,32,1511.31,2023-07-20,17,1624.91,-15,-113.60000000000014,0,1
2023-09-12,Ecuador,Uruguay,2,1,FIFA World Cup qualification,Quito,Ecuador,False,2023-07-20,40,1486.47,2023-07-20,16,1633.13,-24,-146.66000000000008,1,0
2023-09-12,Egypt,Tunisia,1,3,Friendly,Cairo,Egypt,False,2023-07-20,34,1509.89,2023-07-20,31,1516.66,-3,-6.769999999999982,0,0
2023-09-12,Germany,France,2,1,Friendly,Dortmund,Germany,False,2023-07-20,15,1636.32,2023-07-20,2,1843.54,-13,-207.22000000000003,1,0
2023-09-12,Ghana,Liberia,3,1,Friendly,Accra,Ghana,False,2023-07-20,60,1391.13,2023-07-20,148,1049.94,88,341.19000000000005,1,0
2023-09-12,Iran,Angola,4,0,Friendly,Tehran,Iran,False,2023-07-20,22,1556.59,2023-07-20,116,1169.07,94,387.52,1,0
2023-09-12,Jamaica,Haiti,2,2,CONCACAF Nations League,Kingston,Jamaica,False,2023-07-20,58,1409.73,2023-07-20,87,1272.64,29,137.08999999999992,0,1
2023-09-12,Japan,Turkey,4,2,Friendly,Genk,Belgium,True,2023-07-20,20,1595.96,,,,,,1,0
2023-09-12,Mexico,Uzbekistan,3,3,Friendly,Atlanta,United States,True,2023-07-20,12,1665.59,2023-07-20,74.0,1327.58,62.0,338.01,0,1
2023-09-12,Morocco,Burkina Faso,1,0,Friendly,Lens,France,True,2023-07-20,14,1655.5,2023-07-20,56,1419.18,42,236.31999999999994,1,0
2023-09-12,Norway,Georgia,2,1,UEFA Euro qualification,Oslo,Norway,False,2023-07-20,44,1458.47,2023-07-20,78,1312.8,34,145.67000000000007,1,0
2023-09-12,Peru,Brazil,0,1,FIFA World Cup qualification,Lima,Peru,False,2023-07-20,21,1561.2,2023-07-20,3,1828.27,-18,-267.06999999999994,0,0
2023-09-12,Qatar,Russia,1,1,Friendly,Al Wakrah,Qatar,False,2023-07-20,59,1395.57,2023-07-20,38,1495.53,-21,-99.96000000000004,0,1
2023-09-12,Scotland,England,1,3,Friendly,Glasgow,Scotland,False,2023-07-20,30,1520.24,2023-07-20,4,1797.39,-26,-277.1500000000001,0,0
2023-09-12,Senegal,Algeria,0,1,Friendly,Diamniadio,Senegal,False,2023-07-20,18,1612.61,2023-07-20,33,1511.23,15,101.37999999999988,0,0
2023-09-12,South Africa,DR Congo,1,0,Friendly,Johannesburg,South Africa,False,2023-07-20,63,1368.25,2023-07-20,69,1350.11,6,18.1400000000001,1,0
2023-09-12,South Korea,Saudi Arabia,1,0,Friendly,Newcastle,England,True,2023-07-20,28,1529.3,2023-07-20,54,1421.46,26,107.83999999999992,1,0
2023-09-12,Spain,Cyprus,6,0,UEFA Euro qualification,Granada,Spain,False,2023-07-20,10,1703.45,2023-07-20,118,1163.73,108,539.72,1,0
2023-09-12,Sweden,Austria,1,3,UEFA Euro qualification,Stockholm,Sweden,False,2023-07-20,23,1547.11,2023-07-20,29,1528.06,6,19.049999999999955,0,0
2023-09-12,Switzerland,Andorra,3,0,UEFA Euro qualification,Sion,Switzerland,False,2023-07-20,13,1661.12,2023-07-20,154,1022.3,141,638.8199999999999,1,0
2023-09-12,United States,Oman,4,0,Friendly,Saint Paul,United States,False,2023-07-20,11.0,1674.48,2023-07-20,73,1332.45,62.0,342.03,1,0
2023-09-12,Venezuela,Paraguay,1,0,FIFA World Cup qualification,Maturín,Venezuela,False,2023-07-20,57,1417.23,2023-07-20,49,1442.64,-8,-25.410000000000082,1,0
2023-10-12,Albania,Czech Republic,3,0,UEFA Euro qualification,Tirana,Albania,False,2023-09-21,62,1377.47,2023-09-21,37,1500.44,-25,-122.97000000000003,1,0
2023-10-12,Algeria,Cape Verde,5,1,Friendly,Constantine,Algeria,False,2023-09-21,34,1509.5,,,,,,1,0
2023-10-12,Argentina,Paraguay,1,0,FIFA World Cup qualification,Buenos Aires,Argentina,False,2023-09-21,1,1851.41,2023-09-21,52,1432.08,51,419.33000000000015,1,0
2023-10-12,Bolivia,Ecuador,1,2,FIFA World Cup qualification,La Paz,Bolivia,False,2023-09-21,83,1287.86,2023-09-21,38,1497.66,-45,-209.80000000000018,0,0
2023-10-12,Brazil,Venezuela,1,1,FIFA World Cup qualification,Cuiabá,Brazil,False,2023-09-21,3,1837.61,2023-09-21,53,1422.83,50,414.78,0,1
2023-10-12,Colombia,Uruguay,2,2,FIFA World Cup qualification,Barranquilla,Colombia,False,2023-09-21,16,1629.6,2023-09-21,17,1626.51,1,3.089999999999918,0,1
2023-10-12,Croatia,Turkey,0,1,UEFA Euro qualification,Osijek,Croatia,False,2023-09-21,6,1747.83,,,,,,0,0
2023-10-12,Cyprus,Norway,0,4,UEFA Euro qualification,Larnaca,Cyprus,False,2023-09-21,120,1155.95,2023-09-21,43,1470.88,-77,-314.93000000000006,0,0
2023-10-12,Egypt,Zambia,1,0,Friendly,Al Ain,United Arab Emirates,True,2023-09-21,35,1508.93,2023-09-21,82,1289.63,47,219.29999999999995,1,0
2023-10-12,Spain,Scotland,2,0,UEFA Euro qualification,Seville,Spain,False,2023-09-21,10,1710.72,2023-09-21,31,1522.67,21,188.04999999999995,1,0
2023-10-12,Suriname,Haiti,1,1,CONCACAF Nations League,Paramaribo,Suriname,False,2023-09-21,145,1063.06,2023-09-21,87,1270.76,-58,-207.70000000000005,0,1
2023-10-12,Sweden,Moldova,3,1,Friendly,Stockholm,Sweden,False,2023-09-21,23,1538.84,2023-09-21,159,1010.1,136,528.7399999999999,1,0
2023-10-13,Austria,Belgium,2,3,UEFA Euro qualification,Vienna,Austria,False,2023-09-21,25,1537.36,2023-09-21,5,1792.64,-20,-255.2800000000002,0,0
2023-10-13,Curaçao,Panama,1,2,CONCACAF Nations League,Willemstad,Curaçao,False,,,,2023-09-21,45,1452.25,,,0,0
2023-10-13,DR Congo,New Zealand,1,1,Friendly,Murcia,Spain,True,2023-09-21,64,1369.59,2023-06-29,103,1199.04,39,170.54999999999995,0,1
2023-10-13,England,Australia,1,0,Friendly,London,England,False,2023-09-21,4,1794.34,2023-09-21,27,1531.72,23,262.6199999999999,1,0
2023-10-13,Iraq,Qatar,0,0,Friendly,Amman,Jordan,True,2023-09-21,69.0,1347.38,2023-09-21,61,1395.57,-8.0,-48.18999999999983,0,1
2023-10-13,Japan,Canada,4,1,Friendly,Niigata,Japan,False,2023-09-21,19,1605.2,2023-09-21,44,1458.58,25,146.62000000000012,1,0
2023-10-13,Liechtenstein,Bosnia and Herzegovina,0,2,UEFA Euro qualification,Vaduz,Liechtenstein,False,2023-09-21,199,843.63,2023-09-21,63,1370.37,-136,-526.7399999999999,0,0
2023-10-13,Netherlands,France,1,2,UEFA Euro qualification,Amsterdam,Netherlands,False,2023-09-21,7,1743.15,2023-09-21,2,1840.76,-5,-97.6099999999999,0,0
2023-10-13,Nigeria,Saudi Arabia,2,2,Friendly,Portimão,Portugal,True,2023-09-21,40,1488.86,2023-09-21,57,1412.82,17,76.03999999999996,0,1
2023-10-13,Portugal,Slovakia,3,2,UEFA Euro qualification,Porto,Portugal,False,2023-09-21,8,1728.58,2023-09-21,48,1442.84,40,285.74,1,0
2023-10-13,South Africa,Eswatini,0,0,Friendly,Johannesburg,South Africa,False,2023-09-21,65,1368.25,2023-09-21,144,1065.69,79,302.55999999999995,0,1
2023-10-13,South Korea,Tunisia,4,0,Friendly,Seoul,South Korea,False,2023-09-21,26,1533.01,2023-09-21,29,1525.23,3,7.779999999999973,1,0
2023-10-13,Vietnam,Uzbekistan,0,2,Friendly,Dalian,China,True,2023-09-21,95,1243.14,2023-09-21,75.0,1328.35,-20.0,-85.20999999999981,0,0
2023-10-14,Ivory Coast,Morocco,1,1,Friendly,Abidjan,Ivory Coast,False,,,,2023-09-21,13,1658.32,,,0,1
2023-10-14,Mexico,Ghana,2,0,Friendly,Charlotte,United States,True,2023-09-21,12,1661.46,2023-09-21,60,1400.0,48,261.46000000000004,1,0
2023-10-14,United States,Germany,1,3,Friendly,East Hartford,United States,False,2023-09-21,11.0,1678.71,2023-09-21,15,1637.9,4.0,40.809999999999945,0,0
2023-10-15,Czech Republic,Faroe Islands,1,0,UEFA Euro qualification,Plzeň,Czech Republic,False,2023-09-21,37,1500.44,2023-09-21,131,1106.52,94,393.9200000000001,1,0
2023-10-15,Haiti,Jamaica,2,3,CONCACAF Nations League,Port of Spain,Trinidad and Tobago,True,2023-09-21,87,1270.76,2023-09-21,56,1413.73,-31,-142.97000000000003,0,0
2023-10-15,Norway,Spain,0,1,UEFA Euro qualification,Oslo,Norway,False,2023-09-21,43,1470.88,2023-09-21,10,1710.72,-33,-239.83999999999992,0,0
2023-10-15,Switzerland,Belarus,3,3,UEFA Euro qualification,St. Gallen,Switzerland,False,2023-09-21,14,1654.11,2023-09-21,105,1198.22,91,455.8899999999999,0,1
2023-10-15,Turkey,Latvia,4,0,UEFA Euro qualification,Konya,Turkey,False,,,,2023-09-21,136,1089.99,,,1,0
2023-10-15,Wales,Croatia,2,1,UEFA Euro qualification,Cardiff,Wales,False,2023-09-21,33,1510.52,2023-09-21,6,1747.83,-27,-237.30999999999995,1,0
2023-10-16,Algeria,Egypt,1,1,Friendly,Al Ain,United Arab Emirates,True,2023-09-21,34,1509.5,2023-09-21,35,1508.93,1,0.5699999999999363,0,1
2023-10-16,Azerbaijan,Austria,0,1,UEFA Euro qualification,Baku,Azerbaijan,False,2023-09-21,121,1147.69,2023-09-21,25,1537.36,-96,-389.66999999999985,0,0
2023-10-16,Belgium,Sweden,1,1,UEFA Euro qualification,Brussels,Belgium,False,2023-09-21,5,1792.64,2023-09-21,23,1538.84,18,253.80000000000018,0,1
2023-10-16,Bosnia and Herzegovina,Portugal,0,5,UEFA Euro qualification,Zenica,Bosnia and Herzegovina,False,2023-09-21,63,1370.37,2023-09-21,8,1728.58,-55,-358.21000000000004,0,0
2023-10-16,China,Uzbekistan,1,2,Friendly,Dalian,China,False,,,,2023-09-21,75.0,1328.35,,,0,0
2023-10-16,Greece,Netherlands,0,1,UEFA Euro qualification,Athens,Greece,False,2023-09-21,51,1437.26,2023-09-21,7,1743.15,-44,-305.8900000000001,0,0
2023-10-16,Senegal,Cameroon,1,0,Friendly,Lens,France,True,2023-09-21,20,1597.01,2023-09-21,41,1475.6,21,121.41000000000008,1,0
2023-10-17,Angola,DR Congo,0,0,Friendly,Setúbal,Portugal,True,2023-09-21,117,1167.7,2023-09-21,64,1369.59,-53,-201.88999999999987,0,1
2023-10-17,Australia,New Zealand,2,0,Soccer Ashes,Brentford,England,True,2023-09-21,27,1531.72,2023-06-29,103,1199.04,76,332.68000000000006,1,0
2023-10-17,Cape Verde,Comoros,1,2,Friendly,Fos-sur-Mer,Cape Verde,False,,,,2023-09-21,129,1118.62,,,0,0
2023-10-17,Curaçao,Trinidad and Tobago,5,3,CONCACAF Nations League,Willemstad,Curaçao,False,,,,2023-09-21,98.0,1217.24,,,1,0
2023-10-17,Ecuador,Colombia,0,0,FIFA World Cup qualification,Quito,Ecuador,False,2023-09-21,38,1497.66,2023-09-21,16,1629.6,-22,-131.93999999999983,0,1
2023-10-17,England,Italy,3,1,UEFA Euro qualification,London,England,False,2023-09-21,4,1794.34,2023-09-21,9,1727.37,5,66.97000000000003,1,0
2023-10-17,France,Scotland,4,1,Friendly,Lille,France,False,2023-09-21,2,1840.76,2023-09-21,31,1522.67,29,318.0899999999999,1,0
2023-10-17,Ivory Coast,South Africa,1,1,Friendly,Abidjan,Ivory Coast,False,,,,2023-09-21,65,1368.25,,,0,1
2023-10-17,Mali,Saudi Arabia,3,1,Friendly,Portimão,Portugal,True,2023-09-21,49,1441.72,2023-09-21,57,1412.82,8,28.90000000000009,1,0
2023-10-17,Mexico,Germany,2,2,Friendly,Philadelphia,United States,True,2023-09-21,12,1661.46,2023-09-21,15,1637.9,3,23.559999999999945,0,1
2023-10-17,Morocco,Liberia,3,0,African Cup of Nations qualification,Agadir,Morocco,False,2023-09-21,13,1658.32,2023-09-21,150,1047.85,137,610.47,1,0
2023-10-17,Panama,Guatemala,3,0,CONCACAF Nations League,Panama City,Panama,False,2023-09-21,45.0,1452.25,2023-09-21,103,1200.18,58.0,252.06999999999994,1,0
2023-10-17,Paraguay,Bolivia,1,0,FIFA World Cup qualification,Asunción,Paraguay,False,2023-09-21,52,1432.08,2023-09-21,83,1287.86,31,144.22000000000003,1,0
2023-10-17,Peru,Argentina,0,2,FIFA World Cup qualification,Lima,Peru,False,2023-09-21,22,1551.91,2023-09-21,1,1851.41,-21,-299.5,0,0
2023-10-17,South Korea,Vietnam,6,0,Friendly,Suwon,South Korea,False,2023-09-21,26,1533.01,2023-09-21,95,1243.14,69,289.8699999999999,1,0
2023-10-17,United States,Ghana,4,0,Friendly,Nashville,United States,False,2023-09-21,11.0,1678.71,2023-09-21,60,1400.0,49.0,278.71000000000004,1,0
2023-10-17,Uruguay,Brazil,2,0,FIFA World Cup qualification,Montevideo,Uruguay,False,2023-09-21,17,1626.51,2023-09-21,3,1837.61,-14,-211.0999999999999,1,0
2023-11-15,Belgium,Serbia,1,0,Friendly,Leuven,Belgium,False,2023-10-26,5,1793.71,2023-10-26,29.0,1525.4,24.0,268.30999999999995,1,0
2023-11-15,DR Congo,Mauritania,2,0,FIFA World Cup qualification,Kinshasa,DR Congo,False,2023-10-26,65,1366.18,2023-10-26,101,1208.99,36,157.19000000000005,1,0
2023-11-15,Israel,Switzerland,1,1,UEFA Euro qualification,Felcsút,Hungary,True,2023-10-26,71,1336.34,2023-10-26,14,1645.38,-57,-309.0400000000002,0,1
2023-11-16,Algeria,Somalia,3,1,FIFA World Cup qualification,Algiers,Algeria,False,2023-10-26,33,1512.9,2023-10-26,196,852.06,163,660.8400000000001,1,0
2023-11-16,Argentina,Uruguay,0,2,FIFA World Cup qualification,Buenos Aires,Argentina,False,2023-10-26,1,1861.29,2023-10-26,15,1643.72,14,217.56999999999994,0,0
2023-11-16,Australia,Bangladesh,7,0,FIFA World Cup qualification,Melbourne,Australia,False,2023-10-26,27,1531.25,2023-10-26,183,912.6,156,618.65,1,0
2023-11-16,Azerbaijan,Sweden,3,0,UEFA Euro qualification,Baku,Azerbaijan,False,2023-10-26,120,1155.91,2023-10-26,23,1545.76,-97,-389.8499999999999,1,0
2023-11-16,Cape Verde,Angola,0,0,FIFA World Cup qualification,Praia,Cape Verde,False,,,,2023-10-26,116,1169.64,,,0,1
2023-11-16,Chile,Paraguay,0,0,FIFA World Cup qualification,Santiago,Chile,False,2023-10-26,37,1503.81,2023-10-26,53,1436.96,16,66.84999999999991,0,1
2023-11-16,Colombia,Brazil,2,1,FIFA World Cup qualification,Barranquilla,Colombia,False,2023-10-26,17,1626.6,2023-10-26,3,1812.2,-14,-185.60000000000014,1,0
2023-11-16,Costa Rica,Panama,0,3,CONCACAF Nations League,San José,Costa Rica,False,2023-10-26,46,1452.1,2023-10-26,44,1461.09,-2,-8.990000000000009,0,0
2023-11-16,Curaçao,El Salvador,1,1,Friendly,Willemstad,Curaçao,False,,,,2023-10-26,77,1307.0,,,0,1
2023-11-16,Cyprus,Spain,1,3,UEFA Euro qualification,Limassol,Cyprus,False,2023-10-26,124,1141.27,2023-10-26,8,1725.97,-116,-584.7,0,0
2023-11-16,Egypt,Djibouti,6,0,FIFA World Cup qualification,Cairo,Egypt,False,2023-10-26,35,1511.95,2023-10-26,189,889.2,154,622.75,1,0
2023-11-16,Estonia,Austria,0,2,UEFA Euro qualification,Tallinn,Estonia,False,2023-10-26,118,1159.33,2023-10-26,25,1535.41,-93,-376.08000000000015,0,0
2023-11-16,Georgia,Scotland,2,2,UEFA Euro qualification,Tbilisi,Georgia,False,2023-10-26,76,1312.14,2023-10-26,34,1512.34,-42,-200.19999999999982,0,1
2023-11-16,Iran,Hong Kong,4,0,FIFA World Cup qualification,Tehran,Iran,False,2023-10-26,21,1567.3,2023-10-26,150,1045.01,129,522.29,1,0
2023-11-16,Iraq,Indonesia,5,1,FIFA World Cup qualification,Basra,Iraq,False,2023-10-26,68.0,1349.73,2023-10-26,145,1069.82,77.0,279.9100000000001,1,0
2023-11-16,Japan,Myanmar,5,0,FIFA World Cup qualification,Suita,Japan,False,2023-10-26,18,1612.99,2023-10-26,158,1011.73,140,601.26,1,0
2023-11-16,Liechtenstein,Portugal,0,2,UEFA Euro qualification,Vaduz,Liechtenstein,False,2023-10-26,200,837.61,2023-10-26,6,1739.83,-194,-902.2199999999999,0,0
2023-11-16,Luxembourg,Bosnia and Herzegovina,4,1,UEFA Euro qualification,Luxembourg,Luxembourg,False,2023-10-26,87,1266.67,2023-10-26,63,1368.3,-24,-101.62999999999988,1,0
2023-11-16,Norway,Faroe Islands,2,0,Friendly,Oslo,Norway,False,2023-10-26,42,1469.56,2023-10-26,135,1097.66,93,371.89999999999986,1,0
2023-11-16,Qatar,Afghanistan,8,1,FIFA World Cup qualification,Al Rayyan,Qatar,False,2023-10-26,61,1394.16,2023-10-26,154,1033.8,93,360.3600000000001,1,0
2023-11-16,Saudi Arabia,Pakistan,4,0,FIFA World Cup qualification,Al Hofuf,Saudi Arabia,False,2023-10-26,57,1408.85,2023-10-26,193,864.84,136,544.0099999999999,1,0
2023-11-16,South Korea,Singapore,5,0,FIFA World Cup qualification,Seoul,South Korea,False,2023-10-26,24,1540.35,2023-10-26,155,1032.89,131,507.4599999999998,1,0
2023-11-16,Tajikistan,Jordan,1,1,FIFA World Cup qualification,Dushanbe,Tajikistan,False,2023-10-26,109,1187.23,2023-10-26,82,1284.39,-27,-97.16000000000008,0,1
2023-11-16,Turkmenistan,Uzbekistan,1,3,FIFA World Cup qualification,Ashgabat,Turkmenistan,False,2023-10-26,141,1086.12,2023-10-26,73.0,1333.09,-68.0,-246.97000000000003,0,0
2023-11-16,United States,Trinidad and Tobago,3,0,CONCACAF Nations League,Austin,United States,False,2023-10-26,11.0,1675.89,2023-10-26,99.0,1217.43,88.0,458.46000000000004,1,0
2023-11-16,Venezuela,Ecuador,0,0,FIFA World Cup qualification,Maturín,Venezuela,False,2023-10-26,49,1445.67,2023-10-26,36,1508.31,-13,-62.63999999999987,0,1
2023-11-17,England,Malta,2,0,UEFA Euro qualification,London,England,False,2023-10-26,4,1807.88,2023-10-26,171,968.25,167,839.6300000000001,1,0
2023-11-17,Ghana,Madagascar,1,0,FIFA World Cup qualification,Kumasi,Ghana,False,2023-10-26,60,1394.74,2023-10-26,108,1188.57,48,206.17000000000007,1,0
2023-11-17,Greece,New Zealand,2,0,Friendly,Athens,Greece,False,2023-10-26,51,1442.96,2023-06-29,103,1199.04,52,243.92000000000007,1,0
2023-11-17,Honduras,Mexico,2,0,CONCACAF Nations League,Tegucigalpa,Honduras,False,2023-10-26,78,1305.07,2023-10-26,12,1663.94,-66,-358.8700000000001,1,0
2023-11-17,Ivory Coast,Seychelles,9,0,FIFA World Cup qualification,Abidjan,Ivory Coast,False,,,,2023-10-26,195,853.5,,,1,0
2023-11-17,Poland,Czech Republic,1,1,UEFA Euro qualification,Warsaw,Poland,False,2023-10-26,31,1519.28,2023-10-26,41,1489.72,10,29.559999999999945,0,1
2023-11-17,Tunisia,São Tomé and Príncipe,4,0,FIFA World Cup qualification,Radès,Tunisia,False,2023-10-26,32,1516.14,2023-10-26,186,897.69,154,618.45,1,0
2023-11-18,France,Gibraltar,14,0,UEFA Euro qualification,Nice,France,False,2023-10-26,2,1853.11,2023-10-26,198,842.07,196,1011.0399999999998,1,0
2023-11-18,Germany,Turkey,2,3,Friendly,Berlin,Germany,False,2023-10-26,16,1643.49,,,,,,0,0
2023-11-18,Jamaica,Canada,1,2,CONCACAF Nations League,Kingston,Jamaica,False,2023-10-26,55,1421.39,2023-10-26,45,1454.95,-10,-33.559999999999945,0,0
2023-11-18,Latvia,Croatia,0,2,UEFA Euro qualification,Riga,Latvia,False,2023-10-26,132,1101.7,2023-10-26,10,1711.88,-122,-610.1800000000001,0,0
2023-11-18,Netherlands,Republic of Ireland,1,0,UEFA Euro qualification,Amsterdam,Netherlands,False,2023-10-26,7,1739.26,2023-10-26,58,1406.94,51,332.31999999999994,1,0
2023-11-18,Senegal,South Sudan,4,0,FIFA World Cup qualification,Diamniadio,Senegal,False,2023-10-26,20,1600.82,2023-10-26,167,986.56,147,614.26,1,0
2023-11-18,South Africa,Benin,2,1,FIFA World Cup qualification,Durban,South Africa,False,2023-10-26,64,1366.35,2023-10-26,93,1238.89,29,127.45999999999981,1,0
2023-11-18,Switzerland,Kosovo,1,1,UEFA Euro qualification,Basel,Switzerland,False,2023-10-26,14,1645.38,2023-10-26,105,1190.74,91,454.6400000000001,0,1
2023-11-19,Belgium,Azerbaijan,5,0,UEFA Euro qualification,Brussels,Belgium,False,2023-10-26,5,1793.71,2023-10-26,120,1155.91,115,637.8,1,0
2023-11-19,Bosnia and Herzegovina,Slovakia,1,2,UEFA Euro qualification,Zenica,Bosnia and Herzegovina,False,2023-10-26,63,1368.3,2023-10-26,50,1445.34,-13,-77.03999999999996,0,0
2023-11-19,Mozambique,Algeria,0,2,FIFA World Cup qualification,Maputo,Mozambique,False,2023-10-26,113,1176.58,2023-10-26,33,1512.9,-80,-336.32000000000016,0,0
2023-11-19,Portugal,Iceland,2,0,UEFA Euro qualification,Lisbon,Portugal,False,2023-10-26,6,1739.83,2023-10-26,67,1353.17,61,386.65999999999985,1,0
2023-11-19,Scotland,Norway,3,3,UEFA Euro qualification,Glasgow,Scotland,False,2023-10-26,34,1512.34,2023-10-26,42,1469.56,8,42.77999999999997,0,1
2023-11-19,Sierra Leone,Egypt,0,2,FIFA World Cup qualification,Monrovia,Liberia,True,2023-10-26,122,1145.12,2023-10-26,35,1511.95,-87,-366.83000000000015,0,0
2023-11-19,Spain,Georgia,3,1,UEFA Euro qualification,Valladolid,Spain,False,2023-10-26,8,1725.97,2023-10-26,76,1312.14,68,413.8299999999999,1,0
2023-11-19,Sudan,DR Congo,1,0,FIFA World Cup qualification,Benghazi,Libya,True,2023-10-26,130,1109.22,2023-10-26,65,1366.18,-65,-256.96000000000004,1,0
2023-11-19,Sweden,Estonia,2,0,UEFA Euro qualification,Stockholm,Sweden,False,2023-10-26,23,1545.76,2023-10-26,118,1159.33,95,386.43000000000006,1,0
2023-11-20,Curaçao,El Salvador,1,1,Friendly,Willemstad,Curaçao,False,,,,2023-10-26,77,1307.0,,,0,1
2023-11-20,Czech Republic,Moldova,3,0,UEFA Euro qualification,Olomouc,Czech Republic,False,2023-10-26,41,1489.72,2023-10-26,157,1018.45,116,471.27,1,0
2023-11-20,Gambia,Ivory Coast,0,2,FIFA World Cup qualification,Dar es Salaam,Tanzania,True,2022-08-25,124,1137.47,,,,,,0,0
2023-11-20,North Macedonia,England,1,1,UEFA Euro qualification,Skopje,North Macedonia,False,2023-10-26,66,1358.41,2023-10-26,4,1807.88,-62,-449.47,0,1
2023-11-20,Panama,Costa Rica,3,1,CONCACAF Nations League,Panama City,Panama,False,2023-10-26,44.0,1461.09,2023-10-26,46,1452.1,2.0,8.990000000000009,1,0
2023-11-20,Trinidad and Tobago,United States,2,1,CONCACAF Nations League,Port of Spain,Trinidad and Tobago,False,2023-10-26,99,1217.43,2023-10-26,11,1675.89,-88,-458.46000000000004,1,0
2023-11-21,Austria,Germany,2,0,Friendly,Vienna,Austria,False,2023-10-26,25,1535.41,2023-10-26,16,1643.49,-9,-108.07999999999993,1,0
2023-11-21,Brazil,Argentina,0,1,FIFA World Cup qualification,Rio de Janeiro,Brazil,False,2023-10-26,3,1812.2,2023-10-26,1,1861.29,-2,-49.08999999999992,0,0
2023-11-21,Canada,Jamaica,2,3,CONCACAF Nations League,Toronto,Canada,False,2023-10-26,45,1454.95,2023-10-26,55,1421.39,10,33.559999999999945,0,0
2023-11-21,China,South Korea,0,3,FIFA World Cup qualification,Shenzhen,China,False,,,,2023-10-26,24,1540.35,,,0,0
2023-11-21,Comoros,Ghana,1,0,FIFA World Cup qualification,Moroni,Comoros,False,2023-10-26,128,1125.57,2023-10-26,60,1394.74,-68,-269.1700000000001,1,0
2023-11-21,Croatia,Armenia,1,0,UEFA Euro qualification,Zagreb,Croatia,False,2023-10-26,10,1711.88,2023-10-26,95,1234.25,85,477.6300000000001,1,0
2023-11-21,Ecuador,Chile,1,0,FIFA World Cup qualification,Quito,Ecuador,False,2023-10-26,36,1508.31,2023-10-26,37,1503.81,1,4.5,1,0
2023-11-21,Eswatini,Cape Verde,0,2,FIFA World Cup qualification,Mbombela,South Africa,True,2023-10-26,146,1063.13,,,,,,0,0
2023-11-21,Gibraltar,Netherlands,0,6,UEFA Euro qualification,Faro-Loulé,Portugal,True,2023-10-26,198,842.07,2023-10-26,7,1739.26,-191,-897.1899999999999,0,0
2023-11-21,Greece,France,2,2,UEFA Euro qualification,Athens,Greece,False,2023-10-26,51,1442.96,2023-10-26,2,1853.11,-49,-410.14999999999986,0,1
2023-11-21,India,Qatar,0,3,FIFA World Cup qualification,Bhubaneswar,India,False,2023-10-26,102,1198.84,2023-10-26,61,1394.16,-41,-195.32000000000016,0,0
2023-11-21,Jordan,Saudi Arabia,0,2,FIFA World Cup qualification,Amman,Jordan,False,2023-10-26,82.0,1284.39,2023-10-26,57,1408.85,-25.0,-124.45999999999981,0,0
2023-11-21,Malawi,Tunisia,0,1,FIFA World Cup qualification,Lilongwe,Malawi,False,2023-10-26,123,1144.29,2023-10-26,32,1516.14,-91,-371.85000000000014,0,0
2023-11-21,Mexico,Honduras,2,0,CONCACAF Nations League,Mexico City,Mexico,False,2023-10-26,12,1663.94,2023-10-26,78,1305.07,66,358.8700000000001,1,0
2023-11-21,Palestine,Australia,0,1,FIFA World Cup qualification,Kuwait City,Kuwait,True,2023-10-26,96,1224.05,2023-10-26,27,1531.25,-69,-307.20000000000005,0,0
2023-11-21,Paraguay,Colombia,0,1,FIFA World Cup qualification,Asunción,Paraguay,False,2023-10-26,53,1436.96,2023-10-26,17,1626.6,-36,-189.63999999999987,0,0
2023-11-21,Republic of Ireland,New Zealand,1,1,Friendly,Dublin,Republic of Ireland,False,2023-10-26,58,1406.94,2023-06-29,103,1199.04,45,207.9000000000001,0,1
2023-11-21,Romania,Switzerland,1,0,UEFA Euro qualification,Bucharest,Romania,False,2023-10-26,48,1446.52,2023-10-26,14,1645.38,-34,-198.86000000000013,1,0
2023-11-21,Rwanda,South Africa,2,0,FIFA World Cup qualification,Butare,Rwanda,False,2023-10-26,140,1087.03,2023-10-26,64,1366.35,-76,-279.31999999999994,1,0
2023-11-21,Syria,Japan,0,5,FIFA World Cup qualification,Jeddah,Saudi Arabia,True,2023-10-26,92,1239.37,2023-10-26,18,1612.99,-74,-373.6200000000001,0,0
2023-11-21,Tanzania,Morocco,0,2,FIFA World Cup qualification,Dar es Salaam,Tanzania,False,2023-10-26,121,1146.46,2023-10-26,13,1658.49,-108,-512.03,0,0
2023-11-21,Togo,Senegal,0,0,FIFA World Cup qualification,Lomé,Togo,False,2023-10-26,119,1158.24,2023-10-26,20,1600.82,-99,-442.5799999999999,0,1
2023-11-21,Uruguay,Bolivia,3,0,FIFA World Cup qualification,Montevideo,Uruguay,False,2023-10-26,15,1643.72,2023-10-26,85,1271.09,70,372.6300000000001,1,0
2023-11-21,Uzbekistan,Iran,2,2,FIFA World Cup qualification,Tashkent,Uzbekistan,False,2023-10-26,73,1333.09,2023-10-26,21,1567.3,-52,-234.21000000000004,0,1
2023-11-21,Vietnam,Iraq,0,1,FIFA World Cup qualification,Hanoi,Vietnam,False,2023-10-26,94,1236.25,2023-10-26,68.0,1349.73,-26.0,-113.48000000000002,0,0
2023-11-21,Wales,Turkey,1,1,UEFA Euro qualification,Cardiff,Wales,False,2023-10-26,28,1528.69,,,,,,0,1
2023-12-16,Mexico,Colombia,2,3,Friendly,Los Angeles,United States,True,2023-11-30,14,1655.21,2023-11-30,15,1651.2,1,4.009999999999991,0,0
2024-01-01,Japan,Thailand,5,0,Friendly,Tokyo,Japan,False,2023-12-21,17,1620.19,2023-12-21,113,1176.75,96,443.44000000000005,1,0
2024-01-04,Saudi Arabia,Lebanon,1,0,Friendly,Doha,Qatar,True,2023-12-21,56,1421.06,2023-12-21,107,1192.58,51,228.48000000000002,1,0
2024-01-05,Iran,Burkina Faso,2,1,Friendly,Kish,Iran,False,2023-12-21,21,1565.08,2023-12-21,57,1411.01,36,154.06999999999994,1,0
2024-01-05,Qatar,Jordan,1,2,Friendly,Al Rayyan,Qatar,False,2023-12-21,58,1407.3,2023-12-21,87,1272.63,29,134.66999999999985,0,0
2024-01-05,Togo,Algeria,0,3,Friendly,Lomé,Togo,False,2023-12-21,118,1165.74,2023-12-21,30,1520.26,-88,-354.52,0,0
2024-01-06,Bahrain,Australia,0,2,Friendly,Abu Dhabi,United Arab Emirates,True,2023-12-21,86,1277.29,2023-12-21,25,1539.22,-61,-261.93000000000006,0,0
2024-01-06,DR Congo,Angola,0,0,Friendly,Dubai,United Arab Emirates,True,2023-12-21,67,1356.66,2023-12-21,117,1168.05,50,188.61000000000013,0,1
2024-01-06,Iraq,South Korea,0,1,Friendly,Abu Dhabi,United Arab Emirates,True,2023-12-21,63.0,1365.98,2023-12-21,23,1550.65,-40.0,-184.67000000000007,0,0
2024-01-06,Ivory Coast,Sierra Leone,5,1,Friendly,San-Pédro,Ivory Coast,False,,,,2023-12-21,127,1138.53,,,1,0
2024-01-06,Tunisia,Mauritania,0,0,Friendly,Radès,Tunisia,False,2023-12-21,28,1523.23,2023-12-21,105,1195.25,77,327.98,0,1
2024-01-07,Egypt,Tanzania,2,0,Friendly,Cairo,Egypt,False,2023-12-21,33,1518.91,2023-12-21,121,1155.19,88,363.72,1,0
2024-01-07,Uzbekistan,Palestine,1,0,Friendly,Doha,Qatar,True,2023-12-21,68,1345.26,2023-12-21,99,1217.6,31,127.66000000000008,1,0
2024-01-08,Ghana,Namibia,0,0,Friendly,Kumasi,Ghana,False,2023-12-21,61,1384.19,2023-12-21,115,1168.38,54,215.80999999999995,0,1
2024-01-08,Senegal,Niger,1,0,Friendly,Dakar,Senegal,False,2023-12-21,20,1594.31,2023-12-21,129,1127.75,109,466.55999999999995,1,0
2024-01-09,Burundi,Algeria,0,4,Friendly,Lomé,Togo,True,2023-12-21,139,1086.62,2023-12-21,30,1520.26,-109,-433.6400000000001,0,0
2024-01-09,Indonesia,Iran,0,5,Friendly,Al Rayyan,Qatar,True,2023-12-21,146,1064.01,2023-12-21,21,1565.08,-125,-501.06999999999994,0,0
2024-01-09,Japan,Jordan,6,1,Friendly,Doha,Qatar,True,2023-12-21,17,1620.19,2023-12-21,87,1272.63,70,347.55999999999995,1,0
2024-01-09,Saudi Arabia,Palestine,0,0,Friendly,Al Wakrah,Qatar,True,2023-12-21,56,1421.06,2023-12-21,99,1217.6,43,203.46000000000004,0,1
2024-01-10,DR Congo,Burkina Faso,1,2,Friendly,Abu Dhabi,United Arab Emirates,True,2023-12-21,67,1356.66,2023-12-21,57,1411.01,-10,-54.34999999999991,0,0
2024-01-10,Saudi Arabia,Hong Kong,2,0,Friendly,Al Wakrah,Qatar,True,2023-12-21,56,1421.06,2023-12-21,150,1042.93,94,378.1299999999999,1,0
2024-01-10,South Africa,Lesotho,0,0,Friendly,Pretoria,South Africa,False,2023-12-21,66,1357.08,2023-12-21,148,1047.27,82,309.80999999999995,0,1
2024-01-10,Tunisia,Cape Verde,2,0,Friendly,Radès,Tunisia,False,2023-12-21,28,1523.23,,,,,,1,0
2024-01-11,Morocco,Sierra Leone,3,1,Friendly,San-Pédro,Ivory Coast,True,2023-12-21,13,1661.69,2023-12-21,127,1138.53,114,523.1600000000001,1,0
2024-01-12,Qatar,Lebanon,3,0,AFC Asian Cup,Lusail,Qatar,False,2023-12-21,58,1407.3,2023-12-21,107,1192.58,49,214.72000000000003,1,0
2024-01-12,Sweden,Estonia,2,1,Friendly,Paphos,Cyprus,True,2023-12-21,26,1530.19,2023-12-21,122,1149.7,96,380.49,1,0
2024-01-13,Australia,India,2,0,AFC Asian Cup,Al Rayyan,Qatar,True,2023-12-21,25,1539.22,2023-12-21,102,1200.8,77,338.4200000000001,1,0
2024-01-13,Ivory Coast,Guinea-Bissau,2,0,African Cup of Nations,Ebimpé,Ivory Coast,False,,,,2023-12-21,103,1197.83,,,1,0
2024-01-13,Uzbekistan,Syria,0,0,AFC Asian Cup,Doha,Qatar,True,2023-12-21,68,1345.26,2023-12-21,91,1245.27,23,99.99000000000001,0,1
2024-01-14,Egypt,Mozambique,2,2,African Cup of Nations,Abidjan,Ivory Coast,True,2023-12-21,33,1518.91,2023-12-21,111,1180.72,78,338.19000000000005,0,1
2024-01-14,Ghana,Cape Verde,1,2,African Cup of Nations,Abidjan,Ivory Coast,True,2023-12-21,61,1384.19,,,,,,0,0
2024-01-14,Iran,Palestine,4,1,AFC Asian Cup,Al Rayyan,Qatar,True,2023-12-21,21,1565.08,2023-12-21,99,1217.6,78,347.48,1,0
2024-01-14,Japan,Vietnam,4,2,AFC Asian Cup,Doha,Qatar,True,2023-12-21,17,1620.19,2023-12-21,94,1235.58,77,384.6100000000001,1,0
2024-01-15,Algeria,Angola,1,1,African Cup of Nations,Bouaké,Ivory Coast,True,2023-12-21,30,1520.26,2023-12-21,117,1168.05,87,352.21000000000004,0,1
2024-01-15,Indonesia,Iraq,1,3,AFC Asian Cup,Doha,Qatar,True,2023-12-21,146,1064.01,2023-12-21,63.0,1365.98,-83.0,-301.97,0,0
2024-01-15,Malaysia,Jordan,0,4,AFC Asian Cup,Al Wakrah,Qatar,True,2023-12-21,130,1122.87,2023-12-21,87,1272.63,-43,-149.76000000000022,0,0
2024-01-15,Senegal,Gambia,3,0,African Cup of Nations,Yamoussoukro,Ivory Coast,True,2023-12-21,20,1594.31,2022-08-25,124,1137.47,104,456.8399999999999,1,0
2024-01-15,South Korea,Bahrain,3,1,AFC Asian Cup,Doha,Qatar,True,2023-12-21,23,1550.65,2023-12-21,86,1277.29,63,273.3600000000001,1,0
2024-01-16,Mali,South Africa,2,0,African Cup of Nations,Korhogo,Ivory Coast,True,2023-12-21,51,1445.6,2023-12-21,66,1357.08,15,88.51999999999998,1,0
2024-01-16,Saudi Arabia,Oman,2,1,AFC Asian Cup,Al Rayyan,Qatar,True,2023-12-21,56,1421.06,2023-12-21,74,1324.89,18,96.16999999999985,1,0
2024-01-16,Tunisia,Namibia,0,1,African Cup of Nations,Korhogo,Ivory Coast,True,2023-12-21,28,1523.23,2023-12-21,115,1168.38,87,354.8499999999999,0,0
2024-01-17,DR Congo,Zambia,1,1,African Cup of Nations,San-Pédro,Ivory Coast,True,2023-12-21,67,1356.66,2023-12-21,84,1284.56,17,72.10000000000014,0,1
2024-01-17,Morocco,Tanzania,3,0,African Cup of Nations,San-Pédro,Ivory Coast,True,2023-12-21,13,1661.69,2023-12-21,121,1155.19,108,506.5,1,0
2024-01-17,Qatar,Tajikistan,1,0,AFC Asian Cup,Al Khor,Qatar,False,2023-12-21,58,1407.3,2023-12-21,106.0,1195.07,48.0,212.23000000000002,1,0
2024-01-18,Egypt,Ghana,2,2,African Cup of Nations,Abidjan,Ivory Coast,True,2023-12-21,33,1518.91,2023-12-21,61,1384.19,28,134.72000000000003,0,1
2024-01-18,India,Uzbekistan,0,3,AFC Asian Cup,Al Rayyan,Qatar,True,2023-12-21,102,1200.8,2023-12-21,68.0,1345.26,-34.0,-144.46000000000004,0,0
2024-01-18,Ivory Coast,Nigeria,0,1,African Cup of Nations,Ebimpé,Ivory Coast,False,,,,2023-12-21,42,1474.44,,,0,0
2024-01-18,Syria,Australia,0,1,AFC Asian Cup,Doha,Qatar,True,2023-12-21,91,1245.27,2023-12-21,25,1539.22,-66,-293.95000000000005,0,0
2024-01-19,Cape Verde,Mozambique,3,0,African Cup of Nations,Abidjan,Ivory Coast,True,,,,2023-12-21,111,1180.72,,,1,0
2024-01-19,Hong Kong,Iran,0,1,AFC Asian Cup,Al Rayyan,Qatar,True,2023-12-21,150,1042.93,2023-12-21,21,1565.08,-129,-522.1499999999999,0,0
2024-01-19,Iraq,Japan,2,1,AFC Asian Cup,Al Rayyan,Qatar,True,2023-12-21,63.0,1365.98,2023-12-21,17,1620.19,-46.0,-254.21000000000004,1,0
2024-01-19,Senegal,Cameroon,3,1,African Cup of Nations,Yamoussoukro,Ivory Coast,True,2023-12-21,20,1594.31,2023-12-21,46,1463.06,26,131.25,1,0
2024-01-20,Algeria,Burkina Faso,2,2,African Cup of Nations,Bouaké,Ivory Coast,True,2023-12-21,30,1520.26,2023-12-21,57,1411.01,27,109.25,0,1
2024-01-20,Jordan,South Korea,2,2,AFC Asian Cup,Doha,Qatar,True,2023-12-21,87.0,1272.63,2023-12-21,23,1550.65,-64.0,-278.02,0,1
2024-01-20,Tunisia,Mali,1,1,African Cup of Nations,Korhogo,Ivory Coast,True,2023-12-21,28,1523.23,2023-12-21,51,1445.6,23,77.63000000000011,0,1
2024-01-20,United States,Slovenia,0,1,Friendly,San Antonio,United States,False,2023-12-21,12.0,1665.27,2023-12-21,54,1427.84,42.0,237.43000000000006,0,0
2024-01-21,Kyrgyzstan,Saudi Arabia,0,2,AFC Asian Cup,Al Rayyan,Qatar,True,,,,2023-12-21,56,1421.06,,,0,0
2024-01-21,Morocco,DR Congo,1,1,African Cup of Nations,San-Pédro,Ivory Coast,True,2023-12-21,13,1661.69,2023-12-21,67,1356.66,54,305.03,0,1
2024-01-21,South Africa,Namibia,4,0,African Cup of Nations,Korhogo,Ivory Coast,True,2023-12-21,66,1357.08,2023-12-21,115,1168.38,49,188.69999999999982,1,0
2024-01-22,Cape Verde,Egypt,2,2,African Cup of Nations,Abidjan,Ivory Coast,True,,,,2023-12-21,33,1518.91,,,0,1
2024-01-22,Ivory Coast,Equatorial Guinea,0,4,African Cup of Nations,Ebimpé,Ivory Coast,False,,,,2023-12-21,88,1268.43,,,0,0
2024-01-22,Mozambique,Ghana,2,2,African Cup of Nations,Ebimpé,Ivory Coast,True,2023-12-21,111,1180.72,2023-12-21,61,1384.19,-50,-203.47000000000003,0,1
2024-01-22,Qatar,China,1,0,AFC Asian Cup,Al Rayyan,Qatar,False,2023-12-21,58,1407.3,,,,,,1,0
2024-01-23,Australia,Uzbekistan,1,1,AFC Asian Cup,Al Wakrah,Qatar,True,2023-12-21,25,1539.22,2023-12-21,68.0,1345.26,43.0,193.96000000000004,0,1
2024-01-23,Guinea,Senegal,0,2,African Cup of Nations,Yamoussoukro,Ivory Coast,True,2023-12-21,80,1290.01,2023-12-21,20,1594.31,-60,-304.29999999999995,0,0
2024-01-23,Iran,United Arab Emirates,2,1,AFC Asian Cup,Al Rayyan,Qatar,True,2023-12-21,21,1565.08,2023-12-21,64,1364.46,43,200.6199999999999,1,0
2024-01-23,Mauritania,Algeria,1,0,African Cup of Nations,Bouaké,Ivory Coast,True,2023-12-21,105,1195.25,2023-12-21,30,1520.26,-75,-325.01,1,0
2024-01-24,Iraq,Vietnam,3,2,AFC Asian Cup,Doha,Qatar,True,2023-12-21,63.0,1365.98,2023-12-21,94,1235.58,31.0,130.4000000000001,1,0
2024-01-24,Japan,Indonesia,3,1,AFC Asian Cup,Doha,Qatar,True,2023-12-21,17,1620.19,2023-12-21,146,1064.01,129,556.1800000000001,1,0
2024-01-24,South Africa,Tunisia,0,0,African Cup of Nations,Korhogo,Ivory Coast,True,2023-12-21,66,1357.08,2023-12-21,28,1523.23,-38,-166.1500000000001,0,1
2024-01-24,Tanzania,DR Congo,0,0,African Cup of Nations,Korhogo,Ivory Coast,True,2023-12-21,121,1155.19,2023-12-21,67,1356.66,-54,-201.47000000000003,0,1
2024-01-24,Zambia,Morocco,0,1,African Cup of Nations,San-Pédro,Ivory Coast,True,2023-12-21,84,1284.56,2023-12-21,13,1661.69,-71,-377.1300000000001,0,0
2024-01-25,Jordan,Bahrain,0,1,AFC Asian Cup,Al Rayyan,Qatar,True,2023-12-21,87.0,1272.63,2023-12-21,86,1277.29,-1.0,-4.6599999999998545,0,0
2024-01-25,Saudi Arabia,Thailand,0,0,AFC Asian Cup,Al Rayyan,Qatar,True,2023-12-21,56,1421.06,2023-12-21,113,1176.75,57,244.30999999999995,0,1
2024-01-25,South Korea,Malaysia,3,3,AFC Asian Cup,Al Wakrah,Qatar,True,2023-12-21,23,1550.65,2023-12-21,130,1122.87,107,427.7800000000002,0,1
2024-01-28,Australia,Indonesia,4,0,AFC Asian Cup,Doha,Qatar,True,2023-12-21,25,1539.22,2023-12-21,146,1064.01,121,475.21000000000004,1,0
2024-01-28,Egypt,DR Congo,1,1,African Cup of Nations,San-Pédro,Ivory Coast,True,2023-12-21,33,1518.91,2023-12-21,67,1356.66,34,162.25,0,1
2024-01-29,Cape Verde,Mauritania,1,0,African Cup of Nations,Abidjan,Ivory Coast,True,,,,2023-12-21,105,1195.25,,,1,0
2024-01-29,Iraq,Jordan,2,3,AFC Asian Cup,Al Rayyan,Qatar,True,2023-12-21,63.0,1365.98,2023-12-21,87,1272.63,24.0,93.34999999999991,0,0
2024-01-29,Ivory Coast,Senegal,1,1,African Cup of Nations,Yamoussoukro,Ivory Coast,False,,,,2023-12-21,20,1594.31,,,0,1
2024-01-29,Qatar,Palestine,2,1,AFC Asian Cup,Al Khor,Qatar,False,2023-12-21,58,1407.3,2023-12-21,99,1217.6,41,189.70000000000005,1,0
2024-01-30,Morocco,South Africa,0,2,African Cup of Nations,San-Pédro,Ivory Coast,True,2023-12-21,13,1661.69,2023-12-21,66,1357.08,53,304.6100000000001,0,0
2024-01-30,Saudi Arabia,South Korea,1,1,AFC Asian Cup,Al Rayyan,Qatar,True,2023-12-21,56,1421.06,2023-12-21,23,1550.65,-33,-129.59000000000015,0,1
2024-01-30,Uzbekistan,Thailand,2,1,AFC Asian Cup,Al Wakrah,Qatar,True,2023-12-21,68,1345.26,2023-12-21,113,1176.75,45,168.51,1,0
2024-01-31,Bahrain,Japan,1,3,AFC Asian Cup,Doha,Qatar,True,2023-12-21,86,1277.29,2023-12-21,17,1620.19,-69,-342.9000000000001,0,0
2024-01-31,Iran,Syria,1,1,AFC Asian Cup,Doha,Qatar,True,2023-12-21,21,1565.08,2023-12-21,91,1245.27,70,319.80999999999995,0,1
2024-02-02,Australia,South Korea,1,2,AFC Asian Cup,Al Wakrah,Qatar,True,2023-12-21,25,1539.22,2023-12-21,23,1550.65,-2,-11.430000000000064,0,0
2024-02-02,DR Congo,Guinea,3,1,African Cup of Nations,Ebimpé,Ivory Coast,True,2023-12-21,67,1356.66,2023-12-21,80,1290.01,13,66.65000000000009,1,0
2024-02-02,Tajikistan,Jordan,0,1,AFC Asian Cup,Al Rayyan,Qatar,True,2023-12-21,106,1195.07,2023-12-21,87,1272.63,-19,-77.56000000000017,0,0
2024-02-03,Cape Verde,South Africa,0,0,African Cup of Nations,Yamoussoukro,Ivory Coast,True,,,,2023-12-21,66,1357.08,,,0,1
2024-02-03,Iran,Japan,2,1,AFC Asian Cup,Al Rayyan,Qatar,True,2023-12-21,21,1565.08,2023-12-21,17,1620.19,-4,-55.11000000000013,1,0
2024-02-03,Ivory Coast,Mali,2,1,African Cup of Nations,Bouaké,Ivory Coast,False,,,,2023-12-21,51,1445.6,,,1,0
2024-02-03,Qatar,Uzbekistan,1,1,AFC Asian Cup,Al Khor,Qatar,False,2023-12-21,58,1407.3,2023-12-21,68.0,1345.26,10.0,62.039999999999964,0,1
2024-02-06,Jordan,South Korea,2,0,AFC Asian Cup,Al Rayyan,Qatar,True,2023-12-21,87.0,1272.63,2023-12-21,23,1550.65,-64.0,-278.02,1,0
2024-02-07,Ivory Coast,DR Congo,1,0,African Cup of Nations,Ebimpé,Ivory Coast,False,,,,2023-12-21,67,1356.66,,,1,0
2024-02-07,Nigeria,South Africa,1,1,African Cup of Nations,Bouaké,Ivory Coast,True,2023-12-21,42,1474.44,2023-12-21,66,1357.08,24,117.36000000000013,0,1
2024-02-07,Qatar,Iran,3,2,AFC Asian Cup,Doha,Qatar,False,2023-12-21,58,1407.3,2023-12-21,21,1565.08,-37,-157.77999999999997,1,0
2024-02-10,Qatar,Jordan,3,1,AFC Asian Cup,Lusail,Qatar,False,2023-12-21,58,1407.3,2023-12-21,87,1272.63,29,134.66999999999985,1,0
2024-02-10,South Africa,DR Congo,0,0,African Cup of Nations,Abidjan,Ivory Coast,True,2023-12-21,66,1357.08,2023-12-21,67,1356.66,1,0.4199999999998454,0,1
2024-02-11,Ivory Coast,Nigeria,2,1,African Cup of Nations,Ebimpé,Ivory Coast,False,,,,2023-12-21,42,1474.44,,,1,0
2024-03-21,Australia,Lebanon,2,0,FIFA World Cup qualification,Sydney,Australia,False,2024-02-15,23,1554.82,2024-02-15,115,1168.07,92,386.75,1,0
2024-03-21,Bosnia and Herzegovina,Ukraine,1,2,UEFA Euro qualification,Zenica,Bosnia and Herzegovina,False,2024-02-15,71,1343.32,2024-02-15,24,1553.35,-47,-210.02999999999997,0,0
2024-03-21,Cape Verde,Guyana,1,0,FIFA Series,Jeddah,Saudi Arabia,True,,,,2024-02-15,157,1018.14,,,1,0
2024-03-21,Ecuador,Guatemala,2,0,Friendly,Harrison,United States,True,2024-02-15,31,1519.2,2024-02-15,108,1188.17,77,331.03,1,0
2024-03-21,Hong Kong,Uzbekistan,0,2,FIFA World Cup qualification,Hong Kong,Hong Kong,False,2024-02-15,154,1022.91,2024-02-15,66.0,1376.5,-88.0,-353.59000000000003,0,0
2024-03-21,Iran,Turkmenistan,5,0,FIFA World Cup qualification,Tehran,Iran,False,2024-02-15,20,1608.23,2024-02-15,141,1078.25,121,529.98,1,0
2024-03-21,Iraq,Philippines,1,0,FIFA World Cup qualification,Basra,Iraq,False,2024-02-15,59.0,1409.44,2024-02-15,139,1086.17,80.0,323.27,1,0
2024-03-21,Japan,North Korea,1,0,FIFA World Cup qualification,Tokyo,Japan,False,2024-02-15,18,1614.33,2024-02-15,114,1168.12,96,446.21000000000004,1,0
2024-03-21,Pakistan,Jordan,0,3,FIFA World Cup qualification,Islamabad,Pakistan,False,2024-02-15,195,856.54,2024-02-15,70,1343.6,-125,-487.05999999999995,0,0
2024-03-21,Panama,Mexico,0,3,CONCACAF Nations League,Arlington,United States,True,2024-02-15,44.0,1475.62,2024-02-15,15,1652.7,-29.0,-177.08000000000015,0,0
2024-03-21,Portugal,Sweden,5,2,Friendly,Guimarães,Portugal,False,2024-02-15,7,1745.06,2024-02-15,26,1531.13,19,213.92999999999984,1,0
2024-03-21,Qatar,Kuwait,3,0,FIFA World Cup qualification,Doha,Qatar,False,2024-02-15,37,1499.34,2024-02-15,137.0,1094.05,100.0,405.28999999999996,1,0
2024-03-21,Saudi Arabia,Tajikistan,1,0,FIFA World Cup qualification,Riyadh,Saudi Arabia,False,2024-02-15,53,1441.4,2024-02-15,99.0,1218.89,46.0,222.51,1,0
2024-03-21,South Africa,Andorra,1,1,FIFA Series,Annaba,Algeria,True,2024-02-15,58,1410.23,2024-02-15,164,998.0,106,412.23,0,1
2024-03-21,South Korea,Thailand,1,1,FIFA World Cup qualification,Seoul,South Korea,False,2024-02-15,22,1566.21,2024-02-15,101,1206.72,79,359.49,0,1
2024-03-21,United States,Jamaica,3,1,CONCACAF Nations League,Arlington,United States,False,2024-02-15,13.0,1661.7,2024-02-15,57,1421.54,44.0,240.16000000000008,1,0
2024-03-22,Algeria,Bolivia,3,2,FIFA Series,Algiers,Algeria,False,2024-02-15,43,1480.24,2024-02-15,86,1284.55,43,195.69000000000005,1,0
2024-03-22,Argentina,El Salvador,3,0,Friendly,Philadelphia,United States,True,2024-02-15,1,1855.2,2024-02-15,81,1306.14,80,549.06,1,0
2024-03-22,Egypt,New Zealand,1,0,FIFA Series,Cairo,Egypt,False,2024-02-15,36,1500.38,2023-06-29,103,1199.04,67,301.34000000000015,1,0
2024-03-22,Hungary,Turkey,1,0,Friendly,Budapest,Hungary,False,2024-02-15,27,1525.13,,,,,,1,0
2024-03-22,Morocco,Angola,1,0,Friendly,Agadir,Morocco,False,2024-02-15,12,1663.39,2024-02-15,93,1238.11,81,425.2800000000002,1,0
2024-03-22,Netherlands,Scotland,4,0,Friendly,Amsterdam,Netherlands,False,2024-02-15,6,1745.48,2024-02-15,34,1506.89,28,238.58999999999992,1,0
2024-03-22,Nigeria,Ghana,2,1,Friendly,Marrakech,Morocco,True,2024-02-15,28,1522.26,2024-02-15,67,1363.42,39,158.83999999999992,1,0
2024-03-22,Norway,Czech Republic,1,2,Friendly,Oslo,Norway,False,2024-02-15,46,1472.36,2024-02-15,40,1494.04,-6,-21.680000000000064,0,0
2024-03-22,Senegal,Gabon,3,0,Friendly,Amiens,France,True,2024-02-15,17,1620.74,2024-02-15,84,1289.52,67,331.22,1,0
2024-03-22,Spain,Colombia,0,1,Friendly,London,England,True,2024-02-15,8,1732.64,2024-02-15,14,1655.29,6,77.35000000000014,0,0
2024-03-23,Canada,Trinidad and Tobago,2,0,Copa América qualification,Frisco,United States,True,2024-02-15,50,1453.76,2024-02-15,96.0,1228.05,46.0,225.71000000000004,1,0
2024-03-23,Denmark,Switzerland,0,0,Friendly,Copenhagen,Denmark,False,2024-02-15,21,1601.31,2024-02-15,19,1613.44,-2,-12.13000000000011,0,1
2024-03-23,England,Brazil,0,1,Friendly,London,England,False,2024-02-15,3,1800.05,2024-02-15,5,1784.09,2,15.960000000000036,0,0
2024-03-23,France,Germany,0,2,Friendly,Lyon,France,False,2024-02-15,2,1845.44,2024-02-15,16,1631.22,14,214.22000000000003,0,0
2024-03-23,Ivory Coast,Benin,2,2,Friendly,Amiens,France,True,,,,2024-02-15,98,1225.1,,,0,1
2024-03-23,Republic of Ireland,Belgium,0,0,Friendly,Dublin,Republic of Ireland,False,2024-02-15,62,1399.6,2024-02-15,4,1798.46,-58,-398.8600000000001,0,1
2024-03-23,Slovakia,Austria,0,2,Friendly,Bratislava,Slovakia,False,2024-02-15,48,1465.73,2024-02-15,25,1546.1,-23,-80.36999999999989,0,0
2024-03-23,Tunisia,Croatia,0,0,FIFA Series,Cairo,Egypt,True,2024-02-15,41,1491.15,2024-02-15,10,1717.57,-31,-226.41999999999985,0,1
2024-03-24,Ecuador,Italy,0,2,Friendly,Harrison,United States,True,2024-02-15,31,1519.2,2024-02-15,9,1718.82,-22,-199.6199999999999,0,0
2024-03-24,Jamaica,Panama,1,0,CONCACAF Nations League,Arlington,United States,True,2024-02-15,57,1421.54,2024-02-15,44,1475.62,-13,-54.07999999999993,1,0
2024-03-24,United States,Mexico,2,0,CONCACAF Nations League,Arlington,United States,False,2024-02-15,13.0,1661.7,2024-02-15,15,1652.7,2.0,9.0,1,0
2024-03-25,Cape Verde,Equatorial Guinea,1,0,FIFA Series,Jeddah,Saudi Arabia,True,,,,2024-02-15,79,1310.5,,,1,0
2024-03-25,Sweden,Albania,1,0,Friendly,Stockholm,Sweden,False,2024-02-15,26,1531.13,2024-02-15,64,1382.69,38,148.44000000000005,1,0
2024-03-26,Algeria,South Africa,3,3,FIFA Series,Algiers,Algeria,False,2024-02-15,43,1480.24,2024-02-15,58,1410.23,15,70.00999999999999,0,1
2024-03-26,Argentina,Costa Rica,3,1,Friendly,Los Angeles,United States,True,2024-02-15,1,1855.2,2024-02-15,54,1437.57,53,417.6300000000001,1,0
2024-03-26,Australia,Lebanon,5,0,FIFA World Cup qualification,Canberra,Australia,False,2024-02-15,23,1554.82,2024-02-15,115,1168.07,92,386.75,1,0
2024-03-26,Austria,Turkey,6,1,Friendly,Vienna,Austria,False,2024-02-15,25,1546.1,,,,,,1,0
2024-03-26,Colombia,Romania,3,2,Friendly,Madrid,Spain,True,2024-02-15,14,1655.29,2024-02-15,45,1472.73,31,182.55999999999995,1,0
2024-03-26,Czech Republic,Armenia,2,1,Friendly,Prague,Czech Republic,False,2024-02-15,40,1494.04,2024-02-15,94,1237.15,54,256.8899999999999,1,0
2024-03-26,Egypt,Croatia,2,4,FIFA Series,Cairo,Egypt,False,2024-02-15,36,1500.38,2024-02-15,10,1717.57,-26,-217.18999999999983,0,0
2024-03-26,England,Belgium,2,2,Friendly,London,England,False,2024-02-15,3,1800.05,2024-02-15,4,1798.46,1,1.5899999999999181,0,1
2024-03-26,France,Chile,3,2,Friendly,Marseille,France,False,2024-02-15,2,1845.44,2024-02-15,42,1489.82,40,355.6200000000001,1,0
2024-03-26,Germany,Netherlands,2,1,Friendly,Frankfurt,Germany,False,2024-02-15,16,1631.22,2024-02-15,6,1745.48,-10,-114.25999999999999,1,0
2024-03-26,Ivory Coast,Uruguay,2,1,Friendly,Lens,France,True,,,,2024-02-15,11,1665.99,,,1,0
2024-03-26,Jordan,Pakistan,7,0,FIFA World Cup qualification,Amman,Jordan,False,2024-02-15,70.0,1343.6,2024-02-15,195,856.54,125.0,487.05999999999995,1,0
2024-03-26,Kuwait,Qatar,1,2,FIFA World Cup qualification,Al Farwaniyah,Kuwait,False,2024-02-15,137,1094.05,2024-02-15,37,1499.34,-100,-405.28999999999996,0,0
2024-03-26,Morocco,Mauritania,0,0,Friendly,Agadir,Morocco,False,2024-02-15,12,1663.39,2024-02-15,106,1194.48,94,468.9100000000001,0,1
2024-03-26,New Zealand,Tunisia,0,0,FIFA Series,Cairo,Egypt,True,2023-06-29,103,1199.04,2024-02-15,41,1491.15,-62,-292.1100000000001,0,1
2024-03-26,Norway,Slovakia,1,1,Friendly,Oslo,Norway,False,2024-02-15,46,1472.36,2024-02-15,48,1465.73,2,6.629999999999882,0,1
2024-03-26,Philippines,Iraq,0,5,FIFA World Cup qualification,Manila,Philippines,False,2024-02-15,139,1086.17,2024-02-15,59.0,1409.44,-80.0,-323.27,0,0
2024-03-26,Republic of Ireland,Switzerland,0,1,Friendly,Dublin,Republic of Ireland,False,2024-02-15,62,1399.6,2024-02-15,19,1613.44,-43,-213.84000000000015,0,0
2024-03-26,Scotland,Northern Ireland,0,1,Friendly,Glasgow,Scotland,False,2024-02-15,34,1506.89,2024-02-15,74,1333.17,40,173.72000000000003,0,0
2024-03-26,Senegal,Benin,1,0,Friendly,Amiens,France,True,2024-02-15,17,1620.74,2024-02-15,98,1225.1,81,395.6400000000001,1,0
2024-03-26,Slovenia,Portugal,2,0,Friendly,Ljubljana,Slovenia,False,2024-02-15,55,1431.4,2024-02-15,7,1745.06,-48,-313.65999999999985,1,0
2024-03-26,Spain,Brazil,3,3,Friendly,Madrid,Spain,False,2024-02-15,8,1732.64,2024-02-15,5,1784.09,-3,-51.44999999999982,0,1
2024-03-26,Tajikistan,Saudi Arabia,1,1,FIFA World Cup qualification,Dushanbe,Tajikistan,False,2024-02-15,99,1218.89,2024-02-15,53,1441.4,-46,-222.51,0,1
2024-03-26,Thailand,South Korea,0,3,FIFA World Cup qualification,Bangkok,Thailand,False,2024-02-15,101,1206.72,2024-02-15,22,1566.21,-79,-359.49,0,0
2024-03-26,Turkmenistan,Iran,0,1,FIFA World Cup qualification,Ashgabat,Turkmenistan,False,2024-02-15,141,1078.25,2024-02-15,20,1608.23,-121,-529.98,0,0
2024-03-26,Uzbekistan,Hong Kong,3,0,FIFA World Cup qualification,Tashkent,Uzbekistan,False,2024-02-15,66,1376.5,2024-02-15,154,1022.91,88,353.59000000000003,1,0
2024-05-21,Basque Country,Uruguay,1,1,Friendly,Bilbao,Spain,False,,,,2024-04-04,15,1659.39,,,0,1
2024-05-21,Galicia,Panama,0,2,Friendly,Vigo,Spain,False,,,,2024-04-04,45,1475.62,,,0,0
2024-05-31,Bolivia,Mexico,0,1,Friendly,Chicago,United States,True,2024-04-04,85,1283.88,2024-04-04,14,1661.11,-71,-377.2299999999998,0,0
2024-05-31,Costa Rica,Uruguay,0,0,Friendly,San José,Costa Rica,False,2024-04-04,52,1445.38,2024-04-04,15,1659.39,-37,-214.01,0,1
2024-06-03,Croatia,North Macedonia,3,0,Friendly,Rijeka,Croatia,False,2024-04-04,10,1721.07,2024-04-04,69,1354.19,59,366.8799999999999,1,0
2024-06-03,England,Bosnia and Herzegovina,3,0,Friendly,Newcastle,England,False,2024-04-04,4,1794.9,2024-04-04,74,1335.6,70,459.3000000000002,1,0
2024-06-03,Germany,Ukraine,0,0,Friendly,Nuremberg,Germany,False,2024-04-04,16,1644.21,2024-04-04,22,1568.86,6,75.35000000000014,0,1
2024-06-03,Gibraltar,Scotland,0,2,Friendly,Faro-Loulé,Portugal,True,2024-04-04,203,832.5,2024-04-04,39,1497.46,-164,-664.96,0,0
2024-06-04,Austria,Serbia,2,1,Friendly,Vienna,Austria,False,2024-04-04,25,1554.86,2024-04-04,33.0,1514.2,8.0,40.659999999999854,1,0
2024-06-04,Italy,Turkey,0,0,Friendly,Bologna,Italy,False,2024-04-04,9,1724.6,,,,,,0,1
2024-06-04,Portugal,Finland,4,2,Friendly,Lisbon,Portugal,False,2024-04-04,6,1748.11,2024-04-04,61,1394.44,55,353.66999999999985,1,0
2024-06-04,Switzerland,Estonia,4,0,Friendly,Lucerne,Switzerland,False,2024-04-04,19,1616.41,2024-04-04,123,1141.13,104,475.28,1,0
2024-06-05,Belgium,Montenegro,2,0,Friendly,Brussels,Belgium,False,2024-04-04,3,1795.23,2024-04-04,70,1351.72,67,443.51,1,0
2024-06-05,Curaçao,Barbados,4,1,FIFA World Cup qualification,Willemstad,Curaçao,False,,,,2024-04-04,177,943.8,,,1,0
2024-06-05,Denmark,Sweden,2,1,Friendly,Copenhagen,Denmark,False,2024-04-04,21,1602.72,2024-04-04,27,1531.68,6,71.03999999999996,1,0
2024-06-05,France,Luxembourg,3,0,Friendly,Metz,France,False,2024-04-04,2,1840.59,2024-04-04,87,1277.94,85,562.6499999999999,1,0
2024-06-05,Mexico,Uruguay,0,4,Friendly,Denver,United States,True,2024-04-04,14,1661.11,2024-04-04,15,1659.39,1,1.7199999999998,0,0
2024-06-05,Norway,Kosovo,3,0,Friendly,Oslo,Norway,False,2024-04-04,47,1467.51,2024-04-04,102,1205.85,55,261.6600000000001,1,0
2024-06-05,Spain,Andorra,5,0,Friendly,Badajoz,Spain,False,2024-04-04,8,1727.5,2024-04-04,164,998.75,156,728.75,1,0
2024-06-05,Tunisia,Equatorial Guinea,1,0,FIFA World Cup qualification,Radès,Tunisia,False,2024-04-04,41,1493.12,2024-04-04,79,1308.03,38,185.08999999999992,1,0
2024-06-06,Afghanistan,Qatar,0,0,FIFA World Cup qualification,Al Hofuf,Saudi Arabia,True,2024-04-04,151,1036.92,2024-04-04,34,1507.94,-117,-471.02,0,1
2024-06-06,Algeria,Guinea,1,2,FIFA World Cup qualification,Algiers,Algeria,False,2024-04-04,43,1482.71,2024-04-04,76,1324.65,33,158.05999999999995,0,0
2024-06-06,Bangladesh,Australia,0,2,FIFA World Cup qualification,Dhaka,Bangladesh,False,2024-04-04,184,905.3,2024-04-04,24,1563.93,-160,-658.6300000000001,0,0
2024-06-06,Egypt,Burkina Faso,2,1,FIFA World Cup qualification,Cairo,Egypt,False,2024-04-04,37,1499.72,2024-04-04,62,1390.38,25,109.33999999999992,1,0
2024-06-06,Haiti,Saint Lucia,2,1,FIFA World Cup qualification,Bridgetown,Barbados,True,2024-04-04,90,1262.5,,,,,,1,0
2024-06-06,Hong Kong,Iran,2,4,FIFA World Cup qualification,Hong Kong,Hong Kong,False,2024-04-04,157,1012.83,2024-04-04,20,1613.96,-137,-601.13,0,0
2024-06-06,Indonesia,Iraq,0,2,FIFA World Cup qualification,Jakarta,Indonesia,False,2024-04-04,134,1102.7,2024-04-04,58.0,1420.47,-76.0,-317.77,0,0
2024-06-06,Jordan,Tajikistan,3,0,FIFA World Cup qualification,Amman,Jordan,False,2024-04-04,71.0,1350.21,2024-04-04,99.0,1216.76,28.0,133.45000000000005,1,0
2024-06-06,Mali,Ghana,1,2,FIFA World Cup qualification,Bamako,Mali,False,2024-04-04,44,1477.9,2024-04-04,68,1358.77,24,119.13000000000011,0,0
2024-06-06,Myanmar,Japan,0,5,FIFA World Cup qualification,Yangon,Myanmar,False,2024-04-04,163,999.46,2024-04-04,18,1621.88,-145,-622.4200000000001,0,0
2024-06-06,Netherlands,Canada,4,0,Friendly,Rotterdam,Netherlands,False,2024-04-04,7,1742.29,2024-04-04,49,1461.16,42,281.1299999999999,1,0
2024-06-06,Pakistan,Saudi Arabia,0,3,FIFA World Cup qualification,Islamabad,Pakistan,False,2024-04-04,195,849.94,2024-04-04,53,1443.53,-142,-593.5899999999999,0,0
2024-06-06,Panama,Guyana,2,0,FIFA World Cup qualification,Panama City,Panama,False,2024-04-04,45.0,1475.62,2024-04-04,154,1020.31,109.0,455.30999999999995,1,0
2024-06-06,Senegal,DR Congo,1,1,FIFA World Cup qualification,Diamniadio,Senegal,False,2024-04-04,17,1624.73,2024-04-04,63,1388.25,46,236.48000000000002,0,1
2024-06-06,Singapore,South Korea,0,7,FIFA World Cup qualification,Kallang,Singapore,False,2024-04-04,155,1019.06,2024-04-04,23,1563.99,-132,-544.9300000000001,0,0
2024-06-06,Uzbekistan,Turkmenistan,3,1,FIFA World Cup qualification,Tashkent,Uzbekistan,False,2024-04-04,64,1386.58,2024-04-04,143,1072.52,79,314.05999999999995,1,0
2024-06-07,Czech Republic,Malta,7,1,Friendly,Grödig,Austria,True,2024-04-04,36,1501.47,2024-04-04,171,973.14,135,528.33,1,0
2024-06-07,England,Iceland,0,1,Friendly,London,England,False,2024-04-04,4,1794.9,2024-04-04,72,1346.82,68,448.08000000000015,0,0
2024-06-07,Germany,Greece,2,1,Friendly,Mönchengladbach,Germany,False,2024-04-04,16,1644.21,2024-04-04,50,1457.89,34,186.31999999999994,1,0
2024-06-07,Ivory Coast,Gabon,1,0,FIFA World Cup qualification,Korhogo,Ivory Coast,False,,,,2024-04-04,84,1287.33,,,1,0
2024-06-07,Morocco,Zambia,2,1,FIFA World Cup qualification,Agadir,Morocco,False,2024-04-04,13,1661.42,2024-04-04,86,1278.26,73,383.1600000000001,1,0
2024-06-07,Nigeria,South Africa,1,1,FIFA World Cup qualification,Uyo,Nigeria,False,2024-04-04,30,1520.27,2024-04-04,59,1407.67,29,112.59999999999991,0,1
2024-06-07,Peru,Paraguay,0,0,Friendly,Lima,Peru,False,2024-04-04,32,1515.82,2024-04-04,56,1430.73,24,85.08999999999992,0,1
2024-06-07,Scotland,Finland,2,2,Friendly,Glasgow,Scotland,False,2024-04-04,39,1497.46,2024-04-04,61,1394.44,22,103.01999999999998,0,1
2024-06-08,Aruba,Curaçao,0,2,FIFA World Cup qualification,Oranjestad,Aruba,False,2024-04-04,193,875.82,,,,,,0,0
2024-06-08,Belgium,Luxembourg,3,0,Friendly,Brussels,Belgium,False,2024-04-04,3,1795.23,2024-04-04,87,1277.94,84,517.29,1,0
2024-06-08,Cameroon,Cape Verde,4,1,FIFA World Cup qualification,Yaoundé,Cameroon,False,2024-04-04,51,1452.59,,,,,,1,0
2024-06-08,Denmark,Norway,3,1,Friendly,Brondbyvester,Denmark,False,2024-04-04,21,1602.72,2024-04-04,47,1467.51,26,135.21000000000004,1,0
2024-06-08,Mexico,Brazil,2,3,Friendly,College Station,United States,True,2024-04-04,14,1661.11,2024-04-04,5,1788.65,-9,-127.54000000000019,0,0
2024-06-08,Portugal,Croatia,1,2,Friendly,Oeiras,Portugal,False,2024-04-04,6,1748.11,2024-04-04,10,1721.07,4,27.039999999999964,0,0
2024-06-08,Spain,Northern Ireland,5,1,Friendly,Mallorca,Spain,False,2024-04-04,8,1727.5,2024-04-04,73,1341.05,65,386.45000000000005,1,0
2024-06-08,Sweden,Serbia,0,3,Friendly,Stockholm,Sweden,False,2024-04-04,27,1531.68,2024-04-04,33.0,1514.2,6.0,17.480000000000018,0,0
2024-06-08,Switzerland,Austria,1,1,Friendly,St. Gallen,Switzerland,False,2024-04-04,19,1616.41,2024-04-04,25,1554.86,6,61.55000000000018,0,1
2024-06-08,United States,Colombia,1,5,Friendly,Landover,United States,False,2024-04-04,11.0,1681.13,2024-04-04,12,1664.28,1.0,16.850000000000136,0,0
2024-06-09,Argentina,Ecuador,1,0,Friendly,Chicago,United States,True,2024-04-04,1,1858.0,2024-04-04,31,1518.22,30,339.78,1,0
2024-06-09,Barbados,Haiti,1,3,FIFA World Cup qualification,Bridgetown,Barbados,False,2024-04-04,177,943.8,2024-04-04,90,1262.5,-87,-318.70000000000005,0,0
2024-06-09,DR Congo,Togo,1,0,FIFA World Cup qualification,Kinshasa,DR Congo,False,2024-04-04,63,1388.25,2024-04-04,113,1170.34,50,217.91000000000008,1,0
2024-06-09,France,Canada,0,0,Friendly,Bordeaux,France,False,2024-04-04,2,1840.59,2024-04-04,49,1461.16,47,379.42999999999984,0,1
2024-06-09,Italy,Bosnia and Herzegovina,1,0,Friendly,Empoli,Italy,False,2024-04-04,9,1724.6,2024-04-04,74,1335.6,65,389.0,1,0
2024-06-09,Mauritania,Senegal,0,1,FIFA World Cup qualification,Nouakchott,Mauritania,False,2024-04-04,105,1195.5,2024-04-04,17,1624.73,-88,-429.23,0,0
2024-06-09,Montserrat,Panama,1,3,FIFA World Cup qualification,Managua,Nicaragua,True,2024-04-04,175,946.08,2024-04-04,45,1475.62,-130,-529.5399999999998,0,0
2024-06-09,Namibia,Tunisia,0,0,FIFA World Cup qualification,Johannesburg,South Africa,True,2024-04-04,106,1192.13,2024-04-04,41,1493.12,-65,-300.9899999999998,0,1
2024-06-10,Czech Republic,North Macedonia,2,1,Friendly,Hradec Králové,Czech Republic,False,2024-04-04,36,1501.47,2024-04-04,69,1354.19,33,147.27999999999997,1,0
2024-06-10,Ghana,Central African Republic,4,3,FIFA World Cup qualification,Kumasi,Ghana,False,2024-04-04,68,1358.77,2024-04-04,128,1128.17,60,230.5999999999999,1,0
2024-06-10,Guinea-Bissau,Egypt,1,1,FIFA World Cup qualification,Bissau,Guinea-Bissau,False,2024-04-04,116,1163.44,2024-04-04,37,1499.72,-79,-336.28,0,1
2024-06-10,Netherlands,Iceland,4,0,Friendly,Rotterdam,Netherlands,False,2024-04-04,7,1742.29,2024-04-04,72,1346.82,65,395.47,1,0
2024-06-10,Poland,Turkey,2,1,Friendly,Warsaw,Poland,False,2024-04-04,28,1531.49,,,,,,1,0
2024-06-10,Uganda,Algeria,1,2,FIFA World Cup qualification,Kira,Uganda,False,2024-04-04,92,1242.15,2024-04-04,43,1482.71,-49,-240.55999999999995,0,0
2024-06-11,Australia,Palestine,5,0,FIFA World Cup qualification,Perth,Australia,False,2024-04-04,24,1563.93,2024-04-04,93,1238.66,69,325.27,1,0
2024-06-11,Cape Verde,Libya,1,0,FIFA World Cup qualification,Praia,Cape Verde,False,,,,2024-04-04,114,1166.71,,,1,0
2024-06-11,Chile,Paraguay,3,0,Friendly,Santiago,Chile,False,2024-04-04,42,1491.71,2024-04-04,56,1430.73,14,60.98000000000002,1,0
2024-06-11,Iran,Uzbekistan,0,0,FIFA World Cup qualification,Tehran,Iran,False,2024-04-04,20,1613.96,2024-04-04,64.0,1386.58,44.0,227.3800000000001,0,1
2024-06-11,Iraq,Vietnam,3,1,FIFA World Cup qualification,Basra,Iraq,False,2024-04-04,58.0,1420.47,2024-04-04,115,1164.54,57.0,255.93000000000006,1,0
2024-06-11,Japan,Syria,5,0,FIFA World Cup qualification,Hiroshima,Japan,False,2024-04-04,18,1621.88,2024-04-04,89,1266.52,71,355.3600000000001,1,0
2024-06-11,Kenya,Ivory Coast,0,0,FIFA World Cup qualification,Lilongwe,Malawi,True,2024-04-04,107,1191.24,,,,,,0,1
2024-06-11,Morocco,Congo,6,0,FIFA World Cup qualification,Agadir,Morocco,False,2024-04-04,13,1661.42,2024-04-04,111,1179.8,98,481.6200000000001,1,0
2024-06-11,Portugal,Republic of Ireland,3,0,Friendly,Aveiro,Portugal,False,2024-04-04,6,1748.11,2024-04-04,60,1399.74,54,348.3699999999999,1,0
2024-06-11,Qatar,India,2,1,FIFA World Cup qualification,Al Rayyan,Qatar,False,2024-04-04,34,1507.94,2024-04-04,121,1145.94,87,362.0,1,0
2024-06-11,Saudi Arabia,Jordan,1,2,FIFA World Cup qualification,Riyadh,Saudi Arabia,False,2024-04-04,53,1443.53,2024-04-04,71,1350.21,18,93.31999999999994,0,0
2024-06-11,South Africa,Zimbabwe,3,1,FIFA World Cup qualification,Bloemfontein,South Africa,False,2024-04-04,59,1407.67,2024-04-04,122,1143.66,63,264.01,1,0
2024-06-11,South Korea,China,1,0,FIFA World Cup qualification,Seoul,South Korea,False,2024-04-04,23,1563.99,,,,,,1,0
2024-06-12,Ecuador,Bolivia,3,1,Friendly,Chester,United States,True,2024-04-04,31,1518.22,2024-04-04,85,1283.88,54,234.33999999999992,1,0
2024-06-12,United States,Brazil,1,1,Friendly,Orlando,United States,False,2024-04-04,11.0,1681.13,2024-04-04,5,1788.65,-6.0,-107.51999999999998,0,1
2024-06-14,Argentina,Guatemala,4,1,Friendly,Landover,United States,True,2024-04-04,1,1858.0,2024-04-04,108,1188.28,107,669.72,1,0
2024-06-14,Germany,Scotland,5,1,UEFA Euro,Munich,Germany,False,2024-04-04,16,1644.21,2024-04-04,39,1497.46,23,146.75,1,0
2024-06-15,Colombia,Bolivia,3,0,Friendly,Denver,United States,True,2024-04-04,12,1664.28,2024-04-04,85,1283.88,73,380.39999999999986,1,0
2024-06-15,Hungary,Switzerland,1,3,UEFA Euro,Cologne,Germany,True,2024-04-04,26,1532.2,2024-04-04,19,1616.41,-7,-84.21000000000004,0,0
2024-06-15,Spain,Croatia,3,0,UEFA Euro,Berlin,Germany,True,2024-04-04,8,1727.5,2024-04-04,10,1721.07,2,6.430000000000064,1,0
2024-06-16,Ecuador,Honduras,2,1,Friendly,Hartford,United States,True,2024-04-04,31,1518.22,2024-04-04,82,1301.92,51,216.29999999999995,1,0
2024-06-16,Panama,Paraguay,0,1,Friendly,Panama City,Panama,False,2024-04-04,45.0,1475.62,2024-04-04,56,1430.73,11.0,44.88999999999987,0,0
2024-06-16,Poland,Netherlands,1,2,UEFA Euro,Hamburg,Germany,True,2024-04-04,28,1531.49,2024-04-04,7,1742.29,-21,-210.79999999999995,0,0
2024-06-16,Serbia,England,0,1,UEFA Euro,Gelsenkirchen,Germany,True,2024-04-04,33,1514.2,2024-04-04,4,1794.9,-29,-280.70000000000005,0,0
2024-06-17,Austria,France,0,1,UEFA Euro,Düsseldorf,Germany,True,2024-04-04,25,1554.86,2024-04-04,2,1840.59,-23,-285.73,0,0
2024-06-17,Belgium,Slovakia,0,1,UEFA Euro,Frankfurt,Germany,True,2024-04-04,3,1795.23,2024-04-04,48,1461.55,45,333.68000000000006,0,0
2024-06-18,New Zealand,Solomon Islands,3,0,Oceania Nations Cup,Port Vila,Vanuatu,True,2023-06-29,103,1199.04,2024-04-04,132,1111.02,29,88.01999999999998,1,0
2024-06-18,Portugal,Czech Republic,2,1,UEFA Euro,Leipzig,Germany,True,2024-04-04,6,1748.11,2024-04-04,36,1501.47,30,246.63999999999987,1,0
2024-06-18,Turkey,Georgia,3,1,UEFA Euro,Dortmund,Germany,True,,,,2024-04-04,75,1333.76,,,1,0
2024-06-19,Croatia,Albania,2,2,UEFA Euro,Hamburg,Germany,True,2024-04-04,10,1721.07,2024-04-04,66,1375.1,56,345.97,0,1
2024-06-19,Germany,Hungary,2,0,UEFA Euro,Stuttgart,Germany,False,2024-04-04,16,1644.21,2024-04-04,26,1532.2,10,112.00999999999999,1,0
2024-06-19,Scotland,Switzerland,1,1,UEFA Euro,Cologne,Germany,True,2024-04-04,39,1497.46,2024-04-04,19,1616.41,-20,-118.95000000000005,0,1
2024-06-20,Argentina,Canada,2,0,Copa América,Atlanta,United States,True,2024-06-20,1,1860.14,2024-06-20,48,1461.74,47,398.4000000000001,1,0
2024-06-20,Denmark,England,1,1,UEFA Euro,Frankfurt,Germany,True,2024-06-20,21,1610.76,2024-06-20,5,1787.88,-16,-177.12000000000012,0,1
2024-06-20,Spain,Italy,1,0,UEFA Euro,Gelsenkirchen,Germany,True,2024-06-20,8,1729.92,2024-06-20,10,1724.37,2,5.550000000000182,1,0
2024-06-21,Netherlands,France,0,0,UEFA Euro,Leipzig,Germany,True,2024-06-20,7,1746.66,2024-06-20,2,1837.47,-5,-90.80999999999995,0,1
2024-06-21,Poland,Austria,1,3,UEFA Euro,Berlin,Germany,True,2024-06-20,26,1541.49,2024-06-20,25,1560.03,-1,-18.539999999999964,0,0
2024-06-21,Vanuatu,New Zealand,0,4,Oceania Nations Cup,Port Vila,Vanuatu,False,2024-06-20,170,972.14,2023-06-29,103,1199.04,-67,-226.89999999999998,0,0
2024-06-22,Belgium,Romania,2,0,UEFA Euro,Cologne,Germany,True,2024-06-20,3,1797.98,2024-06-20,47,1462.35,44,335.6300000000001,1,0
2024-06-22,Ecuador,Venezuela,1,2,Copa América,Santa Clara,United States,True,2024-06-20,30,1517.54,2024-06-20,54,1442.29,24,75.25,0,0
2024-06-22,Georgia,Czech Republic,1,1,UEFA Euro,Hamburg,Germany,True,2024-06-20,74,1338.91,2024-06-20,34,1506.23,-40,-167.31999999999994,0,1
2024-06-22,Mexico,Jamaica,1,0,Copa América,Houston,United States,True,2024-06-20,15,1652.33,2024-06-20,53,1442.82,38,209.51,1,0
2024-06-22,Turkey,Portugal,0,3,UEFA Euro,Dortmund,Germany,True,,,,2024-06-20,6,1747.04,,,0,0
2024-06-23,Germany,Switzerland,1,1,UEFA Euro,Frankfurt,Germany,False,2024-06-20,16,1646.78,2024-06-20,19,1617.24,3,29.539999999999964,0,1
2024-06-23,Scotland,Hungary,0,1,UEFA Euro,Stuttgart,Germany,True,2024-06-20,39,1497.18,2024-06-20,27,1529.0,-12,-31.819999999999936,0,0
2024-06-23,United States,Bolivia,2,0,Copa América,Arlington,United States,False,2024-06-20,11.0,1676.52,2024-06-20,84,1282.43,73.0,394.0899999999999,1,0
2024-06-23,Uruguay,Panama,3,1,Copa América,Miami Gardens,United States,True,2024-06-20,14,1663.44,2024-06-20,43,1482.1,29,181.34000000000015,1,0
2024-06-24,Albania,Spain,0,1,UEFA Euro,Düsseldorf,Germany,True,2024-06-20,66,1379.4,2024-06-20,8,1729.92,-58,-350.52,0,0
2024-06-24,Brazil,Costa Rica,0,0,Copa América,Inglewood,United States,True,2024-06-20,4,1791.85,2024-06-20,52,1454.2,48,337.64999999999986,0,1
2024-06-24,Colombia,Paraguay,2,1,Copa América,Houston,United States,True,2024-06-20,12,1669.44,2024-06-20,58,1427.11,46,242.33000000000015,1,0
2024-06-24,Croatia,Italy,1,1,UEFA Euro,Leipzig,Germany,True,2024-06-20,9,1728.3,2024-06-20,10,1724.37,1,3.9300000000000637,0,1
2024-06-25,Chile,Argentina,0,1,Copa América,East Rutherford,United States,True,2024-06-20,40,1496.13,2024-06-20,1,1860.14,-39,-364.01,0,0
2024-06-25,England,Slovenia,0,0,UEFA Euro,Cologne,Germany,True,2024-06-20,5,1787.88,2024-06-20,57,1429.74,52,358.1400000000001,0,1
2024-06-25,France,Poland,1,1,UEFA Euro,Dortmund,Germany,True,2024-06-20,2,1837.47,2024-06-20,26,1541.49,24,295.98,0,1
2024-06-25,Netherlands,Austria,2,3,UEFA Euro,Berlin,Germany,True,2024-06-20,7,1746.66,2024-06-20,25,1560.03,18,186.6300000000001,0,0
2024-06-25,Peru,Canada,0,1,Copa América,Kansas City,United States,True,2024-06-20,31,1515.01,2024-06-20,48,1461.74,17,53.26999999999998,0,0
2024-06-26,Czech Republic,Turkey,1,2,UEFA Euro,Hamburg,Germany,True,2024-06-20,34,1506.23,,,,,,0,0
2024-06-26,Ecuador,Jamaica,3,1,Copa América,Las Vegas,United States,True,2024-06-20,30,1517.54,2024-06-20,53,1442.82,23,74.72000000000003,1,0
2024-06-26,Georgia,Portugal,2,0,UEFA Euro,Gelsenkirchen,Germany,True,2024-06-20,74,1338.91,2024-06-20,6,1747.04,-68,-408.1299999999999,1,0
2024-06-26,Ukraine,Belgium,0,0,UEFA Euro,Stuttgart,Germany,True,2024-06-20,24,1565.37,2024-06-20,3,1797.98,-21,-232.61000000000013,0,1
2024-06-26,Venezuela,Mexico,1,0,Copa América,Inglewood,United States,True,2024-06-20,54,1442.29,2024-06-20,15,1652.33,-39,-210.03999999999996,1,0
2024-06-27,New Zealand,Tahiti,5,0,Oceania Nations Cup,Port Vila,Vanuatu,True,2023-06-29,103,1199.04,2024-06-20,161,999.48,58,199.55999999999995,1,0
2024-06-27,United States,Panama,1,2,Copa América,Atlanta,United States,False,2024-06-20,11.0,1676.52,2024-06-20,43,1482.1,32.0,194.42000000000007,0,0
2024-06-27,Uruguay,Bolivia,5,0,Copa América,East Rutherford,United States,True,2024-06-20,14,1663.44,2024-06-20,84,1282.43,70,381.01,1,0
2024-06-28,Colombia,Costa Rica,3,0,Copa América,Glendale,United States,True,2024-06-20,12,1669.44,2024-06-20,52,1454.2,40,215.24,1,0
2024-06-28,Paraguay,Brazil,1,4,Copa América,Las Vegas,United States,True,2024-06-20,58,1427.11,2024-06-20,4,1791.85,-54,-364.74,0,0
2024-06-29,Argentina,Peru,2,0,Copa América,Miami Gardens,United States,True,2024-06-20,1,1860.14,2024-06-20,31,1515.01,30,345.1300000000001,1,0
2024-06-29,Canada,Chile,0,0,Copa América,Orlando,United States,True,2024-06-20,48,1461.74,2024-06-20,40,1496.13,-8,-34.3900000000001,0,1
2024-06-29,Germany,Denmark,2,0,UEFA Euro,Dortmund,Germany,False,2024-06-20,16,1646.78,2024-06-20,21,1610.76,5,36.01999999999998,1,0
2024-06-29,Switzerland,Italy,2,0,UEFA Euro,Berlin,Germany,True,2024-06-20,19,1617.24,2024-06-20,10,1724.37,-9,-107.12999999999988,1,0
2024-06-30,England,Slovakia,2,1,UEFA Euro,Gelsenkirchen,Germany,True,2024-06-20,5,1787.88,2024-06-20,45,1467.77,40,320.1100000000001,1,0
2024-06-30,Mexico,Ecuador,0,0,Copa América,Glendale,United States,True,2024-06-20,15,1652.33,2024-06-20,30,1517.54,15,134.78999999999996,0,1
2024-06-30,Spain,Georgia,4,1,UEFA Euro,Cologne,Germany,True,2024-06-20,8,1729.92,2024-06-20,74,1338.91,66,391.01,1,0
2024-06-30,Vanuatu,New Zealand,0,3,Oceania Nations Cup,Port Vila,Vanuatu,False,2024-06-20,170,972.14,2023-06-29,103,1199.04,-67,-226.89999999999998,0,0
2024-07-01,Bolivia,Panama,1,3,Copa América,Orlando,United States,True,2024-06-20,84,1282.43,2024-06-20,43,1482.1,-41,-199.66999999999985,0,0
2024-07-01,France,Belgium,1,0,UEFA Euro,Düsseldorf,Germany,True,2024-06-20,2,1837.47,2024-06-20,3,1797.98,1,39.49000000000001,1,0
2024-07-01,Portugal,Slovenia,0,0,UEFA Euro,Frankfurt,Germany,True,2024-06-20,6,1747.04,2024-06-20,57,1429.74,51,317.29999999999995,0,1
2024-07-01,United States,Uruguay,0,1,Copa América,Kansas City,United States,False,2024-06-20,11.0,1676.52,2024-06-20,14,1663.44,3.0,13.079999999999927,0,0
2024-07-02,Austria,Turkey,1,2,UEFA Euro,Leipzig,Germany,True,2024-06-20,25,1560.03,,,,,,0,0
2024-07-02,Brazil,Colombia,1,1,Copa América,Santa Clara,United States,True,2024-06-20,4,1791.85,2024-06-20,12,1669.44,8,122.40999999999985,0,1
2024-07-02,Costa Rica,Paraguay,2,1,Copa América,Austin,United States,True,2024-06-20,52,1454.2,2024-06-20,58,1427.11,6,27.090000000000146,1,0
2024-07-02,Romania,Netherlands,0,3,UEFA Euro,Munich,Germany,True,2024-06-20,47,1462.35,2024-06-20,7,1746.66,-40,-284.3100000000002,0,0
2024-07-04,Argentina,Ecuador,1,1,Copa América,Houston,United States,True,2024-06-20,1,1860.14,2024-06-20,30,1517.54,29,342.60000000000014,0,1
2024-07-05,Germany,Spain,1,2,UEFA Euro,Stuttgart,Germany,False,2024-06-20,16,1646.78,2024-06-20,8,1729.92,-8,-83.1400000000001,0,0
2024-07-05,Portugal,France,0,0,UEFA Euro,Hamburg,Germany,True,2024-06-20,6,1747.04,2024-06-20,2,1837.47,-4,-90.43000000000006,0,1
2024-07-05,Venezuela,Canada,1,1,Copa América,Arlington,United States,True,2024-06-20,54,1442.29,2024-06-20,48,1461.74,-6,-19.450000000000045,0,1
2024-07-06,Colombia,Panama,5,0,Copa América,Glendale,United States,True,2024-06-20,12,1669.44,2024-06-20,43,1482.1,31,187.34000000000015,1,0
2024-07-06,England,Switzerland,1,1,UEFA Euro,Düsseldorf,Germany,True,2024-06-20,5,1787.88,2024-06-20,19,1617.24,14,170.6400000000001,0,1
2024-07-06,Netherlands,Turkey,2,1,UEFA Euro,Berlin,Germany,True,2024-06-20,7,1746.66,,,,,,1,0
2024-07-06,Uruguay,Brazil,0,0,Copa América,Las Vegas,United States,True,2024-06-20,14,1663.44,2024-06-20,4,1791.85,-10,-128.40999999999985,0,1
2024-07-09,Argentina,Canada,2,0,Copa América,East Rutherford,United States,True,2024-06-20,1,1860.14,2024-06-20,48,1461.74,47,398.4000000000001,1,0
2024-07-09,Spain,France,2,1,UEFA Euro,Munich,Germany,True,2024-06-20,8,1729.92,2024-06-20,2,1837.47,-6,-107.54999999999995,1,0
2024-07-10,Netherlands,England,1,2,UEFA Euro,Dortmund,Germany,True,2024-06-20,7,1746.66,2024-06-20,5,1787.88,-2,-41.22000000000003,0,0
2024-07-10,Uruguay,Colombia,0,1,Copa América,Charlotte,United States,True,2024-06-20,14,1663.44,2024-06-20,12,1669.44,-2,-6.0,0,0
2024-07-13,Canada,Uruguay,2,2,Copa América,Charlotte,United States,True,2024-06-20,48,1461.74,2024-06-20,14,1663.44,-34,-201.70000000000005,0,1
2024-07-14,Argentina,Colombia,1,0,Copa América,Miami Gardens,United States,True,2024-06-20,1,1860.14,2024-06-20,12,1669.44,11,190.70000000000005,1,0
2024-07-14,Spain,England,2,1,UEFA Euro,Berlin,Germany,True,2024-06-20,8,1729.92,2024-06-20,5,1787.88,-3,-57.960000000000036,1,0
2024-07-27,Jordan,North Korea,0,0,Friendly,Amman,Jordan,False,2024-07-18,68.0,1374.13,2024-07-18,110,1183.96,42.0,190.17000000000007,0,1
2024-08-29,Jordan,North Korea,2,1,Friendly,Amman,Jordan,False,2024-07-18,68.0,1374.13,2024-07-18,110,1183.96,42.0,190.17000000000007,1,0
2024-09-01,Guatemala,Uruguay,1,1,Friendly,Fort Lauderdale,United States,True,2024-07-18,107,1198.84,2024-07-18,11,1713.15,-96,-514.3100000000002,0,1
2024-09-05,Algeria,Equatorial Guinea,2,0,African Cup of Nations qualification,Oran,Algeria,False,2024-07-18,46,1474.13,2024-07-18,88,1260.5,42,213.6300000000001,1,0
2024-09-05,Argentina,Chile,3,0,FIFA World Cup qualification,Buenos Aires,Argentina,False,2024-07-18,1,1901.48,2024-07-18,43,1489.5,42,411.98,1,0
2024-09-05,Australia,Bahrain,0,1,FIFA World Cup qualification,Robina,Australia,False,2024-07-18,24,1571.29,2024-07-18,80,1302.86,56,268.43000000000006,0,0
2024-09-05,Azerbaijan,Sweden,1,3,UEFA Nations League,Baku,Azerbaijan,False,2024-07-18,111,1179.88,2024-07-18,29,1522.19,-82,-342.30999999999995,0,0
2024-09-05,Denmark,Switzerland,2,0,UEFA Nations League,Copenhagen,Denmark,False,2024-07-18,21,1607.52,2024-07-18,15,1654.1,-6,-46.57999999999993,1,0
2024-09-05,Ghana,Angola,0,1,African Cup of Nations qualification,Kumasi,Ghana,False,2024-07-18,64,1381.25,2024-07-18,90,1255.65,26,125.59999999999991,0,0
2024-09-05,Iran,Kyrgyzstan,1,0,FIFA World Cup qualification,Fuladshahr,Iran,False,2024-07-18,20,1611.16,,,,,,1,0
2024-09-05,Iraq,Oman,1,0,FIFA World Cup qualification,Basra,Iraq,False,2024-07-18,55.0,1433.07,2024-07-18,76,1326.18,21.0,106.88999999999987,1,0
2024-09-05,Japan,China,7,0,FIFA World Cup qualification,Saitama,Japan,False,2024-07-18,18,1628.81,,,,,,1,0
2024-09-05,Jordan,Kuwait,1,1,FIFA World Cup qualification,Amman,Jordan,False,2024-07-18,68.0,1374.13,2024-07-18,136.0,1098.42,68.0,275.71000000000004,0,1
2024-09-05,Portugal,Croatia,2,1,UEFA Nations League,Lisbon,Portugal,False,2024-07-18,8,1741.43,2024-07-18,12,1701.31,4,40.12000000000012,1,0
2024-09-05,Qatar,United Arab Emirates,1,3,FIFA World Cup qualification,Al Rayyan,Qatar,False,2024-07-18,34,1504.06,2024-07-18,69,1368.84,35,135.22000000000003,0,0
2024-09-05,Saudi Arabia,Indonesia,1,1,FIFA World Cup qualification,Jeddah,Saudi Arabia,False,2024-07-18,56,1431.3,2024-07-18,133,1108.73,77,322.56999999999994,0,1
2024-09-05,Scotland,Poland,2,3,UEFA Nations League,Glasgow,Scotland,False,2024-07-18,48,1472.3,2024-07-18,28,1523.53,-20,-51.23000000000002,0,0
2024-09-05,Serbia,Spain,0,0,UEFA Nations League,Belgrade,Serbia,False,2024-07-18,32,1506.9,2024-07-18,3,1835.67,-29,-328.77,0,1
2024-09-05,South Korea,Palestine,0,0,FIFA World Cup qualification,Seoul,South Korea,False,2024-07-18,23,1572.87,2024-07-18,96,1231.25,73,341.6199999999999,0,1
2024-09-05,Tunisia,Madagascar,1,0,African Cup of Nations qualification,Radès,Tunisia,False,2024-07-18,41,1494.06,2024-07-18,105,1203.66,64,290.39999999999986,1,0
2024-09-05,Uzbekistan,North Korea,1,0,FIFA World Cup qualification,Tashkent,Uzbekistan,False,2024-07-18,61,1397.41,2024-07-18,110,1183.96,49,213.45000000000005,1,0
2024-09-06,Belgium,Israel,3,1,UEFA Nations League,Debrecen,Hungary,True,2024-07-18,6,1772.44,2024-07-18,78,1312.54,72,459.9000000000001,1,0
2024-09-06,Brazil,Ecuador,1,0,FIFA World Cup qualification,Curitiba,Brazil,False,2024-07-18,5,1785.61,2024-07-18,27,1530.44,22,255.16999999999985,1,0
2024-09-06,DR Congo,Guinea,1,0,African Cup of Nations qualification,Kinshasa,DR Congo,False,2024-07-18,60,1400.93,2024-07-18,77,1324.8,17,76.13000000000011,1,0
2024-09-06,Egypt,Cape Verde,3,0,African Cup of Nations qualification,Cairo,Egypt,False,2024-07-18,36,1502.34,,,,,,1,0
2024-09-06,France,Italy,1,3,UEFA Nations League,Paris,France,False,2024-07-18,2,1854.91,2024-07-18,10,1714.29,8,140.62000000000012,0,0
2024-09-06,Ivory Coast,Zambia,2,0,African Cup of Nations qualification,Bouaké,Ivory Coast,False,,,,2024-07-18,92,1249.54,,,1,0
2024-09-06,Kazakhstan,Norway,0,0,UEFA Nations League,Almaty,Kazakhstan,False,2024-07-18,109,1193.62,2024-07-18,50,1466.48,-59,-272.8600000000001,0,1
2024-09-06,Morocco,Gabon,4,1,African Cup of Nations qualification,Agadir,Morocco,False,2024-07-18,14,1669.44,2024-07-18,83,1288.45,69,380.99,1,0
2024-09-06,Peru,Colombia,1,1,FIFA World Cup qualification,Lima,Peru,False,2024-07-18,42,1489.68,2024-07-18,9,1727.32,-33,-237.63999999999987,0,1
2024-09-06,Puerto Rico,Haiti,1,4,CONCACAF Nations League,Mayagüez,Puerto Rico,False,2024-07-18,157,1020.22,2024-07-18,85,1274.46,-72,-254.24,0,0
2024-09-06,Saint Lucia,Curaçao,2,1,CONCACAF Nations League,Saint George's,Grenada,True,,,,,,,,,1,0
2024-09-06,Senegal,Burkina Faso,1,1,African Cup of Nations qualification,Diamniadio,Senegal,False,2024-07-18,19,1623.34,2024-07-18,67,1375.16,48,248.17999999999984,0,1
2024-09-06,Slovenia,Austria,1,1,UEFA Nations League,Ljubljana,Slovenia,False,2024-07-18,52,1457.06,2024-07-18,22,1591.56,-30,-134.5,0,1
2024-09-06,South Africa,Uganda,2,2,African Cup of Nations qualification,Johannesburg,South Africa,False,2024-07-18,57,1415.15,2024-07-18,95,1242.96,38,172.19000000000005,0,1
2024-09-06,Uruguay,Paraguay,0,0,FIFA World Cup qualification,Montevideo,Uruguay,False,2024-07-18,11,1713.15,2024-07-18,62,1396.8,51,316.35000000000014,0,1
2024-09-06,Wales,Turkey,0,0,UEFA Nations League,Cardiff,Wales,False,2024-07-18,30,1521.4,,,,,,0,1
2024-09-07,Georgia,Czech Republic,4,1,UEFA Nations League,Tbilisi,Georgia,False,2024-07-18,70,1361.41,2024-07-18,47,1473.46,-23,-112.04999999999995,1,0
2024-09-07,Germany,Hungary,5,0,UEFA Nations League,Düsseldorf,Germany,False,2024-07-18,13,1686.02,2024-07-18,31,1518.77,18,167.25,1,0
2024-09-07,Mexico,New Zealand,3,0,Friendly,Pasadena,United States,True,2024-07-18,17,1635.11,2023-06-29,103,1199.04,86,436.06999999999994,1,0
2024-09-07,Netherlands,Bosnia and Herzegovina,5,2,UEFA Nations League,Eindhoven,Netherlands,False,2024-07-18,7,1758.51,2024-07-18,75,1332.3,68,426.21000000000004,1,0
2024-09-07,Republic of Ireland,England,0,2,UEFA Nations League,Dublin,Republic of Ireland,False,2024-07-18,58,1403.84,2024-07-18,4,1812.26,-54,-408.4200000000001,0,0
2024-09-07,United States,Canada,1,2,Friendly,Kansas City,United States,False,2024-07-18,16.0,1641.75,2024-07-18,40,1494.66,24.0,147.08999999999992,0,0
2024-09-08,Croatia,Poland,1,0,UEFA Nations League,Osijek,Croatia,False,2024-07-18,12,1701.31,2024-07-18,28,1523.53,16,177.77999999999997,1,0
2024-09-08,Gambia,Tunisia,1,2,African Cup of Nations qualification,El Jadida,Morocco,True,2022-08-25,124,1137.47,2024-07-18,41,1494.06,-83,-356.5899999999999,0,0
2024-09-08,Portugal,Scotland,2,1,UEFA Nations League,Lisbon,Portugal,False,2024-07-18,8,1741.43,2024-07-18,48,1472.3,40,269.1300000000001,1,0
2024-09-08,Sweden,Estonia,3,0,UEFA Nations League,Stockholm,Sweden,False,2024-07-18,29,1522.19,2024-07-18,123,1146.47,94,375.72,1,0
2024-09-08,Switzerland,Spain,1,4,UEFA Nations League,Geneva,Switzerland,False,2024-07-18,15,1654.1,2024-07-18,3,1835.67,-12,-181.57000000000016,0,0
2024-09-09,Burundi,Senegal,0,1,African Cup of Nations qualification,Lilongwe,Malawi,True,2024-07-18,139,1091.24,2024-07-18,19,1623.34,-120,-532.0999999999999,0,0
2024-09-09,Curaçao,Saint Martin,4,0,CONCACAF Nations League,Saint George's,Grenada,True,,,,,,,,,1,0
2024-09-09,Ethiopia,DR Congo,0,2,African Cup of Nations qualification,Dar es Salaam,Tanzania,True,2024-07-18,143,1066.16,2024-07-18,60,1400.93,-83,-334.77,0,0
2024-09-09,France,Belgium,2,0,UEFA Nations League,Décines-Charpieu,France,False,2024-07-18,2,1854.91,2024-07-18,6,1772.44,4,82.47000000000003,1,0
2024-09-09,Haiti,Sint Maarten,6,0,CONCACAF Nations League,Mayagüez,Puerto Rico,True,2024-07-18,85,1274.46,,,,,,1,0
2024-09-09,Morocco,Lesotho,1,0,African Cup of Nations qualification,Agadir,Morocco,False,2024-07-18,14,1669.44,2024-07-18,149,1046.54,135,622.9000000000001,1,0
2024-09-09,Niger,Ghana,1,1,African Cup of Nations qualification,Berkane,Morocco,True,2024-07-18,125,1139.21,2024-07-18,64,1381.25,-61,-242.03999999999996,0,1
2024-09-09,Norway,Austria,2,1,UEFA Nations League,Oslo,Norway,False,2024-07-18,50,1466.48,2024-07-18,22,1591.56,-28,-125.07999999999993,1,0
2024-09-09,Turkey,Iceland,3,1,UEFA Nations League,Izmir,Turkey,False,,,,2024-07-18,71,1353.48,,,1,0
2024-09-10,Bahrain,Japan,0,5,FIFA World Cup qualification,Riffa,Bahrain,False,2024-07-18,80,1302.86,2024-07-18,18,1628.81,-62,-325.95000000000005,0,0
2024-09-10,Botswana,Egypt,0,4,African Cup of Nations qualification,Francistown,Botswana,False,2024-07-18,145,1063.64,2024-07-18,36,1502.34,-109,-438.6999999999998,0,0
2024-09-10,Cape Verde,Mauritania,2,0,African Cup of Nations qualification,Praia,Cape Verde,False,,,,2024-07-18,112,1177.5,,,1,0
2024-09-10,Chad,Ivory Coast,0,2,African Cup of Nations qualification,Yaounde,Cameroon,True,2024-07-18,178,929.97,,,,,,0,0
2024-09-10,China,Saudi Arabia,1,2,FIFA World Cup qualification,Dalian,China,False,,,,2024-07-18,56,1431.3,,,0,0
2024-09-10,Colombia,Argentina,2,1,FIFA World Cup qualification,Barranquilla,Colombia,False,2024-07-18,9,1727.32,2024-07-18,1,1901.48,-8,-174.16000000000008,1,0
2024-09-10,Czech Republic,Ukraine,3,2,UEFA Nations League,Prague,Czech Republic,False,2024-07-18,47,1473.46,2024-07-18,25,1567.25,-22,-93.78999999999996,1,0
2024-09-10,Ecuador,Peru,1,0,FIFA World Cup qualification,Quito,Ecuador,False,2024-07-18,27,1530.44,2024-07-18,42,1489.68,15,40.75999999999999,1,0
2024-09-10,England,Finland,2,0,UEFA Nations League,London,England,False,2024-07-18,4,1812.26,2024-07-18,63,1393.4,59,418.8599999999999,1,0
2024-09-10,Hungary,Bosnia and Herzegovina,0,0,UEFA Nations League,Budapest,Hungary,False,2024-07-18,31,1518.77,2024-07-18,75,1332.3,44,186.47000000000003,0,1
2024-09-10,Indonesia,Australia,0,0,FIFA World Cup qualification,Jakarta,Indonesia,False,2024-07-18,133,1108.73,2024-07-18,24,1571.29,-109,-462.55999999999995,0,1
2024-09-10,Kuwait,Iraq,0,0,FIFA World Cup qualification,Kuwait City,Kuwait,False,2024-07-18,136,1098.42,2024-07-18,55.0,1433.07,-81.0,-334.64999999999986,0,1
2024-09-10,Kyrgyzstan,Uzbekistan,2,3,FIFA World Cup qualification,Bishkek,Kyrgyzstan,False,,,,2024-07-18,61.0,1397.41,,,0,0
2024-09-10,Liberia,Algeria,0,3,African Cup of Nations qualification,Monrovia,Liberia,False,2024-07-18,142,1067.05,2024-07-18,46,1474.13,-96,-407.08000000000015,0,0
2024-09-10,Mexico,Canada,0,0,Friendly,Arlington,United States,True,2024-07-18,17,1635.11,2024-07-18,40,1494.66,23,140.44999999999982,0,1
2024-09-10,Netherlands,Germany,2,2,UEFA Nations League,Amsterdam,Netherlands,False,2024-07-18,7,1758.51,2024-07-18,13,1686.02,6,72.49000000000001,0,1
2024-09-10,North Korea,Qatar,2,2,FIFA World Cup qualification,Vientiane,Laos,True,2024-07-18,110,1183.96,2024-07-18,34,1504.06,-76,-320.0999999999999,0,1
2024-09-10,Oman,South Korea,1,3,FIFA World Cup qualification,Muscat,Oman,False,2024-07-18,76,1326.18,2024-07-18,23,1572.87,-53,-246.68999999999983,0,0
2024-09-10,Palestine,Jordan,1,3,FIFA World Cup qualification,Kuala Lumpur,Malaysia,True,2024-07-18,96,1231.25,2024-07-18,68,1374.13,-28,-142.8800000000001,0,0
2024-09-10,Paraguay,Brazil,1,0,FIFA World Cup qualification,Asunción,Paraguay,False,2024-07-18,62,1396.8,2024-07-18,5,1785.61,-57,-388.80999999999995,1,0
2024-09-10,South Sudan,South Africa,2,3,African Cup of Nations qualification,Juba,South Sudan,False,2024-07-18,169,980.02,2024-07-18,57,1415.15,-112,-435.1300000000001,0,0
2024-09-10,United Arab Emirates,Iran,0,1,FIFA World Cup qualification,Al Ain,United Arab Emirates,False,2024-07-18,69.0,1368.84,2024-07-18,20,1611.16,-49.0,-242.32000000000016,0,0
2024-09-10,United States,New Zealand,1,1,Friendly,Cincinnati,United States,False,2024-07-18,16.0,1641.75,2023-06-29,103,1199.04,87.0,442.71000000000004,0,1
2024-09-10,Venezuela,Uruguay,0,0,FIFA World Cup qualification,Maturín,Venezuela,False,2024-07-18,37,1501.46,2024-07-18,11,1713.15,-26,-211.69000000000005,0,1
2024-10-10,Algeria,Togo,5,1,African Cup of Nations qualification,Annaba,Algeria,False,2024-09-19,41,1486.03,2024-09-19,119,1158.81,78,327.22,1,0
2024-10-10,Australia,China,3,1,FIFA World Cup qualification,Adelaide,Australia,False,2024-09-19,25,1544.3,,,,,,1,0
2024-10-10,Austria,Kazakhstan,4,0,UEFA Nations League,Salzburg,Austria,False,2024-09-19,22,1580.37,2024-09-19,109,1193.21,87,387.15999999999985,1,0
2024-10-10,Bolivia,Colombia,1,0,FIFA World Cup qualification,El Alto,Bolivia,False,2024-09-19,83,1293.76,2024-09-19,9,1738.72,-74,-444.96000000000004,1,0
2024-10-10,Cape Verde,Botswana,0,1,African Cup of Nations qualification,Praia,Cape Verde,False,,,,2024-09-19,147,1050.15,,,0,0
2024-10-10,Chile,Brazil,1,2,FIFA World Cup qualification,Santiago,Chile,False,2024-09-19,49,1467.98,2024-09-19,5,1772.02,-44,-304.03999999999996,0,0
2024-10-10,DR Congo,Tanzania,1,0,African Cup of Nations qualification,Kinshasa,DR Congo,False,2024-09-19,58,1416.91,2024-09-19,110,1188.24,52,228.67000000000007,1,0
2024-10-10,Ecuador,Paraguay,0,0,FIFA World Cup qualification,Quito,Ecuador,False,2024-09-19,27,1535.43,2024-09-19,57,1423.98,30,111.45000000000005,0,1
2024-10-10,England,Greece,1,2,UEFA Nations League,London,England,False,2024-09-19,4,1817.28,2024-09-19,48,1469.18,44,348.0999999999999,0,0
2024-10-10,Ghana,Sudan,0,0,African Cup of Nations qualification,Accra,Ghana,False,2024-09-19,70,1360.43,2024-09-19,120,1154.5,50,205.93000000000006,0,1
2024-10-10,Iraq,Palestine,1,0,FIFA World Cup qualification,Basra,Iraq,False,2024-09-19,55.0,1435.9,2024-09-19,98,1228.99,43.0,206.91000000000008,1,0
2024-10-10,Israel,France,1,4,UEFA Nations League,Budapest,Hungary,True,2024-09-19,79,1307.8,2024-09-19,2,1851.92,-77,-544.1200000000001,0,0
2024-10-10,Italy,Belgium,2,2,UEFA Nations League,Rome,Italy,False,2024-09-19,10,1726.31,2024-09-19,6,1768.14,-4,-41.830000000000155,0,1
2024-10-10,Jordan,South Korea,0,2,FIFA World Cup qualification,Amman,Jordan,False,2024-09-19,68.0,1377.52,2024-09-19,23,1572.61,-45.0,-195.08999999999992,0,0
2024-10-10,Norway,Slovenia,3,0,UEFA Nations League,Oslo,Norway,False,2024-09-19,47,1472.16,2024-09-19,51,1462.98,4,9.180000000000064,1,0
2024-10-10,Qatar,Kyrgyzstan,3,1,FIFA World Cup qualification,Doha,Qatar,False,2024-09-19,44,1481.69,,,,,,1,0
2024-10-10,Saudi Arabia,Japan,0,2,FIFA World Cup qualification,Jeddah,Saudi Arabia,False,2024-09-19,56,1433.16,2024-09-19,16,1639.6,-40,-206.43999999999983,0,0
2024-10-10,Uzbekistan,Iran,0,0,FIFA World Cup qualification,Tashkent,Uzbekistan,False,2024-09-19,60,1413.06,2024-09-19,19,1622.92,-41,-209.86000000000013,0,1
2024-10-10,Venezuela,Argentina,1,1,FIFA World Cup qualification,Maturín,Venezuela,False,2024-09-19,40,1488.56,2024-09-19,1,1889.02,-39,-400.46000000000004,0,1
2024-10-11,Aruba,Haiti,1,3,CONCACAF Nations League,Oranjestad,Aruba,False,2024-09-19,194,868.4,2024-09-19,86,1278.56,-108,-410.15999999999997,0,0
2024-10-11,Bosnia and Herzegovina,Germany,1,2,UEFA Nations League,Zenica,Bosnia and Herzegovina,False,2024-09-19,75,1332.39,2024-09-19,13,1692.19,-62,-359.79999999999995,0,0
2024-10-11,Czech Republic,Albania,2,0,UEFA Nations League,Prague,Czech Republic,False,2024-09-19,46,1473.19,2024-09-19,67,1377.91,21,95.27999999999997,1,0
2024-10-11,Egypt,Mauritania,2,0,African Cup of Nations qualification,Cairo,Egypt,False,2024-09-19,31,1515.64,2024-09-19,112,1179.04,81,336.60000000000014,1,0
2024-10-11,Grenada,Curaçao,0,0,CONCACAF Nations League,Gros Islet,Saint Lucia,True,2024-09-19,173,946.7,,,,,,0,1
2024-10-11,Hungary,Netherlands,1,1,UEFA Nations League,Budapest,Hungary,False,2024-09-19,32,1511.06,2024-09-19,7,1759.95,-25,-248.8900000000001,0,1
2024-10-11,Ivory Coast,Sierra Leone,4,1,African Cup of Nations qualification,San-Pédro,Ivory Coast,False,,,,2024-09-19,125,1134.26,,,1,0
2024-10-11,New Zealand,Tahiti,3,0,FIFA World Cup qualification,Port Vila,Vanuatu,True,2023-06-29,103,1199.04,2024-09-19,158,1016.83,55,182.20999999999992,1,0
2024-10-11,Peru,Uruguay,1,0,FIFA World Cup qualification,Lima,Peru,False,2024-09-19,43,1483.2,2024-09-19,11,1701.34,-32,-218.13999999999987,1,0
2024-10-11,Senegal,Malawi,4,0,African Cup of Nations qualification,Diamniadio,Senegal,False,2024-09-19,21,1620.87,2024-09-19,133,1117.42,112,503.4499999999998,1,0
2024-10-11,Slovakia,Sweden,2,2,UEFA Nations League,Bratislava,Slovakia,False,2024-09-19,42,1485.89,2024-09-19,28,1528.18,-14,-42.289999999999964,0,1
2024-10-11,South Africa,Congo,5,0,African Cup of Nations qualification,Gqeberha,South Africa,False,2024-09-19,59,1415.07,2024-09-19,117,1160.33,58,254.74,1,0
2024-10-11,Tunisia,Comoros,0,1,African Cup of Nations qualification,Radès,Tunisia,False,2024-09-19,36,1504.86,2024-09-19,118,1159.64,82,345.2199999999998,0,0
2024-10-11,Turkey,Montenegro,1,0,UEFA Nations League,Tekkeköy,Turkey,False,,,,2024-09-19,74,1332.68,,,1,0
2024-10-12,Croatia,Scotland,2,1,UEFA Nations League,Zagreb,Croatia,False,2024-09-19,12,1699.6,2024-09-19,52,1461.75,40,237.8499999999999,1,0
2024-10-12,Morocco,Central African Republic,5,0,African Cup of Nations qualification,Oujda,Morocco,False,2024-09-19,14,1676.14,2024-09-19,128,1130.7,114,545.44,1,0
2024-10-12,Poland,Portugal,1,3,UEFA Nations League,Warsaw,Poland,False,2024-09-19,30,1525.08,2024-09-19,8,1752.14,-22,-227.06000000000017,0,0
2024-10-12,Serbia,Switzerland,2,0,UEFA Nations League,Leskovac,Serbia,False,2024-09-19,35,1505.08,2024-09-19,15,1641.0,-20,-135.92000000000007,1,0
2024-10-12,Spain,Denmark,1,0,UEFA Nations League,Murcia,Spain,False,2024-09-19,3,1836.42,2024-09-19,20,1621.7,17,214.72000000000003,1,0
2024-10-12,United States,Panama,2,0,Friendly,Austin,United States,False,2024-09-19,18.0,1632.19,2024-09-19,37,1502.55,19.0,129.6400000000001,1,0
2024-10-13,Austria,Norway,5,1,UEFA Nations League,Linz,Austria,False,2024-09-19,22,1580.37,2024-09-19,47,1472.16,25,108.20999999999981,1,0
2024-10-13,Finland,England,1,3,UEFA Nations League,Helsinki,Finland,False,2024-09-19,64,1384.36,2024-09-19,4,1817.28,-60,-432.9200000000001,0,0
2024-10-14,Aruba,Haiti,3,5,CONCACAF Nations League,Oranjestad,Aruba,False,2024-09-19,194,868.4,2024-09-19,86,1278.56,-108,-410.15999999999997,0,0
2024-10-14,Belgium,France,1,2,UEFA Nations League,Leuven,Belgium,False,2024-09-19,6,1768.14,2024-09-19,2,1851.92,-4,-83.77999999999997,0,0
2024-10-14,Bosnia and Herzegovina,Hungary,0,2,UEFA Nations League,Zenica,Bosnia and Herzegovina,False,2024-09-19,75,1332.39,2024-09-19,32,1511.06,-43,-178.66999999999985,0,0
2024-10-14,Curaçao,Grenada,1,0,CONCACAF Nations League,Gros Islet,Saint Lucia,True,,,,2024-09-19,173,946.7,,,1,0
2024-10-14,Estonia,Sweden,0,3,UEFA Nations League,Tallinn,Estonia,False,2024-09-19,122,1140.39,2024-09-19,28,1528.18,-94,-387.78999999999996,0,0
2024-10-14,Germany,Netherlands,1,0,UEFA Nations League,Munich,Germany,False,2024-09-19,13,1692.19,2024-09-19,7,1759.95,-6,-67.75999999999999,1,0
2024-10-14,Iceland,Turkey,2,4,UEFA Nations League,Reykjavík,Iceland,False,2024-09-19,71,1355.75,,,,,,0,0
2024-10-14,New Zealand,Malaysia,4,0,Friendly,Auckland,New Zealand,False,2023-06-29,103,1199.04,2024-09-19,132,1117.64,29,81.39999999999986,1,0
2024-10-14,Togo,Algeria,0,1,African Cup of Nations qualification,Lomé,Togo,False,2024-09-19,119,1158.81,2024-09-19,41,1486.03,-78,-327.22,0,0
2024-10-14,Ukraine,Czech Republic,1,1,UEFA Nations League,Wrocław,Poland,True,2024-09-19,24,1548.29,2024-09-19,46,1473.19,22,75.09999999999991,0,1
2024-10-15,Argentina,Bolivia,6,0,FIFA World Cup qualification,Buenos Aires,Argentina,False,2024-09-19,1,1889.02,2024-09-19,83,1293.76,82,595.26,1,0
2024-10-15,Botswana,Cape Verde,1,0,African Cup of Nations qualification,Francistown,Botswana,False,2024-09-19,147,1050.15,,,,,,1,0
2024-10-15,Brazil,Peru,4,0,FIFA World Cup qualification,Brasília,Brazil,False,2024-09-19,5,1772.02,2024-09-19,43,1483.2,38,288.81999999999994,1,0
2024-10-15,Canada,Panama,2,1,Friendly,Toronto,Canada,False,2024-09-19,38,1502.31,2024-09-19,37,1502.55,-1,-0.2400000000000091,1,0
2024-10-15,Colombia,Chile,4,0,FIFA World Cup qualification,Barranquilla,Colombia,False,2024-09-19,9,1738.72,2024-09-19,49,1467.98,40,270.74,1,0
2024-10-15,Comoros,Tunisia,1,1,African Cup of Nations qualification,Abidjan,Ivory Coast,True,2024-09-19,118,1159.64,2024-09-19,36,1504.86,-82,-345.2199999999998,0,1
2024-10-15,Congo,South Africa,1,1,African Cup of Nations qualification,Brazzaville,Congo,False,2024-09-19,117,1160.33,2024-09-19,59,1415.07,-58,-254.74,0,1
2024-10-15,Iran,Qatar,4,1,FIFA World Cup qualification,Dubai,United Arab Emirates,True,2024-09-19,19,1622.92,2024-09-19,44,1481.69,25,141.23000000000002,1,0
2024-10-15,Japan,Australia,1,1,FIFA World Cup qualification,Saitama,Japan,False,2024-09-19,16,1639.6,2024-09-19,25,1544.3,9,95.29999999999995,0,1
2024-10-15,Jordan,Oman,4,0,FIFA World Cup qualification,Amman,Jordan,False,2024-09-19,68.0,1377.52,2024-09-19,78,1309.27,10.0,68.25,1,0
2024-10-15,Malawi,Senegal,0,1,African Cup of Nations qualification,Lilongwe,Malawi,False,2024-09-19,133,1117.42,2024-09-19,21,1620.87,-112,-503.4499999999998,0,0
2024-10-15,Mauritania,Egypt,0,1,African Cup of Nations qualification,Nouakchott,Mauritania,False,2024-09-19,112,1179.04,2024-09-19,31,1515.64,-81,-336.60000000000014,0,0
2024-10-15,Mexico,United States,2,0,Friendly,Zapopan,Mexico,False,2024-09-19,17,1635.66,2024-09-19,18,1632.19,1,3.4700000000000273,1,0
2024-10-15,Morocco,Central African Republic,4,0,African Cup of Nations qualification,Oujda,Morocco,False,2024-09-19,14,1676.14,2024-09-19,128,1130.7,114,545.44,1,0
2024-10-15,Paraguay,Venezuela,2,1,FIFA World Cup qualification,Asunción,Paraguay,False,2024-09-19,57,1423.98,2024-09-19,40,1488.56,-17,-64.57999999999993,1,0
2024-10-15,Poland,Croatia,3,3,UEFA Nations League,Warsaw,Poland,False,2024-09-19,30,1525.08,2024-09-19,12,1699.6,-18,-174.51999999999998,0,1
2024-10-15,Saudi Arabia,Bahrain,0,0,FIFA World Cup qualification,Jeddah,Saudi Arabia,False,2024-09-19,56,1433.16,2024-09-19,76,1315.49,20,117.67000000000007,0,1
2024-10-15,Scotland,Portugal,0,0,UEFA Nations League,Glasgow,Scotland,False,2024-09-19,52,1461.75,2024-09-19,8,1752.14,-44,-290.3900000000001,0,1
2024-10-15,Sierra Leone,Ivory Coast,1,0,African Cup of Nations qualification,Monrovia,Liberia,True,2024-09-19,125,1134.26,,,,,,1,0
2024-10-15,South Korea,Iraq,3,2,FIFA World Cup qualification,Yongin,South Korea,False,2024-09-19,23,1572.61,2024-09-19,55.0,1435.9,32.0,136.7099999999998,1,0
2024-10-15,Spain,Serbia,3,0,UEFA Nations League,Cordoba,Spain,False,2024-09-19,3,1836.42,2024-09-19,35.0,1505.08,32.0,331.34000000000015,1,0
2024-10-15,Sudan,Ghana,2,0,African Cup of Nations qualification,Benghazi,Libya,True,2024-09-19,120,1154.5,2024-09-19,70,1360.43,-50,-205.93000000000006,1,0
2024-10-15,Switzerland,Denmark,2,2,UEFA Nations League,St. Gallen,Switzerland,False,2024-09-19,15,1641.0,2024-09-19,20,1621.7,5,19.299999999999955,0,1
2024-10-15,Tanzania,DR Congo,0,2,African Cup of Nations qualification,Dar es Salaam,Tanzania,False,2024-09-19,110,1188.24,2024-09-19,58,1416.91,-52,-228.67000000000007,0,0
2024-10-15,Uruguay,Ecuador,0,0,FIFA World Cup qualification,Montevideo,Uruguay,False,2024-09-19,11,1701.34,2024-09-19,27,1535.43,16,165.90999999999985,0,1
2024-10-15,Uzbekistan,United Arab Emirates,1,0,FIFA World Cup qualification,Tashkent,Uzbekistan,False,2024-09-19,60,1413.06,2024-09-19,69,1377.22,9,35.83999999999992,1,0
2024-11-14,Australia,Saudi Arabia,0,0,FIFA World Cup qualification,Melbourne,Australia,False,2024-09-19,25,1544.3,2024-09-19,56,1433.16,31,111.13999999999987,0,1
2024-11-14,Belgium,Italy,0,1,UEFA Nations League,Brussels,Belgium,False,2024-09-19,6,1768.14,2024-09-19,10,1726.31,4,41.830000000000155,0,0
2024-11-14,Burkina Faso,Senegal,0,1,African Cup of Nations qualification,Bamako,Mali,True,2024-09-19,63,1387.5,2024-09-19,21,1620.87,-42,-233.3699999999999,0,0
2024-11-14,Costa Rica,Panama,0,1,CONCACAF Nations League,San José,Costa Rica,False,2024-09-19,50,1466.08,2024-09-19,37,1502.55,-13,-36.47000000000003,0,0
2024-11-14,Ecuador,Bolivia,4,0,FIFA World Cup qualification,Guayaquil,Ecuador,False,2024-09-19,27,1535.43,2024-09-19,83,1293.76,56,241.67000000000007,1,0
2024-11-14,Equatorial Guinea,Algeria,0,0,African Cup of Nations qualification,Malabo,Equatorial Guinea,False,2024-09-19,94,1250.57,2024-09-19,41,1486.03,-53,-235.46000000000004,0,1
2024-11-14,France,Israel,0,0,UEFA Nations League,Paris,France,False,2024-09-19,2,1851.92,2024-09-19,79,1307.8,77,544.1200000000001,0,1
2024-11-14,Greece,England,0,3,UEFA Nations League,Athens,Greece,False,2024-09-19,48,1469.18,2024-09-19,4,1817.28,-44,-348.0999999999999,0,0
2024-11-14,Iraq,Jordan,0,0,FIFA World Cup qualification,Basra,Iraq,False,2024-09-19,55.0,1435.9,2024-09-19,68,1377.52,13.0,58.38000000000011,0,1
2024-11-14,Jamaica,United States,0,1,CONCACAF Nations League,Kingston,Jamaica,False,2024-09-19,61,1402.95,2024-09-19,18,1632.19,-43,-229.24,0,0
2024-11-14,Kazakhstan,Austria,0,2,UEFA Nations League,Almaty,Kazakhstan,False,2024-09-19,109,1193.21,2024-09-19,22,1580.37,-87,-387.15999999999985,0,0
2024-11-14,Kuwait,South Korea,1,3,FIFA World Cup qualification,Kuwait City,Kuwait,False,2024-09-19,134,1111.62,2024-09-19,23,1572.61,-111,-460.99,0,0
2024-11-14,Madagascar,Tunisia,2,3,African Cup of Nations qualification,Pretoria,South Africa,True,2024-09-19,108,1196.56,2024-09-19,36,1504.86,-72,-308.29999999999995,0,0
2024-11-14,North Korea,Iran,2,3,FIFA World Cup qualification,Vientiane,Laos,True,2024-09-19,111,1183.02,2024-09-19,19,1622.92,-92,-439.9000000000001,0,0
2024-11-14,Paraguay,Argentina,2,1,FIFA World Cup qualification,Asunción,Paraguay,False,2024-09-19,57,1423.98,2024-09-19,1,1889.02,-56,-465.03999999999996,1,0
2024-11-14,Qatar,Uzbekistan,3,2,FIFA World Cup qualification,Al Rayyan,Qatar,False,2024-09-19,44,1481.69,2024-09-19,60.0,1413.06,16.0,68.63000000000011,1,0
2024-11-14,Slovenia,Norway,1,4,UEFA Nations League,Ljubljana,Slovenia,False,2024-09-19,51,1462.98,2024-09-19,47,1472.16,-4,-9.180000000000064,0,0
2024-11-14,Venezuela,Brazil,1,1,FIFA World Cup qualification,Maturín,Venezuela,False,2024-09-19,40,1488.56,2024-09-19,5,1772.02,-35,-283.46000000000004,0,1
2024-11-15,Angola,Ghana,1,1,African Cup of Nations qualification,Talatona,Angola,False,2024-09-19,85,1281.09,2024-09-19,70,1360.43,-15,-79.34000000000015,0,1
2024-11-15,Cape Verde,Egypt,1,1,African Cup of Nations qualification,Praia,Cape Verde,False,,,,2024-09-19,31,1515.64,,,0,1
2024-11-15,Curaçao,Saint Martin,5,0,CONCACAF Nations League,Willemstad,Curaçao,False,,,,,,,,,1,0
2024-11-15,Denmark,Spain,1,2,UEFA Nations League,Copenhagen,Denmark,False,2024-09-19,20,1621.7,2024-09-19,3,1836.42,-17,-214.72000000000003,0,0
2024-11-15,Gabon,Morocco,1,5,African Cup of Nations qualification,Franceville,Gabon,False,2024-09-19,84,1292.88,2024-09-19,14,1676.14,-70,-383.26,0,0
2024-11-15,Honduras,Mexico,2,0,CONCACAF Nations League,San Pedro Sula,Honduras,False,2024-09-19,77,1311.3,2024-09-19,17,1635.66,-60,-324.3600000000001,1,0
2024-11-15,Indonesia,Japan,0,4,FIFA World Cup qualification,Jakarta,Indonesia,False,2024-09-19,129,1124.17,2024-09-19,16,1639.6,-113,-515.4299999999998,0,0
2024-11-15,New Zealand,Vanuatu,8,1,FIFA World Cup qualification,Hamilton,New Zealand,False,2023-06-29,103,1199.04,2024-09-19,162,1005.49,59,193.54999999999995,1,0
2024-11-15,Portugal,Poland,5,1,UEFA Nations League,Porto,Portugal,False,2024-09-19,8,1752.14,2024-09-19,30,1525.08,22,227.06000000000017,1,0
2024-11-15,Scotland,Croatia,1,0,UEFA Nations League,Glasgow,Scotland,False,2024-09-19,52,1461.75,2024-09-19,12,1699.6,-40,-237.8499999999999,1,0
2024-11-15,Sint Maarten,Haiti,0,8,CONCACAF Nations League,Mayagüez,Puerto Rico,True,,,,2024-09-19,86,1278.56,,,0,0
2024-11-15,Suriname,Canada,0,1,CONCACAF Nations League,Paramaribo,Suriname,False,2024-09-19,138,1094.39,2024-09-19,38,1502.31,-100,-407.91999999999985,0,0
2024-11-15,Switzerland,Serbia,1,1,UEFA Nations League,Zürich,Switzerland,False,2024-09-19,15,1641.0,2024-09-19,35.0,1505.08,20.0,135.92000000000007,0,1
2024-11-15,Uganda,South Africa,0,2,African Cup of Nations qualification,Kampala,Uganda,False,2024-09-19,90,1257.64,2024-09-19,59,1415.07,-31,-157.42999999999984,0,0
2024-11-15,Uruguay,Colombia,3,2,FIFA World Cup qualification,Montevideo,Uruguay,False,2024-09-19,11,1701.34,2024-09-19,9,1738.72,-2,-37.38000000000011,1,0
2024-11-15,Zambia,Ivory Coast,1,0,African Cup of Nations qualification,Ndola,Zambia,False,2024-09-19,93,1252.79,,,,,,1,0
2024-11-16,Albania,Czech Republic,0,0,UEFA Nations League,Tirana,Albania,False,2024-09-19,67,1377.91,2024-09-19,46,1473.19,-21,-95.27999999999997,0,1
2024-11-16,Germany,Bosnia and Herzegovina,7,0,UEFA Nations League,Freiburg,Germany,False,2024-09-19,13,1692.19,2024-09-19,75,1332.39,62,359.79999999999995,1,0
2024-11-16,Guinea,DR Congo,1,0,African Cup of Nations qualification,Abidjan,Ivory Coast,True,2024-09-19,82,1298.3,2024-09-19,58,1416.91,-24,-118.61000000000013,1,0
2024-11-16,Netherlands,Hungary,4,0,UEFA Nations League,Amsterdam,Netherlands,False,2024-09-19,7,1759.95,2024-09-19,32,1511.06,25,248.8900000000001,1,0
2024-11-16,Sweden,Slovakia,2,1,UEFA Nations League,Solna,Sweden,False,2024-09-19,28,1528.18,2024-09-19,42,1485.89,14,42.289999999999964,1,0
2024-11-16,Turkey,Wales,0,0,UEFA Nations League,Kayseri,Turkey,False,,,,2024-09-19,29,1526.53,,,0,1
2024-11-17,Algeria,Liberia,5,1,African Cup of Nations qualification,Tizi Ouzou,Algeria,False,2024-09-19,41,1486.03,2024-09-19,143,1064.97,102,421.05999999999995,1,0
2024-11-17,Austria,Slovenia,1,1,UEFA Nations League,Vienna,Austria,False,2024-09-19,22,1580.37,2024-09-19,51,1462.98,29,117.38999999999987,0,1
2024-11-17,England,Republic of Ireland,5,0,UEFA Nations League,London,England,False,2024-09-19,4,1817.28,2024-09-19,62,1394.63,58,422.64999999999986,1,0
2024-11-17,Israel,Belgium,1,0,UEFA Nations League,Budapest,Hungary,True,2024-09-19,79,1307.8,2024-09-19,6,1768.14,-73,-460.34000000000015,1,0
2024-11-17,Italy,France,1,3,UEFA Nations League,Milan,Italy,False,2024-09-19,10,1726.31,2024-09-19,2,1851.92,-8,-125.61000000000013,0,0
2024-11-17,Norway,Kazakhstan,5,0,UEFA Nations League,Oslo,Norway,False,2024-09-19,47,1472.16,2024-09-19,109,1193.21,62,278.95000000000005,1,0
2024-11-18,Croatia,Portugal,1,1,UEFA Nations League,Split,Croatia,False,2024-09-19,12,1699.6,2024-09-19,8,1752.14,-4,-52.54000000000019,0,1
2024-11-18,Ghana,Niger,1,2,African Cup of Nations qualification,Accra,Ghana,False,2024-09-19,70,1360.43,2024-09-19,127,1132.39,57,228.03999999999996,0,0
2024-11-18,Morocco,Lesotho,7,0,African Cup of Nations qualification,Oujda,Morocco,False,2024-09-19,14,1676.14,2024-09-19,153,1034.02,139,642.1200000000001,1,0
2024-11-18,New Zealand,Samoa,8,0,FIFA World Cup qualification,Auckland,New Zealand,False,2023-06-29,103,1199.04,2024-09-19,185,900.79,82,298.25,1,0
2024-11-18,Panama,Costa Rica,2,2,CONCACAF Nations League,Panama City,Panama,False,2024-09-19,37.0,1502.55,2024-09-19,50,1466.08,13.0,36.47000000000003,0,1
2024-11-18,Poland,Scotland,1,2,UEFA Nations League,Warsaw,Poland,False,2024-09-19,30,1525.08,2024-09-19,52,1461.75,22,63.32999999999993,0,0
2024-11-18,Puerto Rico,Haiti,0,3,CONCACAF Nations League,Mayagüez,Puerto Rico,False,2024-09-19,154,1021.62,2024-09-19,86,1278.56,-68,-256.93999999999994,0,0
2024-11-18,Saint Lucia,Curaçao,1,4,CONCACAF Nations League,Gros Islet,Saint Lucia,False,,,,,,,,,0,0
2024-11-18,Spain,Switzerland,3,2,UEFA Nations League,Santa Cruz de Tenerife,Spain,False,2024-09-19,3,1836.42,2024-09-19,15,1641.0,12,195.42000000000007,1,0
2024-11-18,Tunisia,Gambia,0,1,African Cup of Nations qualification,Tunis,Tunisia,False,2024-09-19,36,1504.86,2022-08-25,124,1137.47,88,367.3899999999999,0,0
2024-11-18,United States,Jamaica,4,2,CONCACAF Nations League,Saint Louis,United States,False,2024-09-19,18.0,1632.19,2024-09-19,61,1402.95,43.0,229.24,1,0
2024-11-19,Argentina,Peru,1,0,FIFA World Cup qualification,Buenos Aires,Argentina,False,2024-09-19,1,1889.02,2024-09-19,43,1483.2,42,405.81999999999994,1,0
2024-11-19,Bahrain,Australia,2,2,FIFA World Cup qualification,Riffa,Bahrain,False,2024-09-19,76,1315.49,2024-09-19,25,1544.3,-51,-228.80999999999995,0,1
2024-11-19,Bolivia,Paraguay,2,2,FIFA World Cup qualification,El Alto,Bolivia,False,2024-09-19,83,1293.76,2024-09-19,57,1423.98,-26,-130.22000000000003,0,1
2024-11-19,Bosnia and Herzegovina,Netherlands,1,1,UEFA Nations League,Zenica,Bosnia and Herzegovina,False,2024-09-19,75,1332.39,2024-09-19,7,1759.95,-68,-427.55999999999995,0,1
2024-11-19,Brazil,Uruguay,1,1,FIFA World Cup qualification,Salvador,Brazil,False,2024-09-19,5,1772.02,2024-09-19,11,1701.34,6,70.68000000000006,0,1
2024-11-19,Canada,Suriname,3,0,CONCACAF Nations League,Toronto,Canada,False,2024-09-19,38,1502.31,2024-09-19,138,1094.39,100,407.91999999999985,1,0
2024-11-19,China,Japan,1,3,FIFA World Cup qualification,Xiamen,China,False,,,,2024-09-19,16,1639.6,,,0,0
2024-11-19,Colombia,Ecuador,0,1,FIFA World Cup qualification,Barranquilla,Colombia,False,2024-09-19,9,1738.72,2024-09-19,27,1535.43,18,203.28999999999996,0,0
2024-11-19,Czech Republic,Georgia,2,1,UEFA Nations League,Olomouc,Czech Republic,False,2024-09-19,46,1473.19,2024-09-19,66,1378.22,20,94.97000000000003,1,0
2024-11-19,DR Congo,Ethiopia,1,2,African Cup of Nations qualification,Kinshasa,DR Congo,False,2024-09-19,58,1416.91,2024-09-19,145,1063.44,87,353.47,0,0
2024-11-19,Egypt,Botswana,1,1,African Cup of Nations qualification,Cairo,Egypt,False,2024-09-19,31,1515.64,2024-09-19,147,1050.15,116,465.49,0,1
2024-11-19,Hungary,Germany,1,1,UEFA Nations League,Budapest,Hungary,False,2024-09-19,32,1511.06,2024-09-19,13,1692.19,-19,-181.1300000000001,0,1
2024-11-19,Indonesia,Saudi Arabia,2,0,FIFA World Cup qualification,Jakarta,Indonesia,False,2024-09-19,129,1124.17,2024-09-19,56,1433.16,-73,-308.99,1,0
2024-11-19,Ivory Coast,Chad,4,0,African Cup of Nations qualification,Abidjan,Ivory Coast,False,,,,2024-09-19,177,932.44,,,1,0
2024-11-19,Kuwait,Jordan,1,1,FIFA World Cup qualification,Kuwait City,Kuwait,False,2024-09-19,134,1111.62,2024-09-19,68,1377.52,-66,-265.9000000000001,0,1
2024-11-19,Kyrgyzstan,Iran,2,3,FIFA World Cup qualification,Bishkek,Kyrgyzstan,False,,,,2024-09-19,19,1622.92,,,0,0
2024-11-19,Mauritania,Cape Verde,1,0,African Cup of Nations qualification,Nouakchott,Mauritania,False,2024-09-19,112,1179.04,,,,,,1,0
2024-11-19,Mexico,Honduras,4,0,CONCACAF Nations League,Toluca,Mexico,False,2024-09-19,17,1635.66,2024-09-19,77,1311.3,60,324.3600000000001,1,0
2024-11-19,Montenegro,Turkey,3,1,UEFA Nations League,Podgorica,Montenegro,False,2024-09-19,74,1332.68,,,,,,1,0
2024-11-19,North Korea,Uzbekistan,0,1,FIFA World Cup qualification,Vientiane,Laos,True,2024-09-19,111,1183.02,2024-09-19,60.0,1413.06,-51.0,-230.03999999999996,0,0
2024-11-19,Oman,Iraq,0,1,FIFA World Cup qualification,Muscat,Oman,False,2024-09-19,78,1309.27,2024-09-19,55.0,1435.9,-23.0,-126.63000000000011,0,0
2024-11-19,Palestine,South Korea,1,1,FIFA World Cup qualification,Amman,Jordan,True,2024-09-19,98,1228.99,2024-09-19,23,1572.61,-75,-343.6199999999999,0,1
2024-11-19,Senegal,Burundi,2,0,African Cup of Nations qualification,Dakar,Senegal,False,2024-09-19,21,1620.87,2024-09-19,136,1101.79,115,519.0799999999999,1,0
2024-11-19,South Africa,South Sudan,3,0,African Cup of Nations qualification,Cape Town,South Africa,False,2024-09-19,59,1415.07,2024-09-19,172,967.83,113,447.2399999999999,1,0
2024-11-19,Sweden,Azerbaijan,6,0,UEFA Nations League,Solna,Sweden,False,2024-09-19,28,1528.18,2024-09-19,113,1173.15,85,355.03,1,0
2024-11-19,United Arab Emirates,Qatar,5,0,FIFA World Cup qualification,Abu Dhabi,United Arab Emirates,False,2024-09-19,69.0,1377.22,2024-09-19,44,1481.69,-25.0,-104.47000000000003,1,0
2024-12-21,Qatar,United Arab Emirates,1,1,Gulf Cup,Sulaibikhat,Kuwait,True,2024-09-19,44,1481.69,2024-09-19,69,1377.22,25,104.47000000000003,0,1
2024-12-22,Iraq,Yemen,1,0,Gulf Cup,Sulaibikhat,Kuwait,True,2024-09-19,55.0,1435.9,2024-09-19,155,1021.24,100.0,414.6600000000001,1,0
2024-12-22,Saudi Arabia,Bahrain,2,3,Gulf Cup,Kuwait City,Kuwait,True,2024-09-19,56,1433.16,2024-09-19,76,1315.49,20,117.67000000000007,0,0
2024-12-24,Oman,Qatar,2,1,Gulf Cup,Sulaibikhat,Kuwait,True,2024-09-19,78,1309.27,2024-09-19,44,1481.69,-34,-172.42000000000007,1,0
2024-12-25,Bahrain,Iraq,2,0,Gulf Cup,Kuwait City,Kuwait,True,2024-09-19,76,1315.49,2024-09-19,55.0,1435.9,-21.0,-120.41000000000008,1,0
2024-12-25,Yemen,Saudi Arabia,2,3,Gulf Cup,Sulaibikhat,Kuwait,True,2024-09-19,155,1021.24,2024-09-19,56,1433.16,-99,-411.9200000000001,0,0
2024-12-27,Kuwait,Qatar,1,1,Gulf Cup,Kuwait City,Kuwait,False,2024-09-19,134,1111.62,2024-09-19,44,1481.69,-90,-370.07000000000016,0,1
2024-12-28,Iraq,Saudi Arabia,1,3,Gulf Cup,Kuwait City,Kuwait,True,2024-09-19,55.0,1435.9,2024-09-19,56,1433.16,1.0,2.740000000000009,0,0
2024-12-31,Oman,Saudi Arabia,2,1,Gulf Cup,Sulaibikhat,Kuwait,True,2024-09-19,78,1309.27,2024-09-19,56,1433.16,-22,-123.8900000000001,1,0
2025-01-18,United States,Venezuela,3,1,Friendly,Fort Lauderdale,United States,False,2024-09-19,18.0,1632.19,2024-09-19,40,1488.56,22.0,143.6300000000001,1,0
2025-01-22,United States,Costa Rica,3,0,Friendly,Orlando,United States,False,2024-09-19,18.0,1632.19,2024-09-19,50,1466.08,32.0,166.11000000000013,1,0
2025-01-22,Uzbekistan,Jordan,0,0,Friendly,Doha,Qatar,True,2024-09-19,60,1413.06,2024-09-19,68,1377.52,8,35.539999999999964,0,1
2025-02-08,Chile,Panama,6,1,Friendly,Santiago,Chile,False,2024-09-19,49,1467.98,2024-09-19,37,1502.55,-12,-34.569999999999936,1,0
2025-03-14,Jordan,North Korea,1,1,Friendly,Amman,Jordan,False,2024-09-19,68.0,1377.52,2024-09-19,111,1183.02,43.0,194.5,0,1
2025-03-19,Kazakhstan,Curaçao,2,0,Friendly,Antalya,Turkey,True,2024-09-19,109,1193.21,,,,,,1,0
2025-03-19,Liberia,Tunisia,0,1,FIFA World Cup qualification,Monrovia,Liberia,False,2024-09-19,143,1064.97,2024-09-19,36,1504.86,-107,-439.8899999999999,0,0
2025-03-20,Australia,Indonesia,5,1,FIFA World Cup qualification,Sydney,Australia,False,2024-09-19,25,1544.3,2024-09-19,129,1124.17,104,420.1299999999999,1,0
2025-03-20,Austria,Serbia,1,1,UEFA Nations League,Vienna,Austria,False,2024-09-19,22,1580.37,2024-09-19,35.0,1505.08,13.0,75.28999999999996,0,1
2025-03-20,Brazil,Colombia,2,1,FIFA World Cup qualification,Brasília,Brazil,False,2024-09-19,5,1772.02,2024-09-19,9,1738.72,4,33.299999999999955,1,0
2025-03-20,Canada,Mexico,0,2,CONCACAF Nations League,Inglewood,United States,True,2024-09-19,38,1502.31,2024-09-19,17,1635.66,-21,-133.35000000000014,0,0
2025-03-20,Cape Verde,Mauritius,1,0,FIFA World Cup qualification,Praia,Cape Verde,False,,,,2024-09-19,178,927.57,,,1,0
2025-03-20,Croatia,France,2,0,UEFA Nations League,Split,Croatia,False,2024-09-19,12,1699.6,2024-09-19,2,1851.92,-10,-152.32000000000016,1,0
2025-03-20,Denmark,Portugal,1,0,UEFA Nations League,Copenhagen,Denmark,False,2024-09-19,20,1621.7,2024-09-19,8,1752.14,-12,-130.44000000000005,1,0
2025-03-20,Greece,Scotland,0,1,UEFA Nations League,Piraeus,Greece,False,2024-09-19,48,1469.18,2024-09-19,52,1461.75,4,7.430000000000064,0,0
2025-03-20,Iran,United Arab Emirates,2,0,FIFA World Cup qualification,Tehran,Iran,False,2024-09-19,19,1622.92,2024-09-19,69,1377.22,50,245.70000000000005,1,0
2025-03-20,Iraq,Kuwait,2,2,FIFA World Cup qualification,Basra,Iraq,False,2024-09-19,55.0,1435.9,2024-09-19,134.0,1111.62,79.0,324.2800000000002,0,1
2025-03-20,Italy,Germany,1,2,UEFA Nations League,Milan,Italy,False,2024-09-19,10,1726.31,2024-09-19,13,1692.19,3,34.11999999999989,0,0
2025-03-20,Japan,Bahrain,2,0,FIFA World Cup qualification,Saitama,Japan,False,2024-09-19,16,1639.6,2024-09-19,76,1315.49,60,324.1099999999999,1,0
2025-03-20,Jordan,Palestine,3,1,FIFA World Cup qualification,Amman,Jordan,False,2024-09-19,68.0,1377.52,2024-09-19,98,1228.99,30.0,148.52999999999997,1,0
2025-03-20,Netherlands,Spain,2,2,UEFA Nations League,Rotterdam,Netherlands,False,2024-09-19,7,1759.95,2024-09-19,3,1836.42,-4,-76.47000000000003,0,1
2025-03-20,Paraguay,Chile,1,0,FIFA World Cup qualification,Asunción,Paraguay,False,2024-09-19,57,1423.98,2024-09-19,49,1467.98,-8,-44.0,1,0
2025-03-20,Qatar,North Korea,5,1,FIFA World Cup qualification,Al Rayyan,Qatar,False,2024-09-19,44,1481.69,2024-09-19,111,1183.02,67,298.6700000000001,1,0
2025-03-20,Saudi Arabia,China,1,0,FIFA World Cup qualification,Riyadh,Saudi Arabia,False,2024-09-19,56,1433.16,,,,,,1,0
2025-03-20,South Korea,Oman,1,1,FIFA World Cup qualification,Goyang,South Korea,False,2024-09-19,23,1572.61,2024-09-19,78,1309.27,55,263.3399999999999,0,1
2025-03-20,Turkey,Hungary,3,1,UEFA Nations League,Istanbul,Turkey,False,,,,2024-09-19,32,1511.06,,,1,0
2025-03-20,Ukraine,Belgium,3,1,UEFA Nations League,Murcia,Spain,True,2024-09-19,24,1548.29,2024-09-19,6,1768.14,-18,-219.85000000000014,1,0
2025-03-20,United States,Panama,0,1,CONCACAF Nations League,Inglewood,United States,False,2024-09-19,18.0,1632.19,2024-09-19,37,1502.55,19.0,129.6400000000001,0,0
2025-03-20,Uzbekistan,Kyrgyzstan,1,0,FIFA World Cup qualification,Tashkent,Uzbekistan,False,2024-09-19,60,1413.06,,,,,,1,0
2025-03-21,Botswana,Algeria,1,3,FIFA World Cup qualification,Francistown,Botswana,False,2024-09-19,147,1050.15,2024-09-19,41,1486.03,-106,-435.8799999999999,0,0
2025-03-21,Burundi,Ivory Coast,0,1,FIFA World Cup qualification,Meknes,Morocco,True,2024-09-19,136,1101.79,,,,,,0,0
2025-03-21,DR Congo,South Sudan,1,0,FIFA World Cup qualification,Kinshasa,DR Congo,False,2024-09-19,58,1416.91,2024-09-19,172,967.83,114,449.08000000000004,1,0
2025-03-21,Ecuador,Venezuela,2,1,FIFA World Cup qualification,Quito,Ecuador,False,2024-09-19,27,1535.43,2024-09-19,40,1488.56,13,46.87000000000012,1,0
2025-03-21,England,Albania,2,0,FIFA World Cup qualification,London,England,False,2024-09-19,4,1817.28,2024-09-19,67,1377.91,63,439.3699999999999,1,0
2025-03-21,Ethiopia,Egypt,0,2,FIFA World Cup qualification,Casablanca,Morocco,True,2024-09-19,145,1063.44,2024-09-19,31,1515.64,-114,-452.20000000000005,0,0
2025-03-21,Ghana,Chad,5,0,FIFA World Cup qualification,Accra,Ghana,False,2024-09-19,70,1360.43,2024-09-19,177,932.44,107,427.99,1,0
2025-03-21,Morocco,Niger,2,1,FIFA World Cup qualification,Oujda,Morocco,False,2024-09-19,14,1676.14,2024-09-19,127,1132.39,113,543.75,1,0
2025-03-21,New Zealand,Fiji,7,0,FIFA World Cup qualification,Wellington,New Zealand,False,2023-06-29,103,1199.04,2024-09-19,150,1038.29,47,160.75,1,0
2025-03-21,Northern Ireland,Switzerland,1,1,Friendly,Belfast,Northern Ireland,False,2024-09-19,73,1339.64,2024-09-19,15,1641.0,-58,-301.3599999999999,0,1
2025-03-21,Romania,Bosnia and Herzegovina,0,1,FIFA World Cup qualification,Bucharest,Romania,False,2024-09-19,45,1481.4,2024-09-19,75,1332.39,30,149.01,0,0
2025-03-21,South Africa,Lesotho,0,3,FIFA World Cup qualification,Polokwane,South Africa,False,2024-09-19,59,1415.07,2024-09-19,153,1034.02,94,381.04999999999995,0,0
2025-03-21,Uruguay,Argentina,0,1,FIFA World Cup qualification,Montevideo,Uruguay,False,2024-09-19,11,1701.34,2024-09-19,1,1889.02,-10,-187.68000000000006,0,0
2025-03-22,Azerbaijan,Haiti,0,3,Friendly,Sumqayit,Azerbaijan,False,2024-09-19,113,1173.15,2024-09-19,86,1278.56,-27,-105.40999999999985,0,0
2025-03-22,Czech Republic,Faroe Islands,2,1,FIFA World Cup qualification,Hradec Králové,Czech Republic,False,2024-09-19,46,1473.19,2024-09-19,140,1089.51,94,383.68000000000006,1,0
2025-03-22,Luxembourg,Sweden,1,0,Friendly,Luxembourg,Luxembourg,False,2024-09-19,87,1261.95,2024-09-19,28,1528.18,-59,-266.23,1,0
2025-03-22,Moldova,Norway,0,5,FIFA World Cup qualification,Chișinău,Moldova,False,2024-09-19,149,1042.81,2024-09-19,47,1472.16,-102,-429.35000000000014,0,0
2025-03-22,Sudan,Senegal,0,0,FIFA World Cup qualification,Benghazi,Libya,True,2024-09-19,120,1154.5,2024-09-19,21,1620.87,-99,-466.3699999999999,0,1
2025-03-23,Belgium,Ukraine,3,0,UEFA Nations League,Genk,Belgium,False,2024-09-19,6,1768.14,2024-09-19,24,1548.29,18,219.85000000000014,1,0
2025-03-23,France,Croatia,2,0,UEFA Nations League,Paris,France,False,2024-09-19,2,1851.92,2024-09-19,12,1699.6,10,152.32000000000016,1,0
2025-03-23,Germany,Italy,3,3,UEFA Nations League,Dortmund,Germany,False,2024-09-19,13,1692.19,2024-09-19,10,1726.31,-3,-34.11999999999989,0,1
2025-03-23,Hungary,Turkey,0,3,UEFA Nations League,Budapest,Hungary,False,2024-09-19,32,1511.06,,,,,,0,0
2025-03-23,Panama,Mexico,1,2,CONCACAF Nations League,Inglewood,United States,True,2024-09-19,37.0,1502.55,2024-09-19,17,1635.66,-20.0,-133.11000000000013,0,0
2025-03-23,Portugal,Denmark,5,2,UEFA Nations League,Lisbon,Portugal,False,2024-09-19,8,1752.14,2024-09-19,20,1621.7,12,130.44000000000005,1,0
2025-03-23,Scotland,Greece,0,3,UEFA Nations League,Glasgow,Scotland,False,2024-09-19,52,1461.75,2024-09-19,48,1469.18,-4,-7.430000000000064,0,0
2025-03-23,Serbia,Austria,2,0,UEFA Nations League,Belgrade,Serbia,False,2024-09-19,35,1505.08,2024-09-19,22,1580.37,-13,-75.28999999999996,1,0
2025-03-23,Spain,Netherlands,3,3,UEFA Nations League,Valencia,Spain,False,2024-09-19,3,1836.42,2024-09-19,7,1759.95,4,76.47000000000003,0,1
2025-03-23,United States,Canada,1,2,CONCACAF Nations League,Inglewood,United States,False,2024-09-19,18.0,1632.19,2024-09-19,38,1502.31,20.0,129.8800000000001,0,0
2025-03-24,Bosnia and Herzegovina,Cyprus,2,1,FIFA World Cup qualification,Zenica,Bosnia and Herzegovina,False,2024-09-19,75,1332.39,2024-09-19,123,1137.06,48,195.33000000000015,1,0
2025-03-24,England,Latvia,3,0,FIFA World Cup qualification,London,England,False,2024-09-19,4,1817.28,2024-09-19,137,1097.98,133,719.3,1,0
2025-03-24,Ivory Coast,Gambia,1,0,FIFA World Cup qualification,Abidjan,Ivory Coast,False,,,,2022-08-25,124,1137.47,,,1,0
2025-03-24,Madagascar,Ghana,0,3,FIFA World Cup qualification,Al Hoceima,Morocco,True,2024-09-19,108,1196.56,2024-09-19,70,1360.43,-38,-163.87000000000012,0,0
2025-03-24,New Zealand,New Caledonia,3,0,FIFA World Cup qualification,Auckland,New Zealand,False,2023-06-29,103,1199.04,2024-09-19,160,1008.92,57,190.12,1,0
2025-03-24,Tunisia,Malawi,2,0,FIFA World Cup qualification,Radès,Tunisia,False,2024-09-19,36,1504.86,2024-09-19,133,1117.42,97,387.4399999999998,1,0
2025-03-25,Algeria,Mozambique,5,1,FIFA World Cup qualification,Tizi Ouzou,Algeria,False,2024-09-19,41,1486.03,2024-09-19,99,1226.03,58,260.0,1,0
2025-03-25,Angola,Cape Verde,1,2,FIFA World Cup qualification,Luanda,Angola,False,2024-09-19,85,1281.09,,,,,,0,0
2025-03-25,Argentina,Brazil,4,1,FIFA World Cup qualification,Buenos Aires,Argentina,False,2024-09-19,1,1889.02,2024-09-19,5,1772.02,4,117.0,1,0
2025-03-25,Benin,South Africa,0,2,FIFA World Cup qualification,Abidjan,Ivory Coast,True,2024-09-19,89,1257.69,2024-09-19,59,1415.07,-30,-157.37999999999988,0,0
2025-03-25,Bolivia,Uruguay,0,0,FIFA World Cup qualification,El Alto,Bolivia,False,2024-09-19,83,1293.76,2024-09-19,11,1701.34,-72,-407.5799999999999,0,1
2025-03-25,Chile,Ecuador,0,0,FIFA World Cup qualification,Santiago,Chile,False,2024-09-19,49,1467.98,2024-09-19,27,1535.43,-22,-67.45000000000005,0,1
2025-03-25,China,Australia,0,2,FIFA World Cup qualification,Hangzhou,China,False,,,,2024-09-19,25,1544.3,,,0,0
2025-03-25,Colombia,Paraguay,2,2,FIFA World Cup qualification,Barranquilla,Colombia,False,2024-09-19,9,1738.72,2024-09-19,57,1423.98,48,314.74,0,1
2025-03-25,Egypt,Sierra Leone,1,0,FIFA World Cup qualification,Cairo,Egypt,False,2024-09-19,31,1515.64,2024-09-19,125,1134.26,94,381.3800000000001,1,0
2025-03-25,Gibraltar,Czech Republic,0,4,FIFA World Cup qualification,Faro-Loulé,Portugal,True,2024-09-19,198,842.4,2024-09-19,46,1473.19,-152,-630.7900000000001,0,0
2025-03-25,Iran,Uzbekistan,2,2,FIFA World Cup qualification,Tehran,Iran,False,2024-09-19,19,1622.92,2024-09-19,60.0,1413.06,41.0,209.86000000000013,0,1
2025-03-25,Israel,Norway,2,4,FIFA World Cup qualification,Debrecen,Hungary,True,2024-09-19,79,1307.8,2024-09-19,47,1472.16,-32,-164.36000000000013,0,0
2025-03-25,Japan,Saudi Arabia,0,0,FIFA World Cup qualification,Saitama,Japan,False,2024-09-19,16,1639.6,2024-09-19,56,1433.16,40,206.43999999999983,0,1
2025-03-25,Kyrgyzstan,Qatar,3,1,FIFA World Cup qualification,Bishkek,Kyrgyzstan,False,,,,2024-09-19,44,1481.69,,,1,0
2025-03-25,Mauritania,DR Congo,0,2,FIFA World Cup qualification,Nouadhibou,Mauritania,False,2024-09-19,112,1179.04,2024-09-19,58,1416.91,-54,-237.87000000000012,0,0
2025-03-25,Morocco,Tanzania,2,0,FIFA World Cup qualification,Oujda,Morocco,False,2024-09-19,14,1676.14,2024-09-19,110,1188.24,96,487.9000000000001,1,0
2025-03-25,Palestine,Iraq,2,1,FIFA World Cup qualification,Amman,Jordan,True,2024-09-19,98,1228.99,2024-09-19,55.0,1435.9,-43.0,-206.91000000000008,1,0
2025-03-25,Senegal,Togo,2,0,FIFA World Cup qualification,Diamniadio,Senegal,False,2024-09-19,21,1620.87,2024-09-19,119,1158.81,98,462.05999999999995,1,0
2025-03-25,South Korea,Jordan,1,1,FIFA World Cup qualification,Suwon,South Korea,False,2024-09-19,23,1572.61,2024-09-19,68,1377.52,45,195.08999999999992,0,1
2025-03-25,Sweden,Northern Ireland,5,1,Friendly,Solna,Sweden,False,2024-09-19,28,1528.18,2024-09-19,73,1339.64,45,188.53999999999996,1,0
2025-03-25,Switzerland,Luxembourg,3,1,Friendly,Sankt Gallen,Switzerland,False,2024-09-19,15,1641.0,2024-09-19,87,1261.95,72,379.04999999999995,1,0
2025-05-28,Nigeria,Ghana,2,1,Unity Cup,London,England,True,2024-09-19,39,1498.02,2024-09-19,70,1360.43,31,137.58999999999992,1,0
2025-05-29,Malaysia,Cape Verde,1,1,Friendly,Kuala Lumpur,Malaysia,False,2024-09-19,132,1117.64,,,,,,0,1
2025-05-30,Saudi Arabia,Jordan,2,0,Friendly,Dammam,Saudi Arabia,False,2024-09-19,56,1433.16,2024-09-19,68,1377.52,12,55.6400000000001,1,0
2025-05-31,Trinidad and Tobago,Ghana,0,4,Unity Cup,London,England,True,2024-09-19,101,1213.25,2024-09-19,70,1360.43,-31,-147.18000000000006,0,0
2025-06-02,Tunisia,Burkina Faso,2,0,Friendly,Radès,Tunisia,False,2024-09-19,36,1504.86,2024-09-19,63,1387.5,27,117.3599999999999,1,0
2025-06-03,Malaysia,Cape Verde,0,3,Friendly,Kuala Lumpur,Malaysia,False,2024-09-19,132,1117.64,,,,,,0,0
2025-06-04,Germany,Portugal,1,2,UEFA Nations League,Munich,Germany,False,2024-09-19,13,1692.19,2024-09-19,8,1752.14,-5,-59.950000000000045,0,0
2025-06-05,Algeria,Rwanda,2,0,Friendly,Constantine,Algeria,False,2024-09-19,41,1486.03,2024-09-19,130,1123.32,89,362.71000000000004,1,0
2025-06-05,Australia,Japan,1,0,FIFA World Cup qualification,Perth,Australia,False,2024-09-19,25,1544.3,2024-09-19,16,1639.6,-9,-95.29999999999995,1,0
2025-06-05,Bahrain,Saudi Arabia,0,2,FIFA World Cup qualification,Riffa,Bahrain,False,2024-09-19,76,1315.49,2024-09-19,56,1433.16,-20,-117.67000000000007,0,0
2025-06-05,Chile,Argentina,0,1,FIFA World Cup qualification,Santiago,Chile,False,2024-09-19,49,1467.98,2024-09-19,1,1889.02,-48,-421.03999999999996,0,0
2025-06-05,DR Congo,Mali,1,0,Friendly,Orléans,France,True,2024-09-19,58,1416.91,2024-09-19,54,1455.16,-4,-38.25,1,0
2025-06-05,Ecuador,Brazil,0,0,FIFA World Cup qualification,Guayaquil,Ecuador,False,2024-09-19,27,1535.43,2024-09-19,5,1772.02,-22,-236.58999999999992,0,1
2025-06-05,Iraq,South Korea,0,2,FIFA World Cup qualification,Basra,Iraq,False,2024-09-19,55.0,1435.9,2024-09-19,23,1572.61,-32.0,-136.7099999999998,0,0
2025-06-05,Oman,Jordan,0,3,FIFA World Cup qualification,Muscat,Oman,False,2024-09-19,78,1309.27,2024-09-19,68,1377.52,-10,-68.25,0,0
2025-06-05,Paraguay,Uruguay,2,0,FIFA World Cup qualification,Asunción,Paraguay,False,2024-09-19,57,1423.98,2024-09-19,11,1701.34,-46,-277.3599999999999,1,0
2025-06-05,Qatar,Iran,1,0,FIFA World Cup qualification,Al Rayyan,Qatar,False,2024-09-19,44,1481.69,2024-09-19,19,1622.92,-25,-141.23000000000002,1,0
2025-06-05,Spain,France,5,4,UEFA Nations League,Stuttgart,Germany,True,2024-09-19,3,1836.42,2024-09-19,2,1851.92,-1,-15.5,1,0
2025-06-05,United Arab Emirates,Uzbekistan,0,0,FIFA World Cup qualification,Abu Dhabi,United Arab Emirates,False,2024-09-19,69.0,1377.22,2024-09-19,60.0,1413.06,-9.0,-35.83999999999992,0,1
2025-06-06,Colombia,Peru,0,0,FIFA World Cup qualification,Barranquilla,Colombia,False,2024-09-19,9,1738.72,2024-09-19,43,1483.2,34,255.51999999999998,0,1
2025-06-06,Curaçao,Saint Lucia,4,0,FIFA World Cup qualification,Willemstad,Curaçao,False,,,,,,,,,1,0
2025-06-06,Czech Republic,Montenegro,2,0,FIFA World Cup qualification,Plzeň,Czech Republic,False,2024-09-19,46,1473.19,2024-09-19,74,1332.68,28,140.51,1,0
2025-06-06,Gibraltar,Croatia,0,7,FIFA World Cup qualification,Faro-Loulé,Portugal,True,2024-09-19,198,842.4,2024-09-19,12,1699.6,-186,-857.1999999999999,0,0
2025-06-06,Hungary,Sweden,0,2,Friendly,Budapest,Hungary,False,2024-09-19,32,1511.06,2024-09-19,28,1528.18,-4,-17.12000000000012,0,0
2025-06-06,Morocco,Tunisia,2,0,Friendly,Fès,Morocco,False,2024-09-19,14,1676.14,2024-09-19,36,1504.86,22,171.2800000000002,1,0
2025-06-06,North Macedonia,Belgium,1,1,FIFA World Cup qualification,Skopje,North Macedonia,False,2024-09-19,72,1351.18,2024-09-19,6,1768.14,-66,-416.96000000000004,0,1
2025-06-06,Norway,Italy,3,0,FIFA World Cup qualification,Oslo,Norway,False,2024-09-19,47,1472.16,2024-09-19,10,1726.31,-37,-254.14999999999986,1,0
2025-06-06,Republic of Ireland,Senegal,1,1,Friendly,Dublin,Republic of Ireland,False,2024-09-19,62,1394.63,2024-09-19,21,1620.87,-41,-226.23999999999978,0,1
2025-06-06,Scotland,Iceland,1,3,Friendly,Glasgow,Scotland,False,2024-09-19,52,1461.75,2024-09-19,71,1355.75,19,106.0,0,0
2025-06-06,South Africa,Tanzania,0,0,Friendly,Polokwane,South Africa,False,2024-09-19,59,1415.07,2024-09-19,110,1188.24,51,226.82999999999993,0,1
2025-06-07,Andorra,England,0,1,FIFA World Cup qualification,Barcelona,Spain,True,2024-09-19,169,981.7,2024-09-19,4,1817.28,-165,-835.5799999999999,0,0
2025-06-07,Aruba,Haiti,0,5,FIFA World Cup qualification,Oranjestad,Aruba,False,2024-09-19,194,868.4,2024-09-19,86,1278.56,-108,-410.15999999999997,0,0
2025-06-07,Austria,Romania,2,1,FIFA World Cup qualification,Vienna,Austria,False,2024-09-19,22,1580.37,2024-09-19,45,1481.4,23,98.9699999999998,1,0
2025-06-07,Belize,Panama,0,2,FIFA World Cup qualification,Belmopan,Belize,False,2024-09-19,182,913.42,2024-09-19,37,1502.55,-145,-589.13,0,0
2025-06-07,Bosnia and Herzegovina,San Marino,1,0,FIFA World Cup qualification,Zenica,Bosnia and Herzegovina,False,2024-09-19,75,1332.39,2024-09-19,210,746.05,135,586.3400000000001,1,0
2025-06-07,Canada,Ukraine,4,2,Canadian Shield,Toronto,Canada,False,2024-09-19,38,1502.31,2024-09-19,24,1548.29,-14,-45.98000000000002,1,0
2025-06-07,Finland,Netherlands,0,2,FIFA World Cup qualification,Helsinki,Finland,False,2024-09-19,64,1384.36,2024-09-19,7,1759.95,-57,-375.59000000000015,0,0
2025-06-07,Ivory Coast,New Zealand,0,1,Canadian Shield,Toronto,Canada,True,,,,2023-06-29,103,1199.04,,,0,0
2025-06-07,Mexico,Switzerland,2,4,Friendly,Salt Lake City,United States,True,2024-09-19,17,1635.66,2024-09-19,15,1641.0,-2,-5.339999999999918,0,0
2025-06-07,United States,Turkey,1,2,Friendly,East Hartford,United States,False,2024-09-19,18.0,1632.19,,,,,,0,0
2025-06-08,DR Congo,Madagascar,3,1,Friendly,Orléans,France,True,2024-09-19,58,1416.91,2024-09-19,108,1196.56,50,220.35000000000014,1,0
2025-06-08,Georgia,Cape Verde,1,1,Friendly,Kutaisi,Georgia,False,2024-09-19,66,1378.22,,,,,,0,1
2025-06-08,Germany,France,0,2,UEFA Nations League,Stuttgart,Germany,False,2024-09-19,13,1692.19,2024-09-19,2,1851.92,-11,-159.73000000000002,0,0
2025-06-08,Portugal,Spain,2,2,UEFA Nations League,Munich,Germany,True,2024-09-19,8,1752.14,2024-09-19,3,1836.42,-5,-84.27999999999997,0,1
2025-06-09,Algeria,Rwanda,2,0,Friendly,Blida,Algeria,False,2024-09-19,41,1486.03,2024-09-19,130,1123.32,89,362.71000000000004,1,0
2025-06-09,Belgium,Wales,4,3,FIFA World Cup qualification,Brussels,Belgium,False,2024-09-19,6,1768.14,2024-09-19,29,1526.53,23,241.61000000000013,1,0
2025-06-09,Croatia,Czech Republic,5,1,FIFA World Cup qualification,Osijek,Croatia,False,2024-09-19,12,1699.6,2024-09-19,46,1473.19,34,226.40999999999985,1,0
2025-06-09,Estonia,Norway,0,1,FIFA World Cup qualification,Tallinn,Estonia,False,2024-09-19,122,1140.39,2024-09-19,47,1472.16,-75,-331.77,0,0
2025-06-09,Liechtenstein,Scotland,0,4,Friendly,Vaduz,Liechtenstein,False,2024-09-19,203,827.19,2024-09-19,52,1461.75,-151,-634.56,0,0
2025-06-09,Morocco,Benin,1,0,Friendly,Fès,Morocco,False,2024-09-19,14,1676.14,2024-09-19,89,1257.69,75,418.45000000000005,1,0
2025-06-10,Argentina,Colombia,1,1,FIFA World Cup qualification,Buenos Aires,Argentina,False,2024-09-19,1,1889.02,2024-09-19,9,1738.72,8,150.29999999999995,0,1
2025-06-10,Brazil,Paraguay,1,0,FIFA World Cup qualification,São Paulo,Brazil,False,2024-09-19,5,1772.02,2024-09-19,57,1423.98,52,348.03999999999996,1,0
2025-06-10,Canada,Ivory Coast,0,0,Canadian Shield,Toronto,Canada,False,2024-09-19,38,1502.31,,,,,,0,1
2025-06-10,England,Senegal,1,3,Friendly,London,England,False,2024-09-19,4,1817.28,2024-09-19,21,1620.87,17,196.41000000000008,0,0
2025-06-10,Haiti,Curaçao,1,5,FIFA World Cup qualification,Oranjestad,Aruba,True,2024-09-19,86,1278.56,,,,,,0,0
2025-06-10,Iran,North Korea,3,0,FIFA World Cup qualification,Tehran,Iran,False,2024-09-19,19,1622.92,2024-09-19,111,1183.02,92,439.9000000000001,1,0
2025-06-10,Japan,Indonesia,6,0,FIFA World Cup qualification,Suita,Japan,False,2024-09-19,16,1639.6,2024-09-19,129,1124.17,113,515.4299999999998,1,0
2025-06-10,Jordan,Iraq,0,1,FIFA World Cup qualification,Amman,Jordan,False,2024-09-19,68.0,1377.52,2024-09-19,55.0,1435.9,-13.0,-58.38000000000011,0,0
2025-06-10,Mexico,Turkey,1,0,Friendly,Chapel Hill,United States,True,2024-09-19,17,1635.66,,,,,,1,0
2025-06-10,Netherlands,Malta,8,0,FIFA World Cup qualification,Groningen,Netherlands,False,2024-09-19,7,1759.95,2024-09-19,171,971.89,164,788.0600000000001,1,0
2025-06-10,New Zealand,Ukraine,1,2,Canadian Shield,Toronto,Canada,True,2023-06-29,103,1199.04,2024-09-19,24,1548.29,-79,-349.25,0,0
2025-06-10,Panama,Nicaragua,3,0,FIFA World Cup qualification,Panama City,Panama,False,2024-09-19,37.0,1502.55,2024-09-19,131,1118.04,94.0,384.51,1,0
2025-06-10,Peru,Ecuador,0,0,FIFA World Cup qualification,Lima,Peru,False,2024-09-19,43,1483.2,2024-09-19,27,1535.43,-16,-52.23000000000002,0,1
2025-06-10,San Marino,Austria,0,4,FIFA World Cup qualification,Serravalle,San Marino,False,2024-09-19,210,746.05,2024-09-19,22,1580.37,-188,-834.3199999999999,0,0
2025-06-10,Saudi Arabia,Australia,1,2,FIFA World Cup qualification,Jeddah,Saudi Arabia,False,2024-09-19,56,1433.16,2024-09-19,25,1544.3,-31,-111.13999999999987,0,0
2025-06-10,Slovenia,Bosnia and Herzegovina,2,1,Friendly,Celje,Slovenia,False,2024-09-19,51,1462.98,2024-09-19,75,1332.39,24,130.58999999999992,1,0
2025-06-10,South Africa,Mozambique,2,0,Friendly,Polokwane,South Africa,False,2024-09-19,59,1415.07,2024-09-19,99,1226.03,40,189.03999999999996,1,0
2025-06-10,South Korea,Kuwait,4,0,FIFA World Cup qualification,Seoul,South Korea,False,2024-09-19,23,1572.61,2024-09-19,134.0,1111.62,111.0,460.99,1,0
2025-06-10,Sweden,Algeria,4,3,Friendly,Solna,Sweden,False,2024-09-19,28,1528.18,2024-09-19,41,1486.03,13,42.15000000000009,1,0
2025-06-10,United States,Switzerland,0,4,Friendly,Nashville,United States,False,2024-09-19,18.0,1632.19,2024-09-19,15,1641.0,-3.0,-8.809999999999945,0,0
2025-06-10,Uruguay,Venezuela,2,0,FIFA World Cup qualification,Montevideo,Uruguay,False,2024-09-19,11,1701.34,2024-09-19,40,1488.56,29,212.77999999999997,1,0
2025-06-10,Uzbekistan,Qatar,3,0,FIFA World Cup qualification,Tashkent,Uzbekistan,False,2024-09-19,60,1413.06,2024-09-19,44,1481.69,-16,-68.63000000000011,1,0
2025-06-14,Mexico,Dominican Republic,3,2,Gold Cup,Inglewood,United States,True,2024-09-19,17,1635.66,2024-09-19,146,1057.75,129,577.9100000000001,1,0
2025-06-15,Haiti,Saudi Arabia,0,1,Gold Cup,San Diego,United States,True,2024-09-19,86,1278.56,2024-09-19,56,1433.16,-30,-154.60000000000014,0,0
2025-06-15,United States,Trinidad and Tobago,5,0,Gold Cup,San Jose,United States,False,2024-09-19,18.0,1632.19,2024-09-19,101.0,1213.25,83.0,418.94000000000005,1,0
2025-06-16,Panama,Guadeloupe,5,2,Gold Cup,Carson,United States,True,2024-09-19,37.0,1502.55,,,,,,1,0
2025-06-17,Canada,Honduras,6,0,Gold Cup,Vancouver,Canada,False,2024-09-19,38,1502.31,2024-09-19,77,1311.3,39,191.01,1,0
2025-06-17,Curaçao,El Salvador,0,0,Gold Cup,San Jose,United States,True,,,,2024-09-19,80,1307.04,,,0,1
2025-06-18,Suriname,Mexico,0,2,Gold Cup,Arlington,United States,True,2024-09-19,138,1094.39,2024-09-19,17,1635.66,-121,-541.27,0,0
2025-06-19,Trinidad and Tobago,Haiti,1,1,Gold Cup,Houston,United States,True,2024-09-19,101,1213.25,2024-09-19,86,1278.56,-15,-65.30999999999995,0,1
2025-06-19,United States,Saudi Arabia,1,0,Gold Cup,Austin,United States,False,2024-09-19,18.0,1632.19,2024-09-19,56,1433.16,38.0,199.02999999999997,1,0
2025-06-20,Guatemala,Panama,0,1,Gold Cup,Austin,United States,True,2024-09-19,107,1200.43,2024-09-19,37,1502.55,-70,-302.1199999999999,0,0
2025-06-21,Curaçao,Canada,1,1,Gold Cup,Houston,United States,True,,,,2024-09-19,38,1502.31,,,0,1
2025-06-22,Mexico,Costa Rica,0,0,Gold Cup,Paradise,United States,True,2024-09-19,17,1635.66,2024-09-19,50,1466.08,33,169.58000000000015,0,1
2025-06-22,Saudi Arabia,Trinidad and Tobago,1,1,Gold Cup,Paradise,United States,True,2024-09-19,56,1433.16,2024-09-19,101.0,1213.25,45.0,219.91000000000008,0,1
2025-06-22,United States,Haiti,2,1,Gold Cup,Arlington,United States,False,2024-09-19,18.0,1632.19,2024-09-19,86,1278.56,68.0,353.6300000000001,1,0
2025-06-24,Canada,El Salvador,2,0,Gold Cup,Houston,United States,True,2024-09-19,38,1502.31,2024-09-19,80,1307.04,42,195.26999999999998,1,0
2025-06-24,Honduras,Curaçao,2,1,Gold Cup,San Jose,United States,True,2024-09-19,77,1311.3,,,,,,1,0
2025-06-24,Panama,Jamaica,4,1,Gold Cup,Austin,United States,True,2024-09-19,37.0,1502.55,2024-09-19,61,1402.95,24.0,99.59999999999991,1,0
2025-06-28,Mexico,Saudi Arabia,2,0,Gold Cup,Glendale,United States,True,2024-09-19,17,1635.66,2024-09-19,56,1433.16,39,202.5,1,0
2025-06-28,Panama,Honduras,1,1,Gold Cup,Glendale,United States,True,2024-09-19,37.0,1502.55,2024-09-19,77,1311.3,40.0,191.25,0,1
2025-06-29,Canada,Guatemala,1,1,Gold Cup,Minneapolis,United States,True,2024-09-19,38,1502.31,2024-09-19,107,1200.43,69,301.8799999999999,0,1
2025-06-29,United States,Costa Rica,2,2,Gold Cup,Minneapolis,United States,False,2024-09-19,18.0,1632.19,2024-09-19,50,1466.08,32.0,166.11000000000013,0,1
2025-07-02,Mexico,Honduras,1,0,Gold Cup,Santa Clara,United States,True,2024-09-19,17,1635.66,2024-09-19,77,1311.3,60,324.3600000000001,1,0
2025-07-02,United States,Guatemala,2,1,Gold Cup,St. Louis,United States,False,2024-09-19,18.0,1632.19,2024-09-19,107,1200.43,89.0,431.76,1,0
2025-07-06,United States,Mexico,1,2,Gold Cup,Houston,United States,False,2024-09-19,18.0,1632.19,2024-09-19,17,1635.66,-1.0,-3.4700000000000273,0,0
2025-08-24,Qatar,Lebanon,2,2,Friendly,Doha,Qatar,False,2024-09-19,44,1481.69,2024-09-19,114,1167.49,70,314.20000000000005,0,1
2025-09-03,Qatar,Bahrain,2,2,Friendly,Doha,Qatar,False,2024-09-19,44,1481.69,2024-09-19,76,1315.49,32,166.20000000000005,0,1
2025-09-04,Algeria,Botswana,3,1,FIFA World Cup qualification,Tizi Ouzou,Algeria,False,2024-09-19,41,1486.03,2024-09-19,147,1050.15,106,435.8799999999999,1,0
2025-09-04,Argentina,Venezuela,3,0,FIFA World Cup qualification,Buenos Aires,Argentina,False,2024-09-19,1,1889.02,2024-09-19,40,1488.56,39,400.46000000000004,1,0
2025-09-04,Brazil,Chile,3,0,FIFA World Cup qualification,Rio de Janeiro,Brazil,False,2024-09-19,5,1772.02,2024-09-19,49,1467.98,44,304.03999999999996,1,0
2025-09-04,Bulgaria,Spain,0,3,FIFA World Cup qualification,Sofia,Bulgaria,False,2024-09-19,81,1302.68,2024-09-19,3,1836.42,-78,-533.74,0,0
2025-09-04,Chad,Ghana,1,1,FIFA World Cup qualification,N'Djamena,Chad,False,2024-09-19,177,932.44,2024-09-19,70,1360.43,-107,-427.99,0,1
2025-09-04,Colombia,Bolivia,3,0,FIFA World Cup qualification,Barranquilla,Colombia,False,2024-09-19,9,1738.72,2024-09-19,83,1293.76,74,444.96000000000004,1,0
2025-09-04,Georgia,Turkey,2,3,FIFA World Cup qualification,Tbilisi,Georgia,False,2024-09-19,66,1378.22,,,,,,0,0
2025-09-04,Iraq,Hong Kong,2,1,King's Cup,Kanchanaburi,Thailand,True,2024-09-19,55.0,1435.9,2024-09-19,157,1017.66,102.0,418.2400000000001,1,0
2025-09-04,Liechtenstein,Belgium,0,6,FIFA World Cup qualification,Vaduz,Liechtenstein,False,2024-09-19,203,827.19,2024-09-19,6,1768.14,-197,-940.95,0,0
2025-09-04,Mauritius,Cape Verde,0,2,FIFA World Cup qualification,Saint Pierre,Mauritius,False,2024-09-19,178,927.57,,,,,,0,0
2025-09-04,Netherlands,Poland,1,1,FIFA World Cup qualification,Rotterdam,Netherlands,False,2024-09-19,7,1759.95,2024-09-19,30,1525.08,23,234.87000000000012,0,1
2025-09-04,Norway,Finland,1,0,Friendly,Oslo,Norway,False,2024-09-19,47,1472.16,2024-09-19,64,1384.36,17,87.80000000000018,1,0
2025-09-04,Paraguay,Ecuador,0,0,FIFA World Cup qualification,Asunción,Paraguay,False,2024-09-19,57,1423.98,2024-09-19,27,1535.43,-30,-111.45000000000005,0,1
2025-09-04,Russia,Jordan,0,0,Friendly,Moscow,Russia,False,2024-09-19,34,1508.73,2024-09-19,68,1377.52,34,131.21000000000004,0,1
2025-09-04,Saudi Arabia,North Macedonia,2,1,Friendly,Prague,Czech Republic,True,2024-09-19,56,1433.16,2024-09-19,72,1351.18,16,81.98000000000002,1,0
2025-09-04,Slovakia,Germany,2,0,FIFA World Cup qualification,Bratislava,Slovakia,False,2024-09-19,42,1485.89,2024-09-19,13,1692.19,-29,-206.29999999999995,1,0
2025-09-04,Suriname,Panama,0,0,FIFA World Cup qualification,Paramaribo,Suriname,False,2024-09-19,138,1094.39,2024-09-19,37,1502.55,-101,-408.15999999999985,0,1
2025-09-04,Tunisia,Liberia,3,0,FIFA World Cup qualification,Radès,Tunisia,False,2024-09-19,36,1504.86,2024-09-19,143,1064.97,107,439.8899999999999,1,0
2025-09-04,Uruguay,Peru,3,0,FIFA World Cup qualification,Montevideo,Uruguay,False,2024-09-19,11,1701.34,2024-09-19,43,1483.2,32,218.13999999999987,1,0
2025-09-05,Australia,New Zealand,1,0,Soccer Ashes,Canberra,Australia,False,2024-09-19,25,1544.3,2023-06-29,103,1199.04,78,345.26,1,0
2025-09-05,Denmark,Scotland,0,0,FIFA World Cup qualification,Copenhagen,Denmark,False,2024-09-19,20,1621.7,2024-09-19,52,1461.75,32,159.95000000000005,0,1
2025-09-05,Egypt,Ethiopia,2,0,FIFA World Cup qualification,Cairo,Egypt,False,2024-09-19,31,1515.64,2024-09-19,145,1063.44,114,452.20000000000005,1,0
2025-09-05,Faroe Islands,Croatia,0,1,FIFA World Cup qualification,Tórshavn,Faroe Islands,False,2024-09-19,140,1089.51,2024-09-19,12,1699.6,-128,-610.0899999999999,0,0
2025-09-05,Haiti,Honduras,0,0,FIFA World Cup qualification,Willemstad,Curaçao,True,2024-09-19,86,1278.56,2024-09-19,77,1311.3,-9,-32.74000000000001,0,1
2025-09-05,Ivory Coast,Burundi,1,0,FIFA World Cup qualification,Abidjan,Ivory Coast,False,,,,2024-09-19,136,1101.79,,,1,0
2025-09-05,Montenegro,Czech Republic,0,2,FIFA World Cup qualification,Podgorica,Montenegro,False,2024-09-19,74,1332.68,2024-09-19,46,1473.19,-28,-140.51,0,0
2025-09-05,Morocco,Niger,5,0,FIFA World Cup qualification,Rabat,Morocco,False,2024-09-19,14,1676.14,2024-09-19,127,1132.39,113,543.75,1,0
2025-09-05,Romania,Canada,0,3,Friendly,Bucharest,Romania,False,2024-09-19,45,1481.4,2024-09-19,38,1502.31,-7,-20.909999999999854,0,0
2025-09-05,Senegal,Sudan,2,0,FIFA World Cup qualification,Diamniadio,Senegal,False,2024-09-19,21,1620.87,2024-09-19,120,1154.5,99,466.3699999999999,1,0
2025-09-05,Slovenia,Sweden,2,2,FIFA World Cup qualification,Ljubljana,Slovenia,False,2024-09-19,51,1462.98,2024-09-19,28,1528.18,-23,-65.20000000000005,0,1
2025-09-05,South Africa,Lesotho,3,0,FIFA World Cup qualification,Bloemfontein,South Africa,False,2024-09-19,59,1415.07,2024-09-19,153,1034.02,94,381.04999999999995,1,0
2025-09-05,South Sudan,DR Congo,1,4,FIFA World Cup qualification,Juba,South Sudan,False,2024-09-19,172,967.83,2024-09-19,58,1416.91,-114,-449.08000000000004,0,0
2025-09-05,Switzerland,Kosovo,4,0,FIFA World Cup qualification,Basel,Switzerland,False,2024-09-19,15,1641.0,2024-09-19,104,1205.96,89,435.03999999999996,1,0
2025-09-05,Trinidad and Tobago,Curaçao,0,0,FIFA World Cup qualification,Port of Spain,Trinidad and Tobago,False,2024-09-19,101,1213.25,,,,,,0,1
2025-09-05,Ukraine,France,0,2,FIFA World Cup qualification,Wrocław,Poland,True,2024-09-19,24,1548.29,2024-09-19,2,1851.92,-22,-303.6300000000001,0,0
2025-09-06,Armenia,Portugal,0,5,FIFA World Cup qualification,Yerevan,Armenia,False,2024-09-19,96,1230.43,2024-09-19,8,1752.14,-88,-521.71,0,0
2025-09-06,Austria,Cyprus,1,0,FIFA World Cup qualification,Linz,Austria,False,2024-09-19,22,1580.37,2024-09-19,123,1137.06,101,443.30999999999995,1,0
2025-09-06,England,Andorra,2,0,FIFA World Cup qualification,London,England,False,2024-09-19,4,1817.28,2024-09-19,169,981.7,165,835.5799999999999,1,0
2025-09-06,Mexico,Japan,0,0,Friendly,Oakland,United States,True,2024-09-19,17,1635.66,2024-09-19,16,1639.6,-1,-3.939999999999827,0,1
2025-09-06,San Marino,Bosnia and Herzegovina,0,6,FIFA World Cup qualification,Serravalle,San Marino,False,2024-09-19,210,746.05,2024-09-19,75,1332.39,-135,-586.3400000000001,0,0
2025-09-06,United States,South Korea,0,2,Friendly,Harrison,United States,False,2024-09-19,18.0,1632.19,2024-09-19,23,1572.61,5.0,59.580000000000155,0,0
2025-09-07,Belgium,Kazakhstan,6,0,FIFA World Cup qualification,Anderlecht,Belgium,False,2024-09-19,6,1768.14,2024-09-19,109,1193.21,103,574.9300000000001,1,0
2025-09-07,Germany,Northern Ireland,3,1,FIFA World Cup qualification,Cologne,Germany,False,2024-09-19,13,1692.19,2024-09-19,73,1339.64,60,352.54999999999995,1,0
2025-09-07,Lithuania,Netherlands,2,3,FIFA World Cup qualification,Kaunas,Lithuania,False,2024-09-19,139,1090.89,2024-09-19,7,1759.95,-132,-669.06,0,0
2025-09-07,Qatar,Russia,1,4,Friendly,Doha,Qatar,False,2024-09-19,44,1481.69,2024-09-19,34,1508.73,-10,-27.039999999999964,0,0
2025-09-07,Thailand,Iraq,0,1,King's Cup,Kanchanaburi,Thailand,False,2024-09-19,100,1223.06,2024-09-19,55.0,1435.9,-45.0,-212.84000000000015,0,0
2025-09-07,Turkey,Spain,0,6,FIFA World Cup qualification,Konya,Turkey,False,,,,2024-09-19,3,1836.42,,,0,0
2025-09-08,Belarus,Scotland,0,2,FIFA World Cup qualification,Zalaegerszeg,Hungary,True,2024-09-19,97,1229.07,2024-09-19,52,1461.75,-45,-232.68000000000006,0,0
2025-09-08,Croatia,Montenegro,4,0,FIFA World Cup qualification,Zagreb,Croatia,False,2024-09-19,12,1699.6,2024-09-19,74,1332.68,62,366.91999999999985,1,0
2025-09-08,Czech Republic,Saudi Arabia,1,1,Friendly,Hradec Králové,Czech Republic,False,2024-09-19,46,1473.19,2024-09-19,56,1433.16,10,40.02999999999997,0,1
2025-09-08,Equatorial Guinea,Tunisia,0,1,FIFA World Cup qualification,Malabo,Equatorial Guinea,False,2024-09-19,94,1250.57,2024-09-19,36,1504.86,-58,-254.28999999999996,0,0
2025-09-08,Ghana,Mali,1,0,FIFA World Cup qualification,Accra,Ghana,False,2024-09-19,70,1360.43,2024-09-19,54,1455.16,-16,-94.73000000000002,1,0
2025-09-08,Guinea,Algeria,0,0,FIFA World Cup qualification,Casablanca,Morocco,True,2024-09-19,82,1298.3,2024-09-19,41,1486.03,-41,-187.73000000000002,0,1
2025-09-08,Kosovo,Sweden,2,0,FIFA World Cup qualification,Pristina,Kosovo,False,2024-09-19,104,1205.96,2024-09-19,28,1528.18,-76,-322.22,1,0
2025-09-08,Panama,Guatemala,1,1,FIFA World Cup qualification,Panama City,Panama,False,2024-09-19,37.0,1502.55,2024-09-19,107,1200.43,70.0,302.1199999999999,0,1
2025-09-08,Switzerland,Slovenia,3,0,FIFA World Cup qualification,Basel,Switzerland,False,2024-09-19,15,1641.0,2024-09-19,51,1462.98,36,178.01999999999998,1,0
2025-09-08,Zambia,Morocco,0,2,FIFA World Cup qualification,Ndola,Zambia,False,2024-09-19,93,1252.79,2024-09-19,14,1676.14,-79,-423.35000000000014,0,0
2025-09-09,Bolivia,Brazil,1,0,FIFA World Cup qualification,El Alto,Bolivia,False,2024-09-19,83,1293.76,2024-09-19,5,1772.02,-78,-478.26,1,0
2025-09-09,Bosnia and Herzegovina,Austria,1,2,FIFA World Cup qualification,Zenica,Bosnia and Herzegovina,False,2024-09-19,75,1332.39,2024-09-19,22,1580.37,-53,-247.9799999999998,0,0
2025-09-09,Burkina Faso,Egypt,0,0,FIFA World Cup qualification,Ouagadougou,Burkina Faso,False,2024-09-19,63,1387.5,2024-09-19,31,1515.64,-32,-128.1400000000001,0,1
2025-09-09,Cape Verde,Cameroon,1,0,FIFA World Cup qualification,Praia,Cape Verde,False,,,,2024-09-19,53,1458.51,,,1,0
2025-09-09,Chile,Uruguay,0,0,FIFA World Cup qualification,Santiago,Chile,False,2024-09-19,49,1467.98,2024-09-19,11,1701.34,-38,-233.3599999999999,0,1
2025-09-09,Costa Rica,Haiti,3,3,FIFA World Cup qualification,San José,Costa Rica,False,2024-09-19,50,1466.08,2024-09-19,86,1278.56,36,187.51999999999998,0,1
2025-09-09,Curaçao,Bermuda,3,2,FIFA World Cup qualification,Willemstad,Curaçao,False,,,,2024-09-19,170,973.34,,,1,0
2025-09-09,DR Congo,Senegal,2,3,FIFA World Cup qualification,Kinshasa,DR Congo,False,2024-09-19,58,1416.91,2024-09-19,21,1620.87,-37,-203.9599999999998,0,0
2025-09-09,Ecuador,Argentina,1,0,FIFA World Cup qualification,Guayaquil,Ecuador,False,2024-09-19,27,1535.43,2024-09-19,1,1889.02,-26,-353.5899999999999,1,0
2025-09-09,France,Iceland,2,1,FIFA World Cup qualification,Paris,France,False,2024-09-19,2,1851.92,2024-09-19,71,1355.75,69,496.1700000000001,1,0
2025-09-09,Gabon,Ivory Coast,0,0,FIFA World Cup qualification,Franceville,Gabon,False,2024-09-19,84,1292.88,,,,,,0,1
2025-09-09,Hungary,Portugal,2,3,FIFA World Cup qualification,Budapest,Hungary,False,2024-09-19,32,1511.06,2024-09-19,8,1752.14,-24,-241.08000000000015,0,0
2025-09-09,Jordan,Dominican Republic,3,0,Friendly,Amman,Jordan,False,2024-09-19,68.0,1377.52,2024-09-19,146,1057.75,78.0,319.77,1,0
2025-09-09,Mexico,South Korea,2,2,Friendly,Nashville,United States,True,2024-09-19,17,1635.66,2024-09-19,23,1572.61,6,63.05000000000018,0,1
2025-09-09,New Zealand,Australia,1,3,Soccer Ashes,Auckland,New Zealand,False,2023-06-29,103,1199.04,2024-09-19,25,1544.3,-78,-345.26,0,0
2025-09-09,Norway,Moldova,11,1,FIFA World Cup qualification,Oslo,Norway,False,2024-09-19,47,1472.16,2024-09-19,149,1042.81,102,429.35000000000014,1,0
2025-09-09,Peru,Paraguay,0,1,FIFA World Cup qualification,Lima,Peru,False,2024-09-19,43,1483.2,2024-09-19,57,1423.98,14,59.22000000000003,0,0
2025-09-09,Serbia,England,0,5,FIFA World Cup qualification,Belgrade,Serbia,False,2024-09-19,35,1505.08,2024-09-19,4,1817.28,-31,-312.20000000000005,0,0
2025-09-09,South Africa,Nigeria,1,1,FIFA World Cup qualification,Bloemfontein,South Africa,False,2024-09-19,59,1415.07,2024-09-19,39,1498.02,-20,-82.95000000000005,0,1
2025-09-09,United States,Japan,2,0,Friendly,Columbus,United States,False,2024-09-19,18.0,1632.19,2024-09-19,16,1639.6,-2.0,-7.4099999999998545,1,0
2025-09-09,Venezuela,Colombia,3,6,FIFA World Cup qualification,Maturín,Venezuela,False,2024-09-19,40,1488.56,2024-09-19,9,1738.72,-31,-250.16000000000008,0,0
2025-09-09,Wales,Canada,0,1,Friendly,Cardiff,Wales,False,2024-09-19,29,1526.53,2024-09-19,38,1502.31,9,24.220000000000027,0,0
2025-10-08,Central African Republic,Ghana,0,5,FIFA World Cup qualification,El Jadida,Morocco,True,2024-09-19,128,1130.7,2024-09-19,70,1360.43,-58,-229.73000000000002,0,0
2025-10-08,Djibouti,Egypt,0,3,FIFA World Cup qualification,Casablanca,Morocco,True,2024-09-19,192,875.13,2024-09-19,31,1515.64,-161,-640.5100000000001,0,0
2025-10-08,Libya,Cape Verde,3,3,FIFA World Cup qualification,Tripoli,Libya,False,2024-09-19,121,1153.97,,,,,,0,1
2025-10-08,Qatar,Oman,0,0,FIFA World Cup qualification,Al Rayyan,Qatar,False,2024-09-19,44,1481.69,2024-09-19,78,1309.27,34,172.42000000000007,0,1
2025-10-08,Saudi Arabia,Indonesia,3,2,FIFA World Cup qualification,Jeddah,Saudi Arabia,False,2024-09-19,56,1433.16,2024-09-19,129,1124.17,73,308.99,1,0
2025-10-09,Algeria,Somalia,3,0,FIFA World Cup qualification,Bir El Djir,Algeria,False,2024-09-19,41,1486.03,2024-09-19,202,829.81,161,656.22,1,0
2025-10-09,Austria,San Marino,10,0,FIFA World Cup qualification,Vienna,Austria,False,2024-09-19,22,1580.37,2024-09-19,210,746.05,188,834.3199999999999,1,0
2025-10-09,Cyprus,Bosnia and Herzegovina,2,2,FIFA World Cup qualification,Larnaca,Cyprus,False,2024-09-19,123,1137.06,2024-09-19,75,1332.39,-48,-195.33000000000015,0,1
2025-10-09,Czech Republic,Croatia,0,0,FIFA World Cup qualification,Prague,Czech Republic,False,2024-09-19,46,1473.19,2024-09-19,12,1699.6,-34,-226.40999999999985,0,1
2025-10-09,England,Wales,3,0,Friendly,London,England,False,2024-09-19,4,1817.28,2024-09-19,29,1526.53,25,290.75,1,0
2025-10-09,Malta,Netherlands,0,4,FIFA World Cup qualification,Ta' Qali,Malta,False,2024-09-19,171,971.89,2024-09-19,7,1759.95,-164,-788.0600000000001,0,0
2025-10-09,Morocco,Bahrain,1,0,Friendly,Rabat,Morocco,False,2024-09-19,14,1676.14,2024-09-19,76,1315.49,62,360.6500000000001,1,0
2025-10-09,Nicaragua,Haiti,0,3,FIFA World Cup qualification,Managua,Nicaragua,False,2024-09-19,131,1118.04,2024-09-19,86,1278.56,-45,-160.51999999999998,0,0
2025-10-09,Poland,New Zealand,1,0,Friendly,Chorzów,Poland,False,2024-09-19,30,1525.08,2023-06-29,103,1199.04,73,326.03999999999996,1,0
2025-10-09,Scotland,Greece,3,1,FIFA World Cup qualification,Glasgow,Scotland,False,2024-09-19,52,1461.75,2024-09-19,48,1469.18,-4,-7.430000000000064,1,0
2025-10-10,Argentina,Venezuela,1,0,Friendly,Miami Gardens,United States,True,2024-09-19,1,1889.02,2024-09-19,40,1488.56,39,400.46000000000004,1,0
2025-10-10,Belgium,North Macedonia,0,0,FIFA World Cup qualification,Gent,Belgium,False,2024-09-19,6,1768.14,2024-09-19,72,1351.18,66,416.96000000000004,0,1
2025-10-10,Canada,Australia,0,1,Friendly,Montreal,Canada,False,2024-09-19,38,1502.31,2024-09-19,25,1544.3,-13,-41.99000000000001,0,0
2025-10-10,Curaçao,Jamaica,2,0,FIFA World Cup qualification,Willemstad,Curaçao,False,,,,2024-09-19,61,1402.95,,,1,0
2025-10-10,El Salvador,Panama,0,1,FIFA World Cup qualification,San Salvador,El Salvador,False,2024-09-19,80,1307.04,2024-09-19,37,1502.55,-43,-195.51,0,0
2025-10-10,France,Azerbaijan,3,0,FIFA World Cup qualification,Paris,France,False,2024-09-19,2,1851.92,2024-09-19,113,1173.15,111,678.77,1,0
2025-10-10,Germany,Luxembourg,4,0,FIFA World Cup qualification,Sinsheim,Germany,False,2024-09-19,13,1692.19,2024-09-19,87,1261.95,74,430.24,1,0
2025-10-10,Japan,Paraguay,2,2,Kirin Cup,Osaka,Japan,False,2024-09-19,16,1639.6,2024-09-19,57,1423.98,41,215.6199999999999,0,1
2025-10-10,Jordan,Bolivia,0,1,Friendly,Istanbul,Turkey,True,2024-09-19,68.0,1377.52,2024-09-19,83,1293.76,15.0,83.75999999999999,0,0
2025-10-10,Russia,Iran,2,1,Friendly,Volgograd,Russia,False,2024-09-19,34,1508.73,2024-09-19,19,1622.92,-15,-114.19000000000005,1,0
2025-10-10,Seychelles,Ivory Coast,0,7,FIFA World Cup qualification,Saint Pierre,Mauritius,True,2024-09-19,201,831.19,,,,,,0,0
2025-10-10,South Africa,Zimbabwe,0,0,FIFA World Cup qualification,Durban,South Africa,False,2024-09-19,59,1415.07,2024-09-19,124,1134.99,65,280.0799999999999,0,1
2025-10-10,South Korea,Brazil,0,5,Friendly,Seoul,South Korea,False,2024-09-19,23,1572.61,2024-09-19,5,1772.02,-18,-199.41000000000008,0,0
2025-10-10,South Sudan,Senegal,0,5,FIFA World Cup qualification,Juba,South Sudan,False,2024-09-19,172,967.83,2024-09-19,21,1620.87,-151,-653.0399999999998,0,0
2025-10-10,Sweden,Switzerland,0,2,FIFA World Cup qualification,Solna,Sweden,False,2024-09-19,28,1528.18,2024-09-19,15,1641.0,-13,-112.81999999999994,0,0
2025-10-10,Togo,DR Congo,0,1,FIFA World Cup qualification,Lomé,Togo,False,2024-09-19,119,1158.81,2024-09-19,58,1416.91,-61,-258.10000000000014,0,0
2025-10-10,Tunisia,São Tomé and Príncipe,6,0,FIFA World Cup qualification,Radès,Tunisia,False,2024-09-19,36,1504.86,2024-09-19,190,878.09,154,626.7699999999999,1,0
2025-10-10,United States,Ecuador,1,1,Friendly,Austin,United States,False,2024-09-19,18.0,1632.19,2024-09-19,27,1535.43,9.0,96.75999999999999,0,1
2025-10-10,Uruguay,Dominican Republic,1,0,Friendly,Kuala Lumpur,Malaysia,True,2024-09-19,11,1701.34,2024-09-19,146,1057.75,135,643.5899999999999,1,0
2025-10-10,Uzbekistan,Kuwait,2,0,Friendly,Tashkent,Uzbekistan,False,2024-09-19,60,1413.06,2024-09-19,134.0,1111.62,74.0,301.44000000000005,1,0
2025-10-11,Bulgaria,Turkey,1,6,FIFA World Cup qualification,Sofia,Bulgaria,False,2024-09-19,81,1302.68,,,,,,0,0
2025-10-11,Iraq,Indonesia,1,0,FIFA World Cup qualification,Jeddah,Saudi Arabia,True,2024-09-19,55.0,1435.9,2024-09-19,129,1124.17,74.0,311.73,1,0
2025-10-11,Mexico,Colombia,0,4,Friendly,Arlington,United States,True,2024-09-19,17,1635.66,2024-09-19,9,1738.72,-8,-103.05999999999995,0,0
2025-10-11,Norway,Israel,5,0,FIFA World Cup qualification,Oslo,Norway,False,2024-09-19,47,1472.16,2024-09-19,79,1307.8,32,164.36000000000013,1,0
2025-10-11,Portugal,Republic of Ireland,1,0,FIFA World Cup qualification,Lisbon,Portugal,False,2024-09-19,8,1752.14,2024-09-19,62,1394.63,54,357.51,1,0
2025-10-11,Spain,Georgia,2,0,FIFA World Cup qualification,Elche,Spain,False,2024-09-19,3,1836.42,2024-09-19,66,1378.22,63,458.20000000000005,1,0
2025-10-12,Croatia,Gibraltar,3,0,FIFA World Cup qualification,Varaždin,Croatia,False,2024-09-19,12,1699.6,2024-09-19,198,842.4,186,857.1999999999999,1,0
2025-10-12,Egypt,Guinea-Bissau,1,0,FIFA World Cup qualification,Cairo,Egypt,False,2024-09-19,31,1515.64,2024-09-19,115,1166.02,84,349.6200000000001,1,0
2025-10-12,Faroe Islands,Czech Republic,2,1,FIFA World Cup qualification,Tórshavn,Faroe Islands,False,2024-09-19,140,1089.51,2024-09-19,46,1473.19,-94,-383.68000000000006,1,0
2025-10-12,Ghana,Comoros,1,0,FIFA World Cup qualification,Accra,Ghana,False,2024-09-19,70,1360.43,2024-09-19,118,1159.64,48,200.78999999999996,1,0
2025-10-12,Malta,Bosnia and Herzegovina,1,4,Friendly,Ta' Qali,Malta,False,2024-09-19,171,971.89,2024-09-19,75,1332.39,-96,-360.5000000000001,0,0
2025-10-12,Netherlands,Finland,4,0,FIFA World Cup qualification,Amsterdam,Netherlands,False,2024-09-19,7,1759.95,2024-09-19,64,1384.36,57,375.59000000000015,1,0
2025-10-12,Romania,Austria,1,0,FIFA World Cup qualification,Bucharest,Romania,False,2024-09-19,45,1481.4,2024-09-19,22,1580.37,-23,-98.9699999999998,1,0
2025-10-12,Scotland,Belarus,2,1,FIFA World Cup qualification,Glasgow,Scotland,False,2024-09-19,52,1461.75,2024-09-19,97,1229.07,45,232.68000000000006,1,0
2025-10-13,Cape Verde,Eswatini,3,0,FIFA World Cup qualification,Praia,Cape Verde,False,,,,2024-09-19,159,1012.17,,,1,0
2025-10-13,Honduras,Haiti,3,0,FIFA World Cup qualification,Tegucigalpa,Honduras,False,2024-09-19,77,1311.3,2024-09-19,86,1278.56,9,32.74000000000001,1,0
2025-10-13,Iceland,France,2,2,FIFA World Cup qualification,Reykjavík,Iceland,False,2024-09-19,71,1355.75,2024-09-19,2,1851.92,-69,-496.1700000000001,0,1
2025-10-13,Northern Ireland,Germany,0,1,FIFA World Cup qualification,Belfast,Northern Ireland,False,2024-09-19,73,1339.64,2024-09-19,13,1692.19,-60,-352.54999999999995,0,0
2025-10-13,Slovenia,Switzerland,0,0,FIFA World Cup qualification,Ljubljana,Slovenia,False,2024-09-19,51,1462.98,2024-09-19,15,1641.0,-36,-178.01999999999998,0,1
2025-10-13,Sweden,Kosovo,0,1,FIFA World Cup qualification,Gothenburg,Sweden,False,2024-09-19,28,1528.18,2024-09-19,104,1205.96,76,322.22,0,0
2025-10-13,Tunisia,Namibia,3,0,FIFA World Cup qualification,Radès,Tunisia,False,2024-09-19,36,1504.86,2024-09-19,105,1201.3,69,303.55999999999995,1,0
2025-10-13,Uzbekistan,Uruguay,1,2,Friendly,Malacca City,Malaysia,True,2024-09-19,60,1413.06,2024-09-19,11,1701.34,-49,-288.28,0,0
2025-10-13,Wales,Belgium,2,4,FIFA World Cup qualification,Cardiff,Wales,False,2024-09-19,29,1526.53,2024-09-19,6,1768.14,-23,-241.61000000000013,0,0
2025-10-14,Albania,Jordan,4,2,Friendly,Tirana,Albania,False,2024-09-19,67,1377.91,2024-09-19,68,1377.52,1,0.39000000000010004,1,0
2025-10-14,Algeria,Uganda,2,1,FIFA World Cup qualification,Tizi Ouzou,Algeria,False,2024-09-19,41,1486.03,2024-09-19,90,1257.64,49,228.38999999999987,1,0
2025-10-14,Canada,Colombia,0,0,Friendly,Harrison,United States,True,2024-09-19,38,1502.31,2024-09-19,9,1738.72,-29,-236.41000000000008,0,1
2025-10-14,Curaçao,Trinidad and Tobago,1,1,FIFA World Cup qualification,Willemstad,Curaçao,False,,,,2024-09-19,101.0,1213.25,,,0,1
2025-10-14,DR Congo,Sudan,1,0,FIFA World Cup qualification,Kinshasa,DR Congo,False,2024-09-19,58,1416.91,2024-09-19,120,1154.5,62,262.4100000000001,1,0
2025-10-14,Iran,Tanzania,2,0,Friendly,Dubai,United Arab Emirates,True,2024-09-19,19,1622.92,2024-09-19,110,1188.24,91,434.68000000000006,1,0
2025-10-14,Ivory Coast,Kenya,3,0,FIFA World Cup qualification,Ebimpé,Ivory Coast,False,,,,2024-09-19,102,1208.96,,,1,0
2025-10-14,Japan,Brazil,3,2,Kirin Cup,Tokyo,Japan,False,2024-09-19,16,1639.6,2024-09-19,5,1772.02,-11,-132.42000000000007,1,0
2025-10-14,Latvia,England,0,5,FIFA World Cup qualification,Riga,Latvia,False,2024-09-19,137,1097.98,2024-09-19,4,1817.28,-133,-719.3,0,0
2025-10-14,Mexico,Ecuador,1,1,Friendly,Zapopan,Mexico,False,2024-09-19,17,1635.66,2024-09-19,27,1535.43,10,100.23000000000002,0,1
2025-10-14,Morocco,Congo,1,0,FIFA World Cup qualification,Rabat,Morocco,False,2024-09-19,14,1676.14,2024-09-19,117,1160.33,103,515.8100000000002,1,0
2025-10-14,Norway,New Zealand,1,1,Friendly,Oslo,Norway,False,2024-09-19,47,1472.16,2023-06-29,103,1199.04,56,273.1200000000001,0,1
2025-10-14,Panama,Suriname,1,1,FIFA World Cup qualification,Panama City,Panama,False,2024-09-19,37.0,1502.55,2024-09-19,138,1094.39,101.0,408.15999999999985,0,1
2025-10-14,Portugal,Hungary,2,2,FIFA World Cup qualification,Lisbon,Portugal,False,2024-09-19,8,1752.14,2024-09-19,32,1511.06,24,241.08000000000015,0,1
2025-10-14,Puerto Rico,Argentina,0,6,Friendly,Fort Lauderdale,United States,True,2024-09-19,154,1021.62,2024-09-19,1,1889.02,-153,-867.4,0,0
2025-10-14,Qatar,United Arab Emirates,2,1,FIFA World Cup qualification,Al Rayyan,Qatar,False,2024-09-19,44,1481.69,2024-09-19,69,1377.22,25,104.47000000000003,1,0
2025-10-14,Saudi Arabia,Iraq,0,0,FIFA World Cup qualification,Jeddah,Saudi Arabia,False,2024-09-19,56,1433.16,2024-09-19,55.0,1435.9,-1.0,-2.740000000000009,0,1
2025-10-14,Senegal,Mauritania,4,0,FIFA World Cup qualification,Diamniadio,Senegal,False,2024-09-19,21,1620.87,2024-09-19,112,1179.04,91,441.8299999999999,1,0
2025-10-14,South Africa,Rwanda,3,0,FIFA World Cup qualification,Mbombela,South Africa,False,2024-09-19,59,1415.07,2024-09-19,130,1123.32,71,291.75,1,0
2025-10-14,South Korea,Paraguay,2,0,Friendly,Seoul,South Korea,False,2024-09-19,23,1572.61,2024-09-19,57,1423.98,34,148.62999999999988,1,0
2025-10-14,Spain,Bulgaria,4,0,FIFA World Cup qualification,Valladolid,Spain,False,2024-09-19,3,1836.42,2024-09-19,81,1302.68,78,533.74,1,0
2025-10-14,Turkey,Georgia,4,1,FIFA World Cup qualification,Izmit,Turkey,False,,,,2024-09-19,66,1378.22,,,1,0
2025-10-14,United States,Australia,2,1,Friendly,Denver,United States,False,2024-09-19,18.0,1632.19,2024-09-19,25,1544.3,7.0,87.8900000000001,1,0
2025-11-12,Tunisia,Mauritania,1,1,Friendly,Radès,Tunisia,False,2024-09-19,36,1504.86,2024-09-19,112,1179.04,76,325.81999999999994,0,1
2025-11-13,Algeria,Zimbabwe,3,1,Friendly,Jeddah,Saudi Arabia,True,2024-09-19,41,1486.03,2024-09-19,124,1134.99,83,351.03999999999996,1,0
2025-11-13,Bermuda,Curaçao,0,7,FIFA World Cup qualification,Devonshire Parish,Bermuda,False,2024-09-19,170,973.34,,,,,,0,0
2025-11-13,Cameroon,DR Congo,0,1,FIFA World Cup qualification,Rabat,Morocco,True,2024-09-19,53,1458.51,2024-09-19,58,1416.91,5,41.59999999999991,0,0
2025-11-13,Canada,Ecuador,0,0,Friendly,Toronto,Canada,False,2024-09-19,38,1502.31,2024-09-19,27,1535.43,-11,-33.12000000000012,0,1
2025-11-13,Czech Republic,San Marino,1,0,Friendly,Karviná,Czech Republic,False,2024-09-19,46,1473.19,2024-09-19,210,746.05,164,727.1400000000001,1,0
2025-11-13,England,Serbia,2,0,FIFA World Cup qualification,London,England,False,2024-09-19,4,1817.28,2024-09-19,35.0,1505.08,31.0,312.20000000000005,1,0
2025-11-13,France,Ukraine,4,0,FIFA World Cup qualification,Paris,France,False,2024-09-19,2,1851.92,2024-09-19,24,1548.29,22,303.6300000000001,1,0
2025-11-13,Guatemala,Panama,2,3,FIFA World Cup qualification,Guatemala City,Guatemala,False,2024-09-19,107,1200.43,2024-09-19,37,1502.55,-70,-302.1199999999999,0,0
2025-11-13,Haiti,Costa Rica,1,0,FIFA World Cup qualification,Willemstad,Curaçao,True,2024-09-19,86,1278.56,2024-09-19,50,1466.08,-36,-187.51999999999998,1,0
2025-11-13,Iran,Cape Verde,0,0,Al Ain International Cup,Al Ain,United Arab Emirates,True,2024-09-19,19,1622.92,,,,,,0,1
2025-11-13,Norway,Estonia,4,1,FIFA World Cup qualification,Oslo,Norway,False,2024-09-19,47,1472.16,2024-09-19,122,1140.39,75,331.77,1,0
2025-11-13,Republic of Ireland,Portugal,2,0,FIFA World Cup qualification,Dublin,Republic of Ireland,False,2024-09-19,62,1394.63,2024-09-19,8,1752.14,-54,-357.51,1,0
2025-11-13,United Arab Emirates,Iraq,1,1,FIFA World Cup qualification,Abu Dhabi,United Arab Emirates,False,2024-09-19,69.0,1377.22,2024-09-19,55.0,1435.9,-14.0,-58.680000000000064,0,1
2025-11-14,Angola,Argentina,0,2,Friendly,Luanda,Angola,False,2024-09-19,85,1281.09,2024-09-19,1,1889.02,-84,-607.9300000000001,0,0
2025-11-14,Australia,Venezuela,0,1,Friendly,Houston,United States,True,2024-09-19,25,1544.3,2024-09-19,40,1488.56,15,55.74000000000001,0,0
2025-11-14,Croatia,Faroe Islands,3,1,FIFA World Cup qualification,Rijeka,Croatia,False,2024-09-19,12,1699.6,2024-09-19,140,1089.51,128,610.0899999999999,1,0
2025-11-14,Japan,Ghana,2,0,Kirin Cup,Toyota,Japan,False,2024-09-19,16,1639.6,2024-09-19,70,1360.43,54,279.16999999999985,1,0
2025-11-14,Luxembourg,Germany,0,2,FIFA World Cup qualification,Luxembourg,Luxembourg,False,2024-09-19,87,1261.95,2024-09-19,13,1692.19,-74,-430.24,0,0
2025-11-14,Morocco,Mozambique,1,0,Friendly,Tangier,Morocco,False,2024-09-19,14,1676.14,2024-09-19,99,1226.03,85,450.1100000000001,1,0
2025-11-14,Poland,Netherlands,1,1,FIFA World Cup qualification,Warsaw,Poland,False,2024-09-19,30,1525.08,2024-09-19,7,1759.95,-23,-234.87000000000012,0,1
2025-11-14,Saudi Arabia,Ivory Coast,1,0,Friendly,Jeddah,Saudi Arabia,False,2024-09-19,56,1433.16,,,,,,1,0
2025-11-14,South Korea,Bolivia,2,0,Friendly,Daejeon,South Korea,False,2024-09-19,23,1572.61,2024-09-19,83,1293.76,60,278.8499999999999,1,0
2025-11-14,Tunisia,Jordan,3,2,Friendly,Radès,Tunisia,False,2024-09-19,36,1504.86,2024-09-19,68,1377.52,32,127.33999999999992,1,0
2025-11-14,Uzbekistan,Egypt,2,0,Al Ain International Cup,Al Ain,United Arab Emirates,True,2024-09-19,60,1413.06,2024-09-19,31,1515.64,-29,-102.58000000000015,1,0
2025-11-15,Bosnia and Herzegovina,Romania,3,1,FIFA World Cup qualification,Zenica,Bosnia and Herzegovina,False,2024-09-19,75,1332.39,2024-09-19,45,1481.4,-30,-149.01,1,0
2025-11-15,Brazil,Senegal,2,0,Friendly,London,England,True,2024-09-19,5,1772.02,2024-09-19,21,1620.87,16,151.1500000000001,1,0
2025-11-15,Colombia,New Zealand,2,1,Friendly,Fort Lauderdale,United States,True,2024-09-19,9,1738.72,2023-06-29,103,1199.04,94,539.6800000000001,1,0
2025-11-15,Cyprus,Austria,0,2,FIFA World Cup qualification,Limassol,Cyprus,False,2024-09-19,123,1137.06,2024-09-19,22,1580.37,-101,-443.30999999999995,0,0
2025-11-15,Georgia,Spain,0,4,FIFA World Cup qualification,Tbilisi,Georgia,False,2024-09-19,66,1378.22,2024-09-19,3,1836.42,-63,-458.20000000000005,0,0
2025-11-15,Greece,Scotland,3,2,FIFA World Cup qualification,Piraeus,Greece,False,2024-09-19,48,1469.18,2024-09-19,52,1461.75,4,7.430000000000064,1,0
2025-11-15,Kazakhstan,Belgium,1,1,FIFA World Cup qualification,Astana,Kazakhstan,False,2024-09-19,109,1193.21,2024-09-19,6,1768.14,-103,-574.9300000000001,0,1
2025-11-15,Mexico,Uruguay,0,0,Friendly,Torreón,Mexico,False,2024-09-19,17,1635.66,2024-09-19,11,1701.34,-6,-65.67999999999984,0,1
2025-11-15,South Africa,Zambia,3,1,Friendly,Gqeberha,South Africa,False,2024-09-19,59,1415.07,2024-09-19,93,1252.79,34,162.27999999999997,1,0
2025-11-15,Switzerland,Sweden,4,1,FIFA World Cup qualification,Geneva,Switzerland,False,2024-09-19,15,1641.0,2024-09-19,28,1528.18,13,112.81999999999994,1,0
2025-11-15,Turkey,Bulgaria,2,0,FIFA World Cup qualification,Bursa,Turkey,False,,,,2024-09-19,81,1302.68,,,1,0
2025-11-15,United States,Paraguay,2,1,Friendly,Chester,United States,False,2024-09-19,18.0,1632.19,2024-09-19,57,1423.98,39.0,208.21000000000004,1,0
2025-11-16,Albania,England,0,2,FIFA World Cup qualification,Tirana,Albania,False,2024-09-19,67,1377.91,2024-09-19,4,1817.28,-63,-439.3699999999999,0,0
2025-11-16,Azerbaijan,France,1,3,FIFA World Cup qualification,Baku,Azerbaijan,False,2024-09-19,113,1173.15,2024-09-19,2,1851.92,-111,-678.77,0,0
2025-11-16,Italy,Norway,1,4,FIFA World Cup qualification,Milan,Italy,False,2024-09-19,10,1726.31,2024-09-19,47,1472.16,37,254.14999999999986,0,0
2025-11-16,Nigeria,DR Congo,1,1,FIFA World Cup qualification,Rabat,Morocco,True,2024-09-19,39,1498.02,2024-09-19,58,1416.91,19,81.1099999999999,0,1
2025-11-16,Portugal,Armenia,9,1,FIFA World Cup qualification,Porto,Portugal,False,2024-09-19,8,1752.14,2024-09-19,96,1230.43,88,521.71,1,0
2025-11-17,Cape Verde,Egypt,1,1,Al Ain International Cup,Al Ain,United Arab Emirates,True,,,,2024-09-19,31,1515.64,,,0,1
2025-11-17,Czech Republic,Gibraltar,6,0,FIFA World Cup qualification,Olomouc,Czech Republic,False,2024-09-19,46,1473.19,2024-09-19,198,842.4,152,630.7900000000001,1,0
2025-11-17,Germany,Slovakia,6,0,FIFA World Cup qualification,Leipzig,Germany,False,2024-09-19,13,1692.19,2024-09-19,42,1485.89,29,206.29999999999995,1,0
2025-11-17,Montenegro,Croatia,2,3,FIFA World Cup qualification,Podgorica,Montenegro,False,2024-09-19,74,1332.68,2024-09-19,12,1699.6,-62,-366.91999999999985,0,0
2025-11-17,Netherlands,Lithuania,4,0,FIFA World Cup qualification,Amsterdam,Netherlands,False,2024-09-19,7,1759.95,2024-09-19,139,1090.89,132,669.06,1,0
2025-11-17,Qatar,Zimbabwe,1,2,Friendly,Ar-Rayyan,Qatar,False,2024-09-19,44,1481.69,2024-09-19,124,1134.99,80,346.70000000000005,0,0
2025-11-18,Austria,Bosnia and Herzegovina,1,1,FIFA World Cup qualification,Vienna,Austria,False,2024-09-19,22,1580.37,2024-09-19,75,1332.39,53,247.9799999999998,0,1
2025-11-18,Belgium,Liechtenstein,7,0,FIFA World Cup qualification,Liège,Belgium,False,2024-09-19,6,1768.14,2024-09-19,203,827.19,197,940.95,1,0
2025-11-18,Brazil,Tunisia,1,1,Friendly,Lille,France,True,2024-09-19,5,1772.02,2024-09-19,36,1504.86,31,267.1600000000001,0,1
2025-11-18,Canada,Venezuela,2,0,Friendly,Fort Lauderdale,United States,True,2024-09-19,38,1502.31,2024-09-19,40,1488.56,2,13.75,1,0
2025-11-18,Colombia,Australia,3,0,Friendly,New York,United States,True,2024-09-19,9,1738.72,2024-09-19,25,1544.3,16,194.42000000000007,1,0
2025-11-18,Ecuador,New Zealand,2,0,Friendly,Harrison,United States,True,2024-09-19,27,1535.43,2023-06-29,103,1199.04,76,336.3900000000001,1,0
2025-11-18,Haiti,Nicaragua,2,0,FIFA World Cup qualification,Willemstad,Curaçao,True,2024-09-19,86,1278.56,2024-09-19,131,1118.04,45,160.51999999999998,1,0
2025-11-18,Iran,Uzbekistan,0,0,Al Ain International Cup,Al Ain,United Arab Emirates,True,2024-09-19,19,1622.92,2024-09-19,60.0,1413.06,41.0,209.86000000000013,0,1
2025-11-18,Iraq,United Arab Emirates,2,1,FIFA World Cup qualification,Basra,Iraq,False,2024-09-19,55.0,1435.9,2024-09-19,69,1377.22,14.0,58.680000000000064,1,0
2025-11-18,Jamaica,Curaçao,0,0,FIFA World Cup qualification,Kingston,Jamaica,False,2024-09-19,61,1402.95,,,,,,0,1
2025-11-18,Japan,Bolivia,3,0,Kirin Cup,Tokyo,Japan,False,2024-09-19,16,1639.6,2024-09-19,83,1293.76,67,345.8399999999999,1,0
2025-11-18,Kenya,Senegal,0,8,Friendly,Antalya,Turkey,True,2024-09-19,102,1208.96,2024-09-19,21,1620.87,-81,-411.90999999999985,0,0
2025-11-18,Kosovo,Switzerland,1,1,FIFA World Cup qualification,Pristina,Kosovo,False,2024-09-19,104,1205.96,2024-09-19,15,1641.0,-89,-435.03999999999996,0,1
2025-11-18,Mali,Jordan,3,2,Friendly,Radès,Tunisia,True,2024-09-19,54,1455.16,2024-09-19,68,1377.52,14,77.6400000000001,1,0
2025-11-18,Mexico,Paraguay,1,2,Friendly,San Antonio,United States,True,2024-09-19,17,1635.66,2024-09-19,57,1423.98,40,211.68000000000006,0,0
2025-11-18,Morocco,Uganda,4,0,Friendly,Tangier,Morocco,False,2024-09-19,14,1676.14,2024-09-19,90,1257.64,76,418.5,1,0
2025-11-18,Oman,Ivory Coast,0,2,Friendly,Seeb,Oman,False,2024-09-19,78,1309.27,,,,,,0,0
2025-11-18,Panama,El Salvador,3,0,FIFA World Cup qualification,Panama City,Panama,False,2024-09-19,37.0,1502.55,2024-09-19,80,1307.04,43.0,195.51,1,0
2025-11-18,Saudi Arabia,Algeria,0,2,Friendly,Jeddah,Saudi Arabia,False,2024-09-19,56,1433.16,2024-09-19,41,1486.03,-15,-52.86999999999989,0,0
2025-11-18,Scotland,Denmark,4,2,FIFA World Cup qualification,Glasgow,Scotland,False,2024-09-19,52,1461.75,2024-09-19,20,1621.7,-32,-159.95000000000005,1,0
2025-11-18,South Korea,Ghana,1,0,Friendly,Seoul,South Korea,False,2024-09-19,23,1572.61,2024-09-19,70,1360.43,47,212.17999999999984,1,0
2025-11-18,Spain,Turkey,2,2,FIFA World Cup qualification,Seville,Spain,False,2024-09-19,3,1836.42,,,,,,0,1
2025-11-18,Sweden,Slovenia,1,1,FIFA World Cup qualification,Solna,Sweden,False,2024-09-19,28,1528.18,2024-09-19,51,1462.98,23,65.20000000000005,0,1
2025-11-18,United States,Uruguay,5,1,Friendly,Tampa,United States,False,2024-09-19,18.0,1632.19,2024-09-19,11,1701.34,-7.0,-69.14999999999986,1,0
2025-12-01,Qatar,Palestine,0,1,Arab Cup,Al Khor,Qatar,False,2024-09-19,44,1481.69,2024-09-19,98,1228.99,54,252.70000000000005,0,0
2025-12-01,Tunisia,Syria,0,1,Arab Cup,Al Rayyan,Qatar,True,2024-09-19,36,1504.86,2024-09-19,92,1252.91,56,251.94999999999982,0,0
2025-12-02,Egypt,Kuwait,1,1,Arab Cup,Lusail,Qatar,True,2024-09-19,31,1515.64,2024-09-19,134.0,1111.62,103.0,404.0200000000002,0,1
2025-12-02,Morocco,Comoros,3,1,Arab Cup,Al Rayyan,Qatar,True,2024-09-19,14,1676.14,2024-09-19,118,1159.64,104,516.5,1,0
2025-12-02,Saudi Arabia,Oman,2,1,Arab Cup,Al Rayyan,Qatar,True,2024-09-19,56,1433.16,2024-09-19,78,1309.27,22,123.8900000000001,1,0
2025-12-03,Algeria,Sudan,0,0,Arab Cup,Al Rayyan,Qatar,True,2024-09-19,41,1486.03,2024-09-19,120,1154.5,79,331.53,0,1
2025-12-03,Iraq,Bahrain,2,1,Arab Cup,Doha,Qatar,True,2024-09-19,55.0,1435.9,2024-09-19,76,1315.49,21.0,120.41000000000008,1,0
2025-12-03,Jordan,United Arab Emirates,2,1,Arab Cup,Al Khor,Qatar,True,2024-09-19,68.0,1377.52,2024-09-19,69,1377.22,1.0,0.2999999999999545,1,0
2025-12-04,Palestine,Tunisia,2,2,Arab Cup,Lusail,Qatar,True,2024-09-19,98,1228.99,2024-09-19,36,1504.86,-62,-275.8699999999999,0,1
2025-12-04,Qatar,Syria,1,1,Arab Cup,Al Rayyan,Qatar,False,2024-09-19,44,1481.69,2024-09-19,92,1252.91,48,228.77999999999997,0,1
2025-12-05,Comoros,Saudi Arabia,1,3,Arab Cup,Al Khor,Qatar,True,2024-09-19,118,1159.64,2024-09-19,56,1433.16,-62,-273.52,0,0
2025-12-05,Oman,Morocco,0,0,Arab Cup,Al Rayyan,Qatar,True,2024-09-19,78,1309.27,2024-09-19,14,1676.14,-64,-366.8700000000001,0,1
2025-12-06,Bahrain,Algeria,1,5,Arab Cup,Al Rayyan,Qatar,True,2024-09-19,76,1315.49,2024-09-19,41,1486.03,-35,-170.53999999999996,0,0
2025-12-06,Kuwait,Jordan,1,3,Arab Cup,Al Rayyan,Qatar,True,2024-09-19,134,1111.62,2024-09-19,68,1377.52,-66,-265.9000000000001,0,0
2025-12-06,Sudan,Iraq,0,2,Arab Cup,Doha,Qatar,True,2024-09-19,120,1154.5,2024-09-19,55.0,1435.9,-65.0,-281.4000000000001,0,0
2025-12-06,United Arab Emirates,Egypt,1,1,Arab Cup,Lusail,Qatar,True,2024-09-19,69.0,1377.22,2024-09-19,31,1515.64,-38.0,-138.42000000000007,0,1
2025-12-07,Qatar,Tunisia,0,3,Arab Cup,Al Khor,Qatar,False,2024-09-19,44,1481.69,2024-09-19,36,1504.86,-8,-23.169999999999845,0,0
2025-12-08,Morocco,Saudi Arabia,1,0,Arab Cup,Lusail,Qatar,True,2024-09-19,14,1676.14,2024-09-19,56,1433.16,42,242.98000000000002,1,0
2025-12-09,Algeria,Iraq,2,0,Arab Cup,Al Rayyan,Qatar,True,2024-09-19,41,1486.03,2024-09-19,55.0,1435.9,14.0,50.12999999999988,1,0
2025-12-09,Egypt,Jordan,0,3,Arab Cup,Al Khor,Qatar,True,2024-09-19,31,1515.64,2024-09-19,68,1377.52,37,138.12000000000012,0,0
2025-12-11,Morocco,Syria,1,0,Arab Cup,Al Rayyan,Qatar,True,2024-09-19,14,1676.14,2024-09-19,92,1252.91,78,423.23,1,0
2025-12-11,Palestine,Saudi Arabia,1,2,Arab Cup,Lusail,Qatar,True,2024-09-19,98,1228.99,2024-09-19,56,1433.16,-42,-204.17000000000007,0,0
2025-12-12,Algeria,United Arab Emirates,1,1,Arab Cup,Al Khor,Qatar,True,2024-09-19,41,1486.03,2024-09-19,69,1377.22,28,108.80999999999995,0,1
2025-12-12,Jordan,Iraq,1,0,Arab Cup,Al Rayyan,Qatar,True,2024-09-19,68.0,1377.52,2024-09-19,55.0,1435.9,-13.0,-58.38000000000011,1,0
2025-12-15,Morocco,United Arab Emirates,3,0,Arab Cup,Al Rayyan,Qatar,True,2024-09-19,14,1676.14,2024-09-19,69,1377.22,55,298.9200000000001,1,0
2025-12-15,Saudi Arabia,Jordan,0,1,Arab Cup,Al Khor,Qatar,True,2024-09-19,56,1433.16,2024-09-19,68,1377.52,12,55.6400000000001,0,0
2025-12-18,Jordan,Morocco,2,3,Arab Cup,Lusail,Qatar,True,2024-09-19,68.0,1377.52,2024-09-19,14,1676.14,-54.0,-298.6200000000001,0,0
2025-12-21,Morocco,Comoros,2,0,African Cup of Nations,Rabat,Morocco,False,2024-09-19,14,1676.14,2024-09-19,118,1159.64,104,516.5,1,0
2025-12-22,Egypt,Zimbabwe,2,1,African Cup of Nations,Agadir,Morocco,True,2024-09-19,31,1515.64,2024-09-19,124,1134.99,93,380.6500000000001,1,0
2025-12-22,South Africa,Angola,2,1,African Cup of Nations,Marrakesh,Morocco,True,2024-09-19,59,1415.07,2024-09-19,85,1281.09,26,133.98000000000002,1,0
2025-12-23,DR Congo,Benin,1,0,African Cup of Nations,Rabat,Morocco,True,2024-09-19,58,1416.91,2024-09-19,89,1257.69,31,159.22000000000003,1,0
2025-12-23,Senegal,Botswana,3,0,African Cup of Nations,Tangier,Morocco,True,2024-09-19,21,1620.87,2024-09-19,147,1050.15,126,570.7199999999998,1,0
2025-12-23,Tunisia,Uganda,3,1,African Cup of Nations,Rabat,Morocco,True,2024-09-19,36,1504.86,2024-09-19,90,1257.64,54,247.2199999999998,1,0
2025-12-24,Algeria,Sudan,3,0,African Cup of Nations,Rabat,Morocco,True,2024-09-19,41,1486.03,2024-09-19,120,1154.5,79,331.53,1,0
2025-12-24,Ivory Coast,Mozambique,1,0,African Cup of Nations,Marrakesh,Morocco,True,,,,2024-09-19,99,1226.03,,,1,0
2025-12-26,Egypt,South Africa,1,0,African Cup of Nations,Agadir,Morocco,True,2024-09-19,31,1515.64,2024-09-19,59,1415.07,28,100.57000000000016,1,0
2025-12-26,Morocco,Mali,1,1,African Cup of Nations,Rabat,Morocco,False,2024-09-19,14,1676.14,2024-09-19,54,1455.16,40,220.98000000000002,0,1
2025-12-27,Nigeria,Tunisia,3,2,African Cup of Nations,Fez,Morocco,True,2024-09-19,39,1498.02,2024-09-19,36,1504.86,-3,-6.839999999999918,1,0
2025-12-27,Senegal,DR Congo,1,1,African Cup of Nations,Tangier,Morocco,True,2024-09-19,21,1620.87,2024-09-19,58,1416.91,37,203.9599999999998,0,1
2025-12-28,Algeria,Burkina Faso,1,0,African Cup of Nations,Rabat,Morocco,True,2024-09-19,41,1486.03,2024-09-19,63,1387.5,22,98.52999999999997,1,0
2025-12-28,Ivory Coast,Cameroon,1,1,African Cup of Nations,Marrakesh,Morocco,True,,,,2024-09-19,53,1458.51,,,0,1
2025-12-29,Angola,Egypt,0,0,African Cup of Nations,Agadir,Morocco,True,2024-09-19,85,1281.09,2024-09-19,31,1515.64,-54,-234.55000000000018,0,1
2025-12-29,Morocco,Zambia,3,0,African Cup of Nations,Rabat,Morocco,False,2024-09-19,14,1676.14,2024-09-19,93,1252.79,79,423.35000000000014,1,0
2025-12-29,Zimbabwe,South Africa,2,3,African Cup of Nations,Marrakesh,Morocco,True,2024-09-19,124,1134.99,2024-09-19,59,1415.07,-65,-280.0799999999999,0,0
2025-12-30,Benin,Senegal,0,3,African Cup of Nations,Tangier,Morocco,True,2024-09-19,89,1257.69,2024-09-19,21,1620.87,-68,-363.17999999999984,0,0
2025-12-30,Botswana,DR Congo,0,3,African Cup of Nations,Rabat,Morocco,True,2024-09-19,147,1050.15,2024-09-19,58,1416.91,-89,-366.76,0,0
2025-12-30,Tanzania,Tunisia,1,1,African Cup of Nations,Rabat,Morocco,True,2024-09-19,110,1188.24,2024-09-19,36,1504.86,-74,-316.6199999999999,0,1
2025-12-31,Equatorial Guinea,Algeria,1,3,African Cup of Nations,Rabat,Morocco,True,2024-09-19,94,1250.57,2024-09-19,41,1486.03,-53,-235.46000000000004,0,0
2025-12-31,Gabon,Ivory Coast,2,3,African Cup of Nations,Marrakesh,Morocco,True,2024-09-19,84,1292.88,,,,,,0,0
2026-01-03,Mali,Tunisia,1,1,African Cup of Nations,Casablanca,Morocco,True,2024-09-19,54,1455.16,2024-09-19,36,1504.86,-18,-49.69999999999982,0,1
2026-01-03,Senegal,Sudan,3,1,African Cup of Nations,Tangier,Morocco,True,2024-09-19,21,1620.87,2024-09-19,120,1154.5,99,466.3699999999999,1,0
2026-01-04,Morocco,Tanzania,1,0,African Cup of Nations,Rabat,Morocco,False,2024-09-19,14,1676.14,2024-09-19,110,1188.24,96,487.9000000000001,1,0
2026-01-04,South Africa,Cameroon,1,2,African Cup of Nations,Rabat,Morocco,True,2024-09-19,59,1415.07,2024-09-19,53,1458.51,-6,-43.440000000000055,0,0
2026-01-05,Egypt,Benin,3,1,African Cup of Nations,Agadir,Morocco,True,2024-09-19,31,1515.64,2024-09-19,89,1257.69,58,257.95000000000005,1,0
2026-01-06,Algeria,DR Congo,1,0,African Cup of Nations,Rabat,Morocco,True,2024-09-19,41,1486.03,2024-09-19,58,1416.91,17,69.11999999999989,1,0
2026-01-06,Ivory Coast,Burkina Faso,3,0,African Cup of Nations,Marrakesh,Morocco,True,,,,2024-09-19,63,1387.5,,,1,0
2026-01-09,Mali,Senegal,0,1,African Cup of Nations,Tangier,Morocco,True,2024-09-19,54,1455.16,2024-09-19,21,1620.87,-33,-165.7099999999998,0,0
2026-01-09,Morocco,Cameroon,2,0,African Cup of Nations,Rabat,Morocco,False,2024-09-19,14,1676.14,2024-09-19,53,1458.51,39,217.6300000000001,1,0
2026-01-10,Algeria,Nigeria,0,2,African Cup of Nations,Marrakesh,Morocco,True,2024-09-19,41,1486.03,2024-09-19,39,1498.02,-2,-11.990000000000009,0,0
2026-01-10,Egypt,Ivory Coast,3,2,African Cup of Nations,Agadir,Morocco,True,2024-09-19,31,1515.64,,,,,,1,0
2026-01-14,Morocco,Nigeria,0,0,African Cup of Nations,Rabat,Morocco,False,2024-09-19,14,1676.14,2024-09-19,39,1498.02,25,178.12000000000012,0,1
2026-01-14,Senegal,Egypt,1,0,African Cup of Nations,Tangier,Morocco,True,2024-09-19,21,1620.87,2024-09-19,31,1515.64,10,105.22999999999979,1,0
2026-01-17,Egypt,Nigeria,0,0,African Cup of Nations,Casablanca,Morocco,True,2024-09-19,31,1515.64,2024-09-19,39,1498.02,8,17.62000000000012,0,1
2026-01-18,Bolivia,Panama,1,1,Friendly,Tarija,Bolivia,False,2024-09-19,83,1293.76,2024-09-19,37,1502.55,-46,-208.78999999999996,0,1
2026-01-18,Morocco,Senegal,3,0,African Cup of Nations,Rabat,Morocco,False,2024-09-19,14,1676.14,2024-09-19,21,1620.87,7,55.27000000000021,1,0
2026-01-22,Panama,Mexico,0,1,Friendly,Panama City,Panama,False,2024-09-19,37.0,1502.55,2024-09-19,17,1635.66,-20.0,-133.11000000000013,0,0
2026-01-25,Bolivia,Mexico,0,1,Friendly,Santa Cruz,Bolivia,False,2024-09-19,83,1293.76,2024-09-19,17,1635.66,-66,-341.9000000000001,0,0
2026-01-26,Uzbekistan,China,2,2,Friendly,Dubai,United Arab Emirates,True,2024-09-19,60,1413.06,,,,,,0,1
2026-02-25,Mexico,Iceland,4,0,Friendly,Querétaro,Mexico,False,2024-09-19,17,1635.66,2024-09-19,71,1355.75,54,279.9100000000001,1,0
2026-03-25,Bermuda,DR Congo,0,2,Friendly,Zapopan,Mexico,True,2024-09-19,170,973.34,2024-09-19,58,1416.91,-112,-443.57000000000005,0,0
2026-03-26,Brazil,France,1,2,Friendly,Foxborough,United States,True,2024-09-19,5,1772.02,2024-09-19,2,1851.92,-3,-79.90000000000009,0,0
2026-03-26,Colombia,Croatia,1,2,Friendly,Orlando,United States,True,2024-09-19,9,1738.72,2024-09-19,12,1699.6,3,39.12000000000012,0,0
2026-03-26,Czech Republic,Republic of Ireland,2,2,FIFA World Cup qualification,Prague,Czech Republic,False,2024-09-19,46,1473.19,2024-09-19,62,1394.63,16,78.55999999999995,0,1
2026-03-26,Turkey,Romania,1,0,FIFA World Cup qualification,Istanbul,Turkey,False,,,,2024-09-19,45,1481.4,,,1,0
2026-03-26,Ukraine,Sweden,1,3,FIFA World Cup qualification,Valencia,Spain,True,2024-09-19,24,1548.29,2024-09-19,28,1528.18,4,20.1099999999999,0,0
2026-03-26,Wales,Bosnia and Herzegovina,1,1,FIFA World Cup qualification,Cardiff,Wales,False,2024-09-19,29,1526.53,2024-09-19,75,1332.39,46,194.13999999999987,0,1
2026-03-27,Algeria,Guatemala,7,0,Friendly,Genoa,Switzerland,True,2024-09-19,41,1486.03,2024-09-19,107,1200.43,66,285.5999999999999,1,0
2026-03-27,Argentina,Mauritania,2,1,Friendly,Buenos Aires,Argentina,False,2024-09-19,1,1889.02,2024-09-19,112,1179.04,111,709.98,1,0
2026-03-27,Australia,Cameroon,1,0,FIFA Series,Sydney,Australia,False,2024-09-19,25,1544.3,2024-09-19,53,1458.51,28,85.78999999999996,1,0
2026-03-27,Austria,Ghana,5,1,Friendly,Vienna,Austria,False,2024-09-19,22,1580.37,2024-09-19,70,1360.43,48,219.93999999999983,1,0
2026-03-27,Chile,Cape Verde,4,2,FIFA Series,Auckland,New Zealand,True,2024-09-19,49,1467.98,,,,,,1,0
2026-03-27,China,Curaçao,2,0,FIFA Series,Sydney,Australia,True,,,,,,,,,1,0
2026-03-27,Costa Rica,Jordan,2,2,Friendly,Antalya,Turkey,True,2024-09-19,50,1466.08,2024-09-19,68,1377.52,18,88.55999999999995,0,1
2026-03-27,England,Uruguay,1,1,Friendly,London,England,False,2024-09-19,4,1817.28,2024-09-19,11,1701.34,7,115.94000000000005,0,1
2026-03-27,Greece,Paraguay,0,1,Friendly,Athens,Greece,False,2024-09-19,48,1469.18,2024-09-19,57,1423.98,9,45.200000000000045,0,0
2026-03-27,Iran,Nigeria,1,2,Friendly,Antalya,Turkey,True,2024-09-19,19,1622.92,2024-09-19,39,1498.02,20,124.90000000000009,0,0
2026-03-27,Morocco,Ecuador,1,1,Friendly,Madrid,Spain,True,2024-09-19,14,1676.14,2024-09-19,27,1535.43,13,140.71000000000004,0,1
2026-03-27,Netherlands,Norway,2,1,Friendly,Amsterdam,Netherlands,False,2024-09-19,7,1759.95,2024-09-19,47,1472.16,40,287.78999999999996,1,0
2026-03-27,New Zealand,Finland,0,2,FIFA Series,Auckland,New Zealand,False,2023-06-29,103,1199.04,2024-09-19,64,1384.36,-39,-185.31999999999994,0,0
2026-03-27,Saudi Arabia,Egypt,0,4,Friendly,Jeddah,Saudi Arabia,False,2024-09-19,56,1433.16,2024-09-19,31,1515.64,-25,-82.48000000000002,0,0
2026-03-27,South Africa,Panama,1,1,Friendly,Durban,South Africa,False,2024-09-19,59,1415.07,2024-09-19,37,1502.55,-22,-87.48000000000002,0,1
2026-03-27,Spain,Serbia,3,0,Friendly,Villarreal,Spain,False,2024-09-19,3,1836.42,2024-09-19,35.0,1505.08,32.0,331.34000000000015,1,0
2026-03-27,Switzerland,Germany,3,4,Friendly,Basel,Switzerland,False,2024-09-19,15,1641.0,2024-09-19,13,1692.19,-2,-51.190000000000055,0,0
2026-03-27,Uzbekistan,Gabon,3,1,FIFA Series,Tashkent,Uzbekistan,False,2024-09-19,60,1413.06,2024-09-19,84,1292.88,24,120.17999999999984,1,0
2026-03-28,Canada,Iceland,2,2,Friendly,Toronto,Canada,False,2024-09-19,38,1502.31,2024-09-19,71,1355.75,33,146.55999999999995,0,1
2026-03-28,Haiti,Tunisia,0,1,Friendly,Toronto,Canada,True,2024-09-19,86,1278.56,2024-09-19,36,1504.86,-50,-226.29999999999995,0,0
2026-03-28,Ivory Coast,South Korea,4,0,Friendly,Milton Keynes,England,True,,,,2024-09-19,23,1572.61,,,1,0
2026-03-28,Mexico,Portugal,0,0,Friendly,Mexico City,Mexico,False,2024-09-19,17,1635.66,2024-09-19,8,1752.14,-9,-116.48000000000002,0,1
2026-03-28,Scotland,Japan,0,1,Friendly,Glasgow,Scotland,False,2024-09-19,52,1461.75,2024-09-19,16,1639.6,-36,-177.8499999999999,0,0
2026-03-28,Senegal,Peru,2,0,Friendly,Paris,France,True,2024-09-19,21,1620.87,2024-09-19,43,1483.2,22,137.66999999999985,1,0
2026-03-28,United States,Belgium,2,5,Friendly,Atlanta,United States,False,2024-09-19,18.0,1632.19,2024-09-19,6,1768.14,-12.0,-135.95000000000005,0,0
2026-03-29,Colombia,France,1,3,Friendly,Landover,United States,True,2024-09-19,9,1738.72,2024-09-19,2,1851.92,-7,-113.20000000000005,0,0
2026-03-30,Cape Verde,Finland,1,1,FIFA Series,Auckland,New Zealand,True,,,,2024-09-19,64,1384.36,,,0,1
2026-03-30,Germany,Ghana,2,1,Friendly,Stuttgart,Germany,False,2024-09-19,13,1692.19,2024-09-19,70,1360.43,57,331.76,1,0
2026-03-30,New Zealand,Chile,4,1,FIFA Series,Auckland,New Zealand,False,2023-06-29,103,1199.04,2024-09-19,49,1467.98,-54,-268.94000000000005,1,0
2026-03-30,Uzbekistan,Venezuela,0,0,FIFA Series,Tashkent,Uzbekistan,False,2024-09-19,60,1413.06,2024-09-19,40,1488.56,-20,-75.5,0,1
2026-03-31,Algeria,Uruguay,0,0,Friendly,Turin,Italy,True,2024-09-19,41,1486.03,2024-09-19,11,1701.34,-30,-215.30999999999995,0,1
2026-03-31,Argentina,Zambia,5,0,Friendly,Buenos Aires,Argentina,False,2024-09-19,1,1889.02,2024-09-19,93,1252.79,92,636.23,1,0
2026-03-31,Australia,Curaçao,5,1,FIFA Series,Melbourne,Australia,False,2024-09-19,25,1544.3,,,,,,1,0
2026-03-31,Austria,South Korea,1,0,Friendly,Vienna,Austria,False,2024-09-19,22,1580.37,2024-09-19,23,1572.61,1,7.759999999999991,1,0
2026-03-31,Bosnia and Herzegovina,Italy,1,1,FIFA World Cup qualification,Zenica,Bosnia and Herzegovina,False,2024-09-19,75,1332.39,2024-09-19,10,1726.31,-65,-393.91999999999985,0,1
2026-03-31,Brazil,Croatia,3,1,Friendly,Orlando,United States,True,2024-09-19,5,1772.02,2024-09-19,12,1699.6,7,72.42000000000007,1,0
2026-03-31,Canada,Tunisia,0,0,Friendly,Toronto,Canada,False,2024-09-19,38,1502.31,2024-09-19,36,1504.86,-2,-2.5499999999999545,0,1
2026-03-31,Costa Rica,Iran,0,5,Friendly,Antalya,Turkey,True,2024-09-19,50,1466.08,2024-09-19,19,1622.92,-31,-156.84000000000015,0,0
2026-03-31,Czech Republic,Denmark,2,2,FIFA World Cup qualification,Prague,Czech Republic,False,2024-09-19,46,1473.19,2024-09-19,20,1621.7,-26,-148.51,0,1
2026-03-31,DR Congo,Jamaica,1,0,FIFA World Cup qualification,Zapopan,Mexico,True,2024-09-19,58,1416.91,2024-09-19,61,1402.95,3,13.960000000000036,1,0
2026-03-31,England,Japan,0,1,Friendly,London,England,False,2024-09-19,4,1817.28,2024-09-19,16,1639.6,12,177.68000000000006,0,0
2026-03-31,Haiti,Iceland,1,1,Friendly,Toronto,Canada,True,2024-09-19,86,1278.56,2024-09-19,71,1355.75,-15,-77.19000000000005,0,1
2026-03-31,Iraq,Bolivia,2,1,FIFA World Cup qualification,Guadalupe,Mexico,True,2024-09-19,55.0,1435.9,2024-09-19,83,1293.76,28.0,142.1400000000001,1,0
2026-03-31,Ivory Coast,Scotland,1,0,Friendly,Liverpool,England,True,,,,2024-09-19,52,1461.75,,,1,0
2026-03-31,Jordan,Nigeria,2,2,Friendly,Antalya,Turkey,True,2024-09-19,68.0,1377.52,2024-09-19,39,1498.02,-29.0,-120.5,0,1
2026-03-31,Kosovo,Turkey,0,1,FIFA World Cup qualification,Pristina,Kosovo,False,2024-09-19,104,1205.96,,,,,,0,0
2026-03-31,Mexico,Belgium,1,1,Friendly,Chicago,United States,True,2024-09-19,17,1635.66,2024-09-19,6,1768.14,-11,-132.48000000000002,0,1
2026-03-31,Morocco,Paraguay,2,1,Friendly,Lens,France,True,2024-09-19,14,1676.14,2024-09-19,57,1423.98,43,252.16000000000008,1,0
2026-03-31,Netherlands,Ecuador,1,1,Friendly,Eindhoven,Netherlands,False,2024-09-19,7,1759.95,2024-09-19,27,1535.43,20,224.51999999999998,0,1
2026-03-31,Norway,Switzerland,0,0,Friendly,Oslo,Norway,False,2024-09-19,47,1472.16,2024-09-19,15,1641.0,-32,-168.83999999999992,0,1
2026-03-31,Senegal,Gambia,3,1,Friendly,Diamniadio,Senegal,False,2024-09-19,21,1620.87,2022-08-25,124,1137.47,103,483.39999999999986,1,0
2026-03-31,Serbia,Saudi Arabia,2,1,Friendly,Backa Topola,Serbia,False,2024-09-19,35,1505.08,2024-09-19,56,1433.16,21,71.91999999999985,1,0
2026-03-31,South Africa,Panama,1,2,Friendly,Cape Town,South Africa,False,2024-09-19,59,1415.07,2024-09-19,37,1502.55,-22,-87.48000000000002,0,0
2026-03-31,Spain,Egypt,0,0,Friendly,Barcelona,Spain,False,2024-09-19,3,1836.42,2024-09-19,31,1515.64,28,320.78,0,1
2026-03-31,Sweden,Poland,3,2,FIFA World Cup qualification,Solna,Sweden,False,2024-09-19,28,1528.18,2024-09-19,30,1525.08,2,3.1000000000001364,1,0
2026-03-31,United States,Portugal,0,2,Friendly,Atlanta,United States,False,2024-09-19,18.0,1632.19,2024-09-19,8,1752.14,-10.0,-119.95000000000005,0,0
2026-05-22,Mexico,Ghana,2,0,Friendly,Puebla,Mexico,False,2026-04-01,15,1681.03,2026-04-01,74,1346.31,59,334.72,1,0
2026-05-26,Morocco,Burundi,5,0,Friendly,Salé,Morocco,False,2026-04-01,8,1755.87,2026-04-01,142,1078.01,134,677.8599999999999,1,0
2026-05-28,Egypt,Russia,1,0,Friendly,Cairo,Egypt,False,2026-04-01,29,1563.24,2026-04-01,36,1525.6,7,37.6400000000001,1,0
2026-05-28,Republic of Ireland,Qatar,1,0,Friendly,Dublin,Republic of Ireland,False,2024-09-19,62,1394.63,2026-04-01,55,1454.96,-7,-60.32999999999993,1,0
2026-05-29,Andorra,Iraq,0,1,Friendly,Girona,Spain,True,2026-04-01,173,945.34,2026-04-01,57.0,1447.14,-116.0,-501.80000000000007,0,0
2026-05-29,Bosnia and Herzegovina,North Macedonia,0,0,Friendly,Sarajevo,Bosnia and Herzegovina,False,2026-04-01,65,1385.84,2026-04-01,67,1372.04,2,13.799999999999955,0,1
2026-05-29,Iran,Gambia,3,1,Friendly,Aksu,Turkey,True,2026-04-01,21,1615.3,2026-04-01,116,1160.38,95,454.91999999999985,1,0
2026-05-29,South Africa,Nicaragua,0,0,Friendly,Johannesburg,South Africa,False,2026-04-01,60,1429.73,2026-04-01,131,1115.13,71,314.5999999999999,0,1
2026-05-30,Ecuador,Saudi Arabia,2,1,Friendly,Harrison,United States,True,2026-04-01,23,1594.78,2026-04-01,61,1421.43,38,173.3499999999999,1,0
2026-05-30,Mexico,Australia,1,0,Friendly,Pasadena,United States,True,2026-04-01,15,1681.03,2026-04-01,27,1580.67,12,100.3599999999999,1,0
2026-05-30,Scotland,Curaçao,4,1,Friendly,Glasgow,Scotland,False,2026-04-01,43,1498.35,,,,,,1,0
2026-05-30,South Korea,Trinidad and Tobago,5,0,Friendly,Provo,United States,True,2026-04-01,25,1588.66,2026-04-01,102.0,1222.94,77.0,365.72,1,0
2026-05-31,Brazil,Panama,6,2,Friendly,Rio de Janeiro,Brazil,False,2026-04-01,6,1761.16,2026-04-01,33,1540.64,27,220.51999999999998,1,0
2026-05-31,Cape Verde,Serbia,3,0,Friendly,Lisbon,Portugal,True,2026-04-01,69.0,1366.13,2026-04-01,39.0,1508.65,-30.0,-142.51999999999998,1,0
2026-05-31,Czech Republic,Kosovo,2,1,Friendly,Prague,Czech Republic,False,2026-04-01,41,1501.38,2026-04-01,78,1318.83,37,182.55000000000018,1,0
2026-05-31,Germany,Finland,4,0,Friendly,Mainz,Germany,False,2026-04-01,10,1730.37,2026-04-01,73,1346.41,63,383.9599999999998,1,0
2026-05-31,Japan,Iceland,1,0,Friendly,Tokyo,Japan,False,2026-04-01,18,1660.43,2026-04-01,75,1345.07,57,315.3600000000001,1,0
2026-05-31,Switzerland,Jordan,4,1,Friendly,St. Gallen,Switzerland,False,2026-04-01,19,1649.4,2026-04-01,63,1391.45,44,257.95000000000005,1,0
2026-05-31,United States,Senegal,3,2,Friendly,Charlotte,United States,False,2026-04-01,16.0,1673.13,2026-04-01,14,1688.99,-2.0,-15.8599999999999,1,0
2026-06-01,Austria,Tunisia,1,0,Friendly,Vienna,Austria,False,2026-04-01,24,1593.45,2026-04-01,44,1483.05,20,110.40000000000009,1,0
2026-06-01,Canada,Uzbekistan,2,0,Friendly,Edmonton,Canada,False,2026-04-01,30,1556.48,2026-04-01,50.0,1465.34,20.0,91.1400000000001,1,0
2026-06-01,Colombia,Costa Rica,3,1,Friendly,Bogota,Colombia,False,2026-04-01,13,1693.09,2026-04-01,51,1459.9,38,233.18999999999983,1,0
2026-06-01,Norway,Sweden,3,1,Friendly,Oslo,Norway,False,2026-04-01,31,1550.94,2026-04-01,38,1514.77,7,36.17000000000007,1,0
2026-06-01,Turkey,North Macedonia,4,0,Friendly,Istanbul,Turkey,False,2026-04-01,22.0,1599.04,2026-04-01,67,1372.04,45.0,227.0,1,0
2026-06-02,Croatia,Belgium,0,2,Friendly,Rijeka,Croatia,False,2026-04-01,11,1717.07,2026-04-01,9,1734.71,-2,-17.6400000000001,0,0
2026-06-02,Haiti,New Zealand,4,0,Friendly,Fort Lauderdale,United States,True,2026-04-01,83,1291.71,2026-04-01,85,1281.57,2,10.1400000000001,1,0
2026-06-02,Morocco,Madagascar,4,0,Friendly,Rabat,Morocco,False,2026-04-01,8,1755.87,2026-04-01,104,1203.76,96,552.1099999999999,1,0
2026-06-02,Wales,Ghana,1,1,Friendly,Cardiff,Wales,False,2026-04-01,37,1524.29,2026-04-01,74,1346.31,37,177.98000000000002,0,1
2026-06-03,DR Congo,Denmark,0,0,Friendly,Liège,Belgium,True,2026-04-01,46,1478.35,2026-04-01,20,1620.81,-26,-142.46000000000004,0,1
2026-06-03,Netherlands,Algeria,0,1,Friendly,Rotterdam,Netherlands,False,2026-04-01,7,1757.87,2026-04-01,28,1564.26,21,193.6099999999999,0,0
2026-06-03,Panama,Dominican Republic,4,2,Friendly,Panama City,Panama,False,2026-04-01,33.0,1540.64,2026-04-01,143,1077.95,110.0,462.69000000000005,1,0
2026-06-03,South Korea,El Salvador,1,0,Friendly,Provo,United States,True,2026-04-01,25,1588.66,2026-04-01,100,1225.26,75,363.4000000000001,1,0
2026-06-04,France,Ivory Coast,1,2,Friendly,Nantes,France,False,2026-04-01,1,1877.32,2026-04-01,34.0,1532.98,33.0,344.3399999999999,0,0
2026-06-04,Guatemala,Czech Republic,1,5,Friendly,Harrison,United States,True,2026-04-01,96,1243.47,2026-04-01,41,1501.38,-55,-257.9100000000001,0,0
2026-06-04,Iran,Mali,2,0,Friendly,Antalya,Turkey,True,2026-04-01,21,1615.3,2026-04-01,52,1459.13,31,156.16999999999985,1,0
2026-06-04,Mexico,Serbia,5,1,Friendly,Toluca,Mexico,False,2026-04-01,15,1681.03,2026-04-01,39.0,1508.65,24.0,172.37999999999988,1,0
2026-06-04,Spain,Iraq,1,1,Friendly,La Coruna,Spain,False,2026-04-01,2,1876.4,2026-04-01,57.0,1447.14,55.0,429.26,0,1
2026-06-04,Sweden,Greece,2,2,Friendly,Solna,Sweden,False,2026-04-01,38,1514.77,2026-04-01,47,1475.82,9,38.950000000000045,0,1
2026-06-05,Canada,Republic of Ireland,1,1,Friendly,Montreal,Canada,False,2026-04-01,30,1556.48,2024-09-19,62,1394.63,32,161.8499999999999,0,1
2026-06-05,Haiti,Peru,1,2,Friendly,Miami,United States,True,2026-04-01,83,1291.71,2026-04-01,53,1455.87,-30,-164.15999999999985,0,0
2026-06-05,Paraguay,Nicaragua,4,0,Friendly,Asunción,Paraguay,False,2026-04-01,40,1503.5,2026-04-01,131,1115.13,91,388.3699999999999,1,0
2026-06-05,Puerto Rico,Saudi Arabia,0,3,Friendly,Austin,United States,True,2026-04-01,156,1026.11,2026-04-01,61,1421.43,-95,-395.32000000000016,0,0
2026-06-06,Argentina,Honduras,2,0,Friendly,College Station,United States,True,2026-04-01,3,1874.81,2026-04-01,66,1380.27,63,494.53999999999996,1,0
2026-06-06,Australia,Switzerland,1,1,Friendly,San Diego,United States,True,2026-04-01,27,1580.67,2026-04-01,19,1649.4,-8,-68.73000000000002,0,1
2026-06-06,Belgium,Tunisia,5,0,Friendly,Brussels,Belgium,False,2026-04-01,9,1734.71,2026-04-01,44,1483.05,35,251.66000000000008,1,0
2026-06-06,Bermuda,Cape Verde,3,0,Friendly,East Hartford,United States,True,2026-04-01,166,976.87,2026-04-01,69.0,1366.13,-97.0,-389.2600000000001,1,0
2026-06-06,Bolivia,Scotland,0,4,Friendly,Harrison,United States,True,2026-04-01,76,1329.42,2026-04-01,43,1498.35,-33,-168.92999999999984,0,0
2026-06-06,Brazil,Egypt,2,1,Friendly,Cleveland,United States,True,2026-04-01,6,1761.16,2026-04-01,29,1563.24,23,197.92000000000007,1,0
2026-06-06,Curaçao,Aruba,4,0,Friendly,Willemstad,Curaçao,False,,,,2026-04-01,189,877.3,,,1,0
2026-06-06,England,New Zealand,1,0,Friendly,Tampa,United States,True,2026-04-01,4,1825.97,2026-04-01,85,1281.57,81,544.4000000000001,1,0
2026-06-06,Jamaica,South Africa,0,1,Friendly,Pachua,Mexico,True,2026-04-01,71,1358.0,2026-04-01,60,1429.73,-11,-71.73000000000002,0,0
2026-06-06,Panama,Bosnia and Herzegovina,1,1,Friendly,St Louis,United States,True,2026-04-01,33.0,1540.64,2026-04-01,65,1385.84,32.0,154.80000000000018,0,1
2026-06-06,Portugal,Chile,2,1,Friendly,Oeiras,Portugal,False,2026-04-01,5,1763.83,2026-04-01,54,1455.28,49,308.54999999999995,1,0
2026-06-06,Qatar,El Salvador,0,0,Friendly,Los Angeles,United States,True,2026-04-01,55,1454.96,2026-04-01,100,1225.26,45,229.70000000000005,0,1
2026-06-06,United States,Germany,1,2,Friendly,Chicago,United States,False,2026-04-01,16.0,1673.13,2026-04-01,10,1730.37,-6.0,-57.23999999999978,0,0
2026-06-06,Venezuela,Turkey,1,2,Friendly,Fort Lauderdale,United States,True,2026-04-01,49,1468.05,2026-04-01,22.0,1599.04,-27.0,-130.99,0,0
2026-06-07,Croatia,Slovenia,2,1,Friendly,Varaždin,Croatia,False,2026-04-01,11,1717.07,2026-04-01,58,1446.44,47,270.6299999999999,1,0
2026-06-07,Ecuador,Guatemala,3,0,Friendly,Columbus,United States,True,2026-04-01,23,1594.78,2026-04-01,96,1243.47,73,351.30999999999995,1,0
2026-06-07,Jordan,Colombia,0,2,Friendly,San Diego,United States,True,2026-04-01,63.0,1391.45,2026-04-01,13,1693.09,-50.0,-301.6399999999999,0,0
2026-06-07,Morocco,Norway,1,1,Friendly,Harrison,United States,True,2026-04-01,8,1755.87,2026-04-01,31,1550.94,23,204.92999999999984,0,1
