date,home_team,away_team,home_score,away_score,tournament,city,country,neutral
2021-01-12,United Arab Emirates,Iraq,0,0,Friendly,Dubai,United Arab Emirates,FALSE
2021-01-27,Iraq,Kuwait,2,1,Friendly,Basra,Iraq,FALSE
2021-01-28,Panama,Serbia,0,0,Friendly,Panama City,Panama,FALSE
2021-01-31,United States,Trinidad and Tobago,7,0,Friendly,Orlando,United States,FALSE
2021-02-01,Jordan,Tajikistan,2,0,Friendly,Dubai,United Arab Emirates,TRUE
2021-02-05,Jordan,Tajikistan,0,1,Friendly,Dubai,United Arab Emirates,TRUE
2021-02-15,Jordan,Uzbekistan,0,2,Friendly,Dubai,United Arab Emirates,TRUE
2021-03-20,Oman,Jordan,0,0,Friendly,Dubai,United Arab Emirates,TRUE
2021-03-24,Belgium,Wales,3,1,FIFA World Cup qualification,Leuven,Belgium,FALSE
2021-03-24,Estonia,Czech Republic,2,6,FIFA World Cup qualification,Lublin,Poland,TRUE
2021-03-24,Finland,Bosnia and Herzegovina,2,2,FIFA World Cup qualification,Helsinki,Finland,FALSE
2021-03-24,France,Ukraine,1,1,FIFA World Cup qualification,Paris,France,FALSE
2021-03-24,Gibraltar,Norway,0,3,FIFA World Cup qualification,Gibraltar,Gibraltar,FALSE
2021-03-24,Jordan,Lebanon,1,0,Friendly,Dubai,United Arab Emirates,TRUE
2021-03-24,Portugal,Azerbaijan,1,0,FIFA World Cup qualification,Turin,Italy,TRUE
2021-03-24,Qatar,Luxembourg,1,0,Friendly,Debrecen,Hungary,TRUE
2021-03-24,Slovenia,Croatia,1,0,FIFA World Cup qualification,Ljubljana,Slovenia,FALSE
2021-03-24,Turkey,Netherlands,4,2,FIFA World Cup qualification,Istanbul,Turkey,FALSE
2021-03-25,Bulgaria,Switzerland,1,3,FIFA World Cup qualification,Sofia,Bulgaria,FALSE
2021-03-25,Canada,Bermuda,5,1,FIFA World Cup qualification,Orlando,United States,TRUE
2021-03-25,Curaçao,Saint Vincent and the Grenadines,5,0,FIFA World Cup qualification,Willemstad,Curaçao,FALSE
2021-03-25,England,San Marino,5,0,FIFA World Cup qualification,London,England,FALSE
2021-03-25,Gabon,DR Congo,3,0,African Cup of Nations qualification,Franceville,Gabon,FALSE
2021-03-25,Germany,Iceland,3,0,FIFA World Cup qualification,Duisburg,Germany,FALSE
2021-03-25,Haiti,Belize,2,0,FIFA World Cup qualification,Port-au-Prince,Haiti,FALSE
2021-03-25,Japan,South Korea,3,0,Friendly,Yokohama,Japan,FALSE
2021-03-25,Kenya,Egypt,1,1,African Cup of Nations qualification,Nairobi,Kenya,FALSE
2021-03-25,Libya,Tunisia,2,5,African Cup of Nations qualification,Benina,Libya,FALSE
2021-03-25,Panama,Barbados,1,0,FIFA World Cup qualification,Santo Domingo,Dominican Republic,TRUE
2021-03-25,Saudi Arabia,Kuwait,1,0,Friendly,Riyadh,Saudi Arabia,FALSE
2021-03-25,Scotland,Austria,2,2,FIFA World Cup qualification,Glasgow,Scotland,FALSE
2021-03-25,South Africa,Ghana,1,1,African Cup of Nations qualification,Johannesburg,South Africa,FALSE
2021-03-25,Spain,Greece,1,1,FIFA World Cup qualification,Granada,Spain,FALSE
2021-03-25,Sweden,Georgia,1,0,FIFA World Cup qualification,Stockholm,Sweden,FALSE
2021-03-25,United States,Jamaica,4,1,Friendly,Wiener Neustadt,Austria,TRUE
2021-03-25,Zambia,Algeria,3,3,African Cup of Nations qualification,Lusaka,Zambia,FALSE
2021-03-26,Cape Verde,Cameroon,3,1,African Cup of Nations qualification,Praia,Cape Verde,FALSE
2021-03-26,Congo,Senegal,0,0,African Cup of Nations qualification,Brazzaville,Congo,FALSE
2021-03-26,Mauritania,Morocco,0,0,African Cup of Nations qualification,Nouakchott,Mauritania,FALSE
2021-03-26,Niger,Ivory Coast,0,3,African Cup of Nations qualification,Lomé,Togo,TRUE
2021-03-27,Bosnia and Herzegovina,Costa Rica,0,0,Friendly,Zenica,Bosnia and Herzegovina,FALSE
2021-03-27,Croatia,Cyprus,1,0,FIFA World Cup qualification,Rijeka,Croatia,FALSE
2021-03-27,Czech Republic,Belgium,1,1,FIFA World Cup qualification,Prague,Czech Republic,FALSE
2021-03-27,Netherlands,Latvia,2,0,FIFA World Cup qualification,Amsterdam,Netherlands,FALSE
2021-03-27,Norway,Turkey,0,3,FIFA World Cup qualification,Málaga,Spain,TRUE
2021-03-27,Qatar,Azerbaijan,2,1,Friendly,Debrecen,Hungary,TRUE
2021-03-27,Serbia,Portugal,2,2,FIFA World Cup qualification,Belgrade,Serbia,FALSE
2021-03-27,Wales,Mexico,1,0,Friendly,Cardiff,Wales,FALSE
2021-03-28,Albania,England,0,2,FIFA World Cup qualification,Tirana,Albania,FALSE
2021-03-28,Austria,Faroe Islands,3,1,FIFA World Cup qualification,Vienna,Austria,FALSE
2021-03-28,Cuba,Curaçao,1,2,FIFA World Cup qualification,Guatemala City,Guatemala,TRUE
2021-03-28,Dominica,Panama,1,2,FIFA World Cup qualification,Santo Domingo,Dominican Republic,TRUE
2021-03-28,Georgia,Spain,1,2,FIFA World Cup qualification,Tbilisi,Georgia,FALSE
2021-03-28,Ghana,São Tomé and Príncipe,3,1,African Cup of Nations qualification,Cape Coast,Ghana,FALSE
2021-03-28,Israel,Scotland,1,1,FIFA World Cup qualification,Tel Aviv,Israel,FALSE
2021-03-28,Kazakhstan,France,0,2,FIFA World Cup qualification,Nur-Sultan,Kazakhstan,FALSE
2021-03-28,Kosovo,Sweden,0,3,FIFA World Cup qualification,Pristina,Kosovo,FALSE
2021-03-28,Northern Ireland,United States,1,2,Friendly,Belfast,Northern Ireland,FALSE
2021-03-28,Romania,Germany,0,1,FIFA World Cup qualification,Bucharest,Romania,FALSE
2021-03-28,Sudan,South Africa,2,0,African Cup of Nations qualification,Omdurman,Sudan,FALSE
2021-03-28,Switzerland,Lithuania,1,0,FIFA World Cup qualification,St. Gallen,Switzerland,FALSE
2021-03-28,Tunisia,Equatorial Guinea,2,1,African Cup of Nations qualification,Radès,Tunisia,FALSE
2021-03-29,Algeria,Botswana,5,0,African Cup of Nations qualification,Algiers,Algeria,FALSE
2021-03-29,Cayman Islands,Canada,0,11,FIFA World Cup qualification,Bradenton,United States,TRUE
2021-03-29,DR Congo,Gambia,1,0,African Cup of Nations qualification,Kinshasa,DR Congo,FALSE
2021-03-29,Ecuador,Bolivia,2,1,Friendly,Guayaquil,Ecuador,FALSE
2021-03-29,Egypt,Comoros,4,0,African Cup of Nations qualification,Cairo,Egypt,FALSE
2021-03-29,Uzbekistan,Iraq,0,1,Friendly,Tashkent,Uzbekistan,FALSE
2021-03-30,Bahrain,Jordan,1,2,Friendly,Riffa,Bahrain,FALSE
2021-03-30,Belgium,Belarus,8,0,FIFA World Cup qualification,Leuven,Belgium,FALSE
2021-03-30,Costa Rica,Mexico,0,1,Friendly,Wiener Neustadt,Austria,TRUE
2021-03-30,Croatia,Malta,3,0,FIFA World Cup qualification,Rijeka,Croatia,FALSE
2021-03-30,Gibraltar,Netherlands,0,7,FIFA World Cup qualification,Gibraltar,Gibraltar,FALSE
2021-03-30,Iran,Syria,3,0,Friendly,Tehran,Iran,FALSE
2021-03-30,Ivory Coast,Ethiopia,3,1,African Cup of Nations qualification,Abidjan,Ivory Coast,FALSE
2021-03-30,Japan,Mongolia,14,0,FIFA World Cup qualification,Chiba,Japan,FALSE
2021-03-30,Luxembourg,Portugal,1,3,FIFA World Cup qualification,Luxembourg,Luxembourg,FALSE
2021-03-30,Montenegro,Norway,0,1,FIFA World Cup qualification,Podgorica,Montenegro,FALSE
2021-03-30,Morocco,Burundi,1,0,African Cup of Nations qualification,Rabat,Morocco,FALSE
2021-03-30,Mozambique,Cape Verde,0,1,African Cup of Nations qualification,Maputo,Mozambique,FALSE
2021-03-30,Republic of Ireland,Qatar,1,1,Friendly,Debrecen,Hungary,TRUE
2021-03-30,Saudi Arabia,Palestine,5,0,FIFA World Cup qualification,Riyadh,Saudi Arabia,FALSE
2021-03-30,Senegal,Eswatini,1,1,African Cup of Nations qualification,Thiès,Senegal,FALSE
2021-03-30,Turkey,Latvia,3,3,FIFA World Cup qualification,Istanbul,Turkey,FALSE
2021-03-30,Wales,Czech Republic,1,0,FIFA World Cup qualification,Cardiff,Wales,FALSE
2021-03-31,Austria,Denmark,0,4,FIFA World Cup qualification,Vienna,Austria,FALSE
2021-03-31,Bosnia and Herzegovina,France,0,1,FIFA World Cup qualification,Sarajevo,Bosnia and Herzegovina,FALSE
2021-03-31,England,Poland,2,1,FIFA World Cup qualification,London,England,FALSE
2021-03-31,Germany,North Macedonia,1,2,FIFA World Cup qualification,Duisburg,Germany,FALSE
2021-03-31,Scotland,Faroe Islands,4,0,FIFA World Cup qualification,Glasgow,Scotland,FALSE
2021-03-31,Spain,Kosovo,3,1,FIFA World Cup qualification,Seville,Spain,FALSE
2021-03-31,Sweden,Estonia,1,0,Friendly,Stockholm,Sweden,FALSE
2021-03-31,Switzerland,Finland,3,2,Friendly,St. Gallen,Switzerland,FALSE
2021-05-24,Iraq,Tajikistan,0,0,Friendly,Basra,Iraq,FALSE
2021-05-24,United Arab Emirates,Jordan,5,1,Friendly,Dubai,United Arab Emirates,FALSE
2021-05-27,Turkey,Azerbaijan,2,1,Friendly,Alanya,Turkey,FALSE
2021-05-28,Japan,Myanmar,10,0,FIFA World Cup qualification,Chiba,Japan,FALSE
2021-05-29,Iraq,Nepal,6,2,Friendly,Basra,Iraq,FALSE
2021-05-29,Mexico,Iceland,2,1,Friendly,Arlington,United States,TRUE
2021-05-29,Sweden,Finland,2,0,Friendly,Stockholm,Sweden,FALSE
2021-05-30,Switzerland,United States,2,1,Friendly,St. Gallen,Switzerland,FALSE
2021-05-31,Jordan,Vietnam,1,1,Friendly,Sharjah,United Arab Emirates,TRUE
2021-05-31,Turkey,Guinea,0,0,Friendly,Antalya,Turkey,FALSE
2021-06-01,Croatia,Armenia,1,1,Friendly,Velika Gorica,Croatia,FALSE
2021-06-02,Bosnia and Herzegovina,Montenegro,0,0,Friendly,Sarajevo,Bosnia and Herzegovina,FALSE
2021-06-02,England,Austria,1,0,Friendly,London,England,FALSE
2021-06-02,France,Wales,3,0,Friendly,Nice,France,FALSE
2021-06-02,Germany,Denmark,1,1,Friendly,Innsbruck,Austria,TRUE
2021-06-02,Netherlands,Scotland,2,2,Friendly,São João da Venda,Portugal,TRUE
2021-06-02,Norway,Luxembourg,1,0,Friendly,Málaga,Spain,TRUE
2021-06-03,Algeria,Mauritania,4,1,Friendly,Blida,Algeria,FALSE
2021-06-03,Argentina,Chile,1,1,FIFA World Cup qualification,Santiago del Estero,Argentina,FALSE
2021-06-03,Belgium,Greece,1,1,Friendly,Brussels,Belgium,FALSE
2021-06-03,Iran,Hong Kong,3,1,FIFA World Cup qualification,Arad,Iran,FALSE
2021-06-03,Kuwait,Australia,0,3,FIFA World Cup qualification,Kuwait City,Kuwait,FALSE
2021-06-03,Mexico,Costa Rica,0,0,CONCACAF Nations League,Denver,United States,TRUE
2021-06-03,Peru,Colombia,0,3,FIFA World Cup qualification,Lima,Peru,FALSE
2021-06-03,Qatar,India,1,0,FIFA World Cup qualification,Doha,Qatar,FALSE
2021-06-03,Switzerland,Liechtenstein,7,0,Friendly,St. Gallen,Switzerland,FALSE
2021-06-03,Turkey,Moldova,2,0,Friendly,Paderborn,Germany,TRUE
2021-06-03,United States,Honduras,1,0,CONCACAF Nations League,Denver,United States,FALSE
2021-06-03,Uruguay,Paraguay,0,0,FIFA World Cup qualification,Montevideo,Uruguay,FALSE
2021-06-04,Brazil,Ecuador,2,0,FIFA World Cup qualification,Porto Alegre,Brazil,FALSE
2021-06-04,Italy,Czech Republic,4,0,Friendly,Bologna,Italy,FALSE
2021-06-04,Spain,Portugal,0,0,Friendly,Madrid,Spain,FALSE
2021-06-05,Aruba,Canada,0,7,FIFA World Cup qualification,Bradenton,United States,TRUE
2021-06-05,British Virgin Islands,Curaçao,0,8,FIFA World Cup qualification,Guatemala City,Guatemala,TRUE
2021-06-05,Ivory Coast,Burkina Faso,2,1,Friendly,Abidjan,Ivory Coast,FALSE
2021-06-05,Panama,Anguilla,13,0,FIFA World Cup qualification,Panama City,Panama,FALSE
2021-06-05,Saudi Arabia,Yemen,3,0,FIFA World Cup qualification,Riyadh,Saudi Arabia,FALSE
2021-06-05,Senegal,Zambia,3,1,Friendly,Thiès,Senegal,FALSE
2021-06-05,South Korea,Turkmenistan,5,0,FIFA World Cup qualification,Goyang,South Korea,FALSE
2021-06-05,Sweden,Armenia,3,1,Friendly,Stockholm,Sweden,FALSE
2021-06-05,Tunisia,DR Congo,1,0,Friendly,Radès,Tunisia,FALSE
2021-06-05,Turks and Caicos Islands,Haiti,0,10,FIFA World Cup qualification,Providenciales,Turks and Caicos Islands,FALSE
2021-06-06,Algeria,Mali,1,0,Friendly,Blida,Algeria,FALSE
2021-06-06,Austria,Slovakia,0,0,Friendly,Vienna,Austria,FALSE
2021-06-06,Belgium,Croatia,1,0,Friendly,Brussels,Belgium,FALSE
2021-06-06,Denmark,Bosnia and Herzegovina,2,0,Friendly,Brondbyvester,Denmark,FALSE
2021-06-06,England,Romania,1,0,Friendly,London,England,FALSE
2021-06-06,Luxembourg,Scotland,0,1,Friendly,Luxembourg,Luxembourg,FALSE
2021-06-06,Netherlands,Georgia,3,0,Friendly,Enschede,Netherlands,FALSE
2021-06-06,Norway,Greece,1,2,Friendly,Málaga,Spain,TRUE
2021-06-06,United States,Mexico,3,2,CONCACAF Nations League,Denver,United States,FALSE
2021-06-07,Australia,Taiwan,5,1,FIFA World Cup qualification,Kuwait City,Kuwait,TRUE
2021-06-07,Bahrain,Iran,0,3,FIFA World Cup qualification,Riffa,Bahrain,FALSE
2021-06-07,Germany,Latvia,7,1,Friendly,Düsseldorf,Germany,FALSE
2021-06-07,Iraq,Cambodia,4,1,FIFA World Cup qualification,Arad,Iran,TRUE
2021-06-07,Japan,Tajikistan,4,1,FIFA World Cup qualification,Suita,Japan,FALSE
2021-06-07,Nepal,Jordan,0,3,FIFA World Cup qualification,Kuwait City,Kuwait,TRUE
2021-06-07,Qatar,Oman,1,0,FIFA World Cup qualification,Doha,Qatar,FALSE
2021-06-07,Uzbekistan,Singapore,5,0,FIFA World Cup qualification,Riyadh,Saudi Arabia,TRUE
2021-06-08,Canada,Suriname,4,0,FIFA World Cup qualification,Bridgeview,United States,TRUE
2021-06-08,Colombia,Argentina,2,2,FIFA World Cup qualification,Barranquilla,Colombia,FALSE
2021-06-08,Curaçao,Guatemala,0,0,FIFA World Cup qualification,Willemstad,Curaçao,FALSE
2021-06-08,Czech Republic,Albania,3,1,Friendly,Prague,Czech Republic,FALSE
2021-06-08,Ecuador,Peru,1,2,FIFA World Cup qualification,Quito,Ecuador,FALSE
2021-06-08,France,Bulgaria,3,0,Friendly,Paris,France,FALSE
2021-06-08,Haiti,Nicaragua,1,0,FIFA World Cup qualification,Port-au-Prince,Haiti,FALSE
2021-06-08,Morocco,Ghana,1,0,Friendly,Rabat,Morocco,FALSE
2021-06-08,Panama,Dominican Republic,3,0,FIFA World Cup qualification,Panama City,Panama,FALSE
2021-06-08,Paraguay,Brazil,0,2,FIFA World Cup qualification,Asunción,Paraguay,FALSE
2021-06-08,Senegal,Cape Verde,2,0,Friendly,Thiès,Senegal,FALSE
2021-06-08,Spain,Lithuania,4,0,Friendly,Leganés,Spain,FALSE
2021-06-08,Venezuela,Uruguay,0,0,FIFA World Cup qualification,Caracas,Venezuela,FALSE
2021-06-09,Portugal,Israel,4,0,Friendly,Lisbon,Portugal,FALSE
2021-06-09,South Korea,Sri Lanka,5,0,FIFA World Cup qualification,Goyang,South Korea,FALSE
2021-06-09,United States,Costa Rica,4,0,Friendly,Sandy,United States,FALSE
2021-06-10,South Africa,Uganda,3,2,Friendly,Johannesburg,South Africa,FALSE
2021-06-11,Cambodia,Iran,0,10,FIFA World Cup qualification,Isa Town,Bahrain,TRUE
2021-06-11,DR Congo,Mali,1,1,Friendly,Radès,Tunisia,TRUE
2021-06-11,Hong Kong,Iraq,0,1,FIFA World Cup qualification,Arad,Iran,TRUE
2021-06-11,Italy,Turkey,3,0,UEFA Euro,Rome,Italy,FALSE
2021-06-11,Japan,Serbia,1,0,Kirin Challenge Cup,Kobe,Japan,FALSE
2021-06-11,Kuwait,Jordan,0,0,FIFA World Cup qualification,Kuwait City,Kuwait,FALSE
2021-06-11,Nepal,Australia,0,3,FIFA World Cup qualification,Kuwait City,Kuwait,TRUE
2021-06-11,Saudi Arabia,Singapore,3,0,FIFA World Cup qualification,Riyadh,Saudi Arabia,FALSE
2021-06-11,Tunisia,Algeria,0,2,Friendly,Radès,Tunisia,FALSE
2021-06-11,Yemen,Uzbekistan,0,1,FIFA World Cup qualification,Riyadh,Saudi Arabia,TRUE
2021-06-12,Ghana,Ivory Coast,0,0,Friendly,Cape Coast,Ghana,FALSE
2021-06-12,Haiti,Canada,0,1,FIFA World Cup qualification,Port-au-Prince,Haiti,FALSE
2021-06-12,Mexico,Honduras,0,0,Friendly,Atlanta,United States,TRUE
2021-06-12,Morocco,Burkina Faso,1,0,Friendly,Rabat,Morocco,FALSE
2021-06-12,Panama,Curaçao,2,1,FIFA World Cup qualification,Panama City,Panama,FALSE
2021-06-12,Russia,Belgium,0,3,UEFA Euro,Saint Petersburg,Russia,FALSE
2021-06-12,Wales,Switzerland,1,1,UEFA Euro,Cardiff,Wales,FALSE
2021-06-13,Austria,North Macedonia,3,1,UEFA Euro,Bucharest,Romania,TRUE
2021-06-13,Brazil,Venezuela,3,0,Copa América,Brasília,Brazil,FALSE
2021-06-13,Colombia,Ecuador,1,0,Copa América,Cuiabá,Brazil,TRUE
2021-06-13,England,Croatia,1,0,UEFA Euro,London,England,FALSE
2021-06-13,Netherlands,Ukraine,3,2,UEFA Euro,Amsterdam,Netherlands,FALSE
2021-06-13,South Korea,Lebanon,2,1,FIFA World Cup qualification,Goyang,South Korea,FALSE
2021-06-14,Argentina,Chile,1,1,Copa América,Rio de Janeiro,Brazil,TRUE
2021-06-14,Paraguay,Bolivia,3,1,Copa América,Goiânia,Brazil,TRUE
2021-06-14,Scotland,Czech Republic,0,2,UEFA Euro,Glasgow,Scotland,FALSE
2021-06-14,Spain,Sweden,0,0,UEFA Euro,Seville,Spain,FALSE
2021-06-15,Australia,Jordan,1,0,FIFA World Cup qualification,Kuwait City,Kuwait,TRUE
2021-06-15,Canada,Haiti,3,0,FIFA World Cup qualification,Bridgeview,United States,TRUE
2021-06-15,Curaçao,Panama,0,0,FIFA World Cup qualification,Willemstad,Curaçao,FALSE
2021-06-15,Germany,France,0,1,UEFA Euro,Munich,Germany,FALSE
2021-06-15,Hungary,Portugal,0,3,UEFA Euro,Budapest,Hungary,FALSE
2021-06-15,Iran,Iraq,1,0,FIFA World Cup qualification,Arad,Iran,FALSE
2021-06-15,Japan,Kyrgyzstan,5,1,FIFA World Cup qualification,Suita,Japan,FALSE
2021-06-15,Saudi Arabia,Uzbekistan,3,0,FIFA World Cup qualification,Riyadh,Saudi Arabia,FALSE
2021-06-15,Tunisia,Mali,1,0,Friendly,Radès,Tunisia,FALSE
2021-06-16,Italy,Switzerland,3,0,UEFA Euro,Rome,Italy,FALSE
2021-06-16,Turkey,Wales,0,2,UEFA Euro,Baku,Azerbaijan,TRUE
2021-06-17,Algeria,Liberia,5,1,Friendly,Oran,Algeria,FALSE
2021-06-17,Brazil,Peru,4,0,Copa América,Rio de Janeiro,Brazil,FALSE
2021-06-17,Colombia,Venezuela,0,0,Copa América,Goiânia,Brazil,TRUE
2021-06-17,Denmark,Belgium,1,2,UEFA Euro,Copenhagen,Denmark,FALSE
2021-06-17,Netherlands,Austria,2,0,UEFA Euro,Amsterdam,Netherlands,FALSE
2021-06-18,Argentina,Uruguay,1,0,Copa América,Brasília,Brazil,TRUE
2021-06-18,Croatia,Czech Republic,1,1,UEFA Euro,Glasgow,Scotland,TRUE
2021-06-18,England,Scotland,0,0,UEFA Euro,London,England,FALSE
2021-06-18,Sweden,Slovakia,1,0,UEFA Euro,Saint Petersburg,Russia,TRUE
2021-06-19,Germany,Portugal,4,2,UEFA Euro,Munich,Germany,FALSE
2021-06-19,Hungary,France,1,1,UEFA Euro,Budapest,Hungary,FALSE
2021-06-19,Spain,Poland,1,1,UEFA Euro,Seville,Spain,FALSE
2021-06-20,Colombia,Peru,1,2,Copa América,Goiânia,Brazil,TRUE
2021-06-20,Switzerland,Turkey,3,1,UEFA Euro,Baku,Azerbaijan,TRUE
2021-06-20,Venezuela,Ecuador,2,2,Copa América,Rio de Janeiro,Brazil,TRUE
2021-06-21,Argentina,Paraguay,1,0,Copa América,Brasília,Brazil,TRUE
2021-06-21,Finland,Belgium,0,2,UEFA Euro,Saint Petersburg,Russia,TRUE
2021-06-21,Netherlands,North Macedonia,3,0,UEFA Euro,Amsterdam,Netherlands,FALSE
2021-06-21,Ukraine,Austria,0,1,UEFA Euro,Bucharest,Romania,TRUE
2021-06-21,Uruguay,Chile,1,1,Copa América,Cuiabá,Brazil,TRUE
2021-06-22,England,Czech Republic,1,0,UEFA Euro,London,England,FALSE
2021-06-22,Scotland,Croatia,1,3,UEFA Euro,Glasgow,Scotland,FALSE
2021-06-23,Brazil,Colombia,2,1,Copa América,Rio de Janeiro,Brazil,FALSE
2021-06-23,Ecuador,Peru,2,2,Copa América,Goiânia,Brazil,TRUE
2021-06-23,Germany,Hungary,2,2,UEFA Euro,Munich,Germany,FALSE
2021-06-23,Portugal,France,2,2,UEFA Euro,Budapest,Hungary,TRUE
2021-06-23,Spain,Slovakia,5,0,UEFA Euro,Seville,Spain,FALSE
2021-06-23,Sweden,Poland,3,2,UEFA Euro,Saint Petersburg,Russia,TRUE
2021-06-24,Bolivia,Uruguay,0,2,Copa América,Cuiabá,Brazil,TRUE
2021-06-24,Chile,Paraguay,0,2,Copa América,Brasília,Brazil,TRUE
2021-06-26,Italy,Austria,2,1,UEFA Euro,London,England,TRUE
2021-06-27,Belgium,Portugal,1,0,UEFA Euro,Seville,Spain,TRUE
2021-06-27,Brazil,Ecuador,1,1,Copa América,Goiânia,Brazil,FALSE
2021-06-27,Netherlands,Czech Republic,0,2,UEFA Euro,Budapest,Hungary,TRUE
2021-06-28,Argentina,Bolivia,4,1,Copa América,Cuiabá,Brazil,TRUE
2021-06-28,Croatia,Spain,3,5,UEFA Euro,Copenhagen,Denmark,TRUE
2021-06-28,France,Switzerland,3,3,UEFA Euro,Bucharest,Romania,TRUE
2021-06-28,Uruguay,Paraguay,1,0,Copa América,Rio de Janeiro,Brazil,TRUE
2021-06-29,England,Germany,2,0,UEFA Euro,London,England,FALSE
2021-06-29,Sweden,Ukraine,1,2,UEFA Euro,Glasgow,Scotland,TRUE
2021-06-30,Mexico,Panama,3,0,Friendly,Nashville,United States,TRUE
2021-07-02,Belgium,Italy,1,2,UEFA Euro,Munich,Germany,TRUE
2021-07-02,Brazil,Chile,1,0,Copa América,Rio de Janeiro,Brazil,FALSE
2021-07-02,Haiti,Saint Vincent and the Grenadines,6,1,Gold Cup qualification,Fort Lauderdale,United States,TRUE
2021-07-02,Peru,Paraguay,3,3,Copa América,Goiânia,Brazil,TRUE
2021-07-02,Switzerland,Spain,1,1,UEFA Euro,Saint Petersburg,Russia,TRUE
2021-07-03,Argentina,Ecuador,3,0,Copa América,Goiânia,Brazil,TRUE
2021-07-03,Czech Republic,Denmark,1,2,UEFA Euro,Baku,Azerbaijan,TRUE
2021-07-03,Mexico,Nigeria,4,0,Friendly,Nashville,United States,TRUE
2021-07-03,Ukraine,England,0,4,UEFA Euro,Rome,Italy,TRUE
2021-07-03,Uruguay,Colombia,0,0,Copa América,Brasília,Brazil,TRUE
2021-07-04,Qatar,El Salvador,1,0,Friendly,Pula,Croatia,TRUE
2021-07-05,Brazil,Peru,1,0,Copa América,Rio de Janeiro,Brazil,FALSE
2021-07-06,Argentina,Colombia,1,1,Copa América,Brasília,Brazil,TRUE
2021-07-06,Haiti,Bermuda,4,1,Gold Cup qualification,Fort Lauderdale,United States,TRUE
2021-07-06,Italy,Spain,1,1,UEFA Euro,London,England,TRUE
2021-07-06,South Africa,Botswana,1,0,COSAFA Cup,Port Elizabeth,South Africa,FALSE
2021-07-07,England,Denmark,2,1,UEFA Euro,London,England,FALSE
2021-07-07,Senegal,Namibia,1,2,COSAFA Cup,Port Elizabeth,South Africa,TRUE
2021-07-08,South Africa,Eswatini,1,0,COSAFA Cup,Port Elizabeth,South Africa,FALSE
2021-07-09,Peru,Colombia,2,3,Copa América,Brasília,Brazil,TRUE
2021-07-09,Senegal,Mozambique,1,0,COSAFA Cup,Port Elizabeth,South Africa,TRUE
2021-07-10,Brazil,Argentina,0,1,Copa América,Rio de Janeiro,Brazil,FALSE
2021-07-10,Mexico,Trinidad and Tobago,0,0,Gold Cup,Arlington,United States,TRUE
2021-07-11,Canada,Martinique,4,1,Gold Cup,Kansas City,United States,TRUE
2021-07-11,England,Italy,1,1,UEFA Euro,London,England,FALSE
2021-07-11,United States,Haiti,1,0,Gold Cup,Kansas City,United States,FALSE
2021-07-13,Qatar,Panama,3,3,Gold Cup,Houston,United States,TRUE
2021-07-13,Senegal,Zimbabwe,2,1,COSAFA Cup,Port Elizabeth,South Africa,TRUE
2021-07-13,South Africa,Lesotho,4,0,COSAFA Cup,Port Elizabeth,South Africa,FALSE
2021-07-14,Guatemala,Mexico,0,3,Gold Cup,Dallas,United States,TRUE
2021-07-14,Senegal,Malawi,2,1,COSAFA Cup,Port Elizabeth,South Africa,TRUE
2021-07-14,South Africa,Zambia,0,0,COSAFA Cup,Port Elizabeth,South Africa,FALSE
2021-07-15,Haiti,Canada,1,4,Gold Cup,Kansas City,United States,TRUE
2021-07-15,United States,Martinique,6,1,Gold Cup,Kansas City,United States,FALSE
2021-07-16,Senegal,Eswatini,2,2,COSAFA Cup,Port Elizabeth,South Africa,TRUE
2021-07-16,South Africa,Mozambique,3,0,COSAFA Cup,Port Elizabeth,South Africa,FALSE
2021-07-17,Grenada,Qatar,0,4,Gold Cup,Houston,United States,TRUE
2021-07-17,Panama,Honduras,2,3,Gold Cup,Houston,United States,TRUE
2021-07-18,Martinique,Haiti,1,2,Gold Cup,Frisco,United States,TRUE
2021-07-18,Mexico,El Salvador,1,0,Gold Cup,Dallas,United States,TRUE
2021-07-18,South Africa,Senegal,0,0,COSAFA Cup,Port Elizabeth,South Africa,FALSE
2021-07-18,United States,Canada,1,0,Gold Cup,Kansas City,United States,FALSE
2021-07-20,Honduras,Qatar,0,2,Gold Cup,Houston,United States,TRUE
2021-07-20,Panama,Grenada,3,1,Gold Cup,Orlando,United States,TRUE
2021-07-24,Mexico,Honduras,3,0,Gold Cup,Glendale,United States,TRUE
2021-07-24,Qatar,El Salvador,3,2,Gold Cup,Glendale,United States,TRUE
2021-07-25,Costa Rica,Canada,0,2,Gold Cup,Arlington,United States,TRUE
2021-07-25,United States,Jamaica,1,0,Gold Cup,Arlington,United States,FALSE
2021-07-29,Mexico,Canada,2,1,Gold Cup,Houston,United States,TRUE
2021-07-29,United States,Qatar,1,0,Gold Cup,Austin,United States,FALSE
2021-08-01,United States,Mexico,1,0,Gold Cup,Las Vegas,United States,FALSE
2021-09-01,Bahrain,Haiti,6,1,Friendly,Riffa,Bahrain,FALSE
2021-09-01,Central African Republic,Cape Verde,1,1,FIFA World Cup qualification,Douala,Cameroon,TRUE
2021-09-01,Denmark,Scotland,2,0,FIFA World Cup qualification,Copenhagen,Denmark,FALSE
2021-09-01,Egypt,Angola,1,0,FIFA World Cup qualification,Cairo,Egypt,FALSE
2021-09-01,France,Bosnia and Herzegovina,1,1,FIFA World Cup qualification,Strasbourg,France,FALSE
2021-09-01,Moldova,Austria,0,2,FIFA World Cup qualification,Chișinău,Moldova,FALSE
2021-09-01,Norway,Netherlands,1,1,FIFA World Cup qualification,Oslo,Norway,FALSE
2021-09-01,Portugal,Republic of Ireland,2,1,FIFA World Cup qualification,Faro-Loulé,Portugal,FALSE
2021-09-01,Qatar,Serbia,0,4,Friendly,Debrecen,Hungary,TRUE
2021-09-01,Russia,Croatia,0,0,FIFA World Cup qualification,Moscow,Russia,FALSE
2021-09-01,Senegal,Togo,2,0,FIFA World Cup qualification,Thiès,Senegal,FALSE
2021-09-01,Switzerland,Greece,2,1,Friendly,Basel,Switzerland,FALSE
2021-09-01,Turkey,Montenegro,2,2,FIFA World Cup qualification,Istanbul,Turkey,FALSE
2021-09-02,Algeria,Djibouti,8,0,FIFA World Cup qualification,Blida,Algeria,FALSE
2021-09-02,Australia,China,3,0,FIFA World Cup qualification,Doha,Qatar,TRUE
2021-09-02,Bolivia,Colombia,1,1,FIFA World Cup qualification,La Paz,Bolivia,FALSE
2021-09-02,Canada,Honduras,1,1,FIFA World Cup qualification,Toronto,Canada,FALSE
2021-09-02,Chile,Brazil,0,1,FIFA World Cup qualification,Santiago,Chile,FALSE
2021-09-02,Czech Republic,Belarus,1,0,FIFA World Cup qualification,Ostrava,Czech Republic,FALSE
2021-09-02,DR Congo,Tanzania,1,1,FIFA World Cup qualification,Lubumbashi,DR Congo,FALSE
2021-09-02,Ecuador,Paraguay,2,0,FIFA World Cup qualification,Quito,Ecuador,FALSE
2021-09-02,El Salvador,United States,0,0,FIFA World Cup qualification,San Salvador,El Salvador,FALSE
2021-09-02,Estonia,Belgium,2,5,FIFA World Cup qualification,Tallinn,Estonia,FALSE
2021-09-02,Hungary,England,0,4,FIFA World Cup qualification,Budapest,Hungary,FALSE
2021-09-02,Iran,Syria,1,0,FIFA World Cup qualification,Tehran,Iran,FALSE
2021-09-02,Japan,Oman,0,1,FIFA World Cup qualification,Suita,Japan,FALSE
2021-09-02,Liechtenstein,Germany,0,2,FIFA World Cup qualification,St. Gallen,Switzerland,TRUE
2021-09-02,Mexico,Jamaica,2,1,FIFA World Cup qualification,Mexico City,Mexico,FALSE
2021-09-02,Morocco,Sudan,2,0,FIFA World Cup qualification,Rabat,Morocco,FALSE
2021-09-02,Panama,Costa Rica,0,0,FIFA World Cup qualification,Panama City,Panama,FALSE
2021-09-02,Peru,Uruguay,1,1,FIFA World Cup qualification,Lima,Peru,FALSE
2021-09-02,Saudi Arabia,Vietnam,3,1,FIFA World Cup qualification,Riyadh,Saudi Arabia,FALSE
2021-09-02,South Korea,Iraq,0,0,FIFA World Cup qualification,Seoul,South Korea,FALSE
2021-09-02,Sweden,Spain,2,1,FIFA World Cup qualification,Stockholm,Sweden,FALSE
2021-09-02,Venezuela,Argentina,1,3,FIFA World Cup qualification,Caracas,Venezuela,FALSE
2021-09-03,Ghana,Ethiopia,1,0,FIFA World Cup qualification,Cape Coast,Ghana,FALSE
2021-09-03,Mozambique,Ivory Coast,0,0,FIFA World Cup qualification,Maputo,Mozambique,FALSE
2021-09-03,Tunisia,Equatorial Guinea,3,0,FIFA World Cup qualification,Radès,Tunisia,FALSE
2021-09-03,Zimbabwe,South Africa,0,0,FIFA World Cup qualification,Harare,Zimbabwe,FALSE
2021-09-04,Bosnia and Herzegovina,Kuwait,1,0,Friendly,Zenica,Bosnia and Herzegovina,FALSE
2021-09-04,Gibraltar,Turkey,0,3,FIFA World Cup qualification,Gibraltar,Gibraltar,FALSE
2021-09-04,Haiti,Jordan,2,0,Friendly,Riffa,Bahrain,TRUE
2021-09-04,Israel,Austria,5,2,FIFA World Cup qualification,Haifa,Israel,FALSE
2021-09-04,Latvia,Norway,0,2,FIFA World Cup qualification,Riga,Latvia,FALSE
2021-09-04,Netherlands,Montenegro,4,0,FIFA World Cup qualification,Eindhoven,Netherlands,FALSE
2021-09-04,Qatar,Portugal,1,3,Friendly,Debrecen,Hungary,TRUE
2021-09-04,Scotland,Moldova,1,0,FIFA World Cup qualification,Glasgow,Scotland,FALSE
2021-09-04,Slovakia,Croatia,0,1,FIFA World Cup qualification,Bratislava,Slovakia,FALSE
2021-09-04,Ukraine,France,1,1,FIFA World Cup qualification,Kyiv,Ukraine,FALSE
2021-09-05,Belgium,Czech Republic,3,0,FIFA World Cup qualification,Brussels,Belgium,FALSE
2021-09-05,Costa Rica,Mexico,0,1,FIFA World Cup qualification,San José,Costa Rica,FALSE
2021-09-05,Ecuador,Chile,0,0,FIFA World Cup qualification,Quito,Ecuador,FALSE
2021-09-05,England,Andorra,4,0,FIFA World Cup qualification,London,England,FALSE
2021-09-05,Gabon,Egypt,1,1,FIFA World Cup qualification,Franceville,Gabon,FALSE
2021-09-05,Germany,Armenia,6,0,FIFA World Cup qualification,Stuttgart,Germany,FALSE
2021-09-05,Jamaica,Panama,0,3,FIFA World Cup qualification,Kingston,Jamaica,FALSE
2021-09-05,Paraguay,Colombia,1,1,FIFA World Cup qualification,Asunción,Paraguay,FALSE
2021-09-05,Spain,Georgia,4,0,FIFA World Cup qualification,Badajoz,Spain,FALSE
2021-09-05,Sweden,Uzbekistan,2,1,Friendly,Stockholm,Sweden,FALSE
2021-09-05,Switzerland,Italy,0,0,FIFA World Cup qualification,Basel,Switzerland,FALSE
2021-09-05,United States,Canada,1,1,FIFA World Cup qualification,Nashville,United States,FALSE
2021-09-05,Uruguay,Bolivia,4,2,FIFA World Cup qualification,Montevideo,Uruguay,FALSE
2021-09-06,Benin,DR Congo,1,1,FIFA World Cup qualification,Cotonou,Benin,FALSE
2021-09-06,Ivory Coast,Cameroon,2,1,FIFA World Cup qualification,Abidjan,Ivory Coast,FALSE
2021-09-06,South Africa,Ghana,1,0,FIFA World Cup qualification,Johannesburg,South Africa,FALSE
2021-09-07,Austria,Scotland,0,1,FIFA World Cup qualification,Vienna,Austria,FALSE
2021-09-07,Azerbaijan,Portugal,0,3,FIFA World Cup qualification,Baku,Azerbaijan,FALSE
2021-09-07,Bahrain,Jordan,1,2,Friendly,Riffa,Bahrain,FALSE
2021-09-07,Bosnia and Herzegovina,Kazakhstan,2,2,FIFA World Cup qualification,Zenica,Bosnia and Herzegovina,FALSE
2021-09-07,Burkina Faso,Algeria,1,1,FIFA World Cup qualification,Marrakech,Morocco,TRUE
2021-09-07,Cape Verde,Nigeria,1,2,FIFA World Cup qualification,Mindelo,Cape Verde,FALSE
2021-09-07,China,Japan,0,1,FIFA World Cup qualification,Doha,Qatar,TRUE
2021-09-07,Congo,Senegal,1,3,FIFA World Cup qualification,Brazzaville,Congo,FALSE
2021-09-07,Croatia,Slovenia,3,0,FIFA World Cup qualification,Split,Croatia,FALSE
2021-09-07,France,Finland,2,0,FIFA World Cup qualification,Lyon,France,FALSE
2021-09-07,Iraq,Iran,0,3,FIFA World Cup qualification,Doha,Qatar,TRUE
2021-09-07,Luxembourg,Qatar,1,1,Friendly,Luxembourg,Luxembourg,FALSE
2021-09-07,Netherlands,Turkey,6,1,FIFA World Cup qualification,Amsterdam,Netherlands,FALSE
2021-09-07,Norway,Gibraltar,5,1,FIFA World Cup qualification,Oslo,Norway,FALSE
2021-09-07,Oman,Saudi Arabia,0,1,FIFA World Cup qualification,Muscat,Oman,FALSE
2021-09-07,South Korea,Lebanon,1,0,FIFA World Cup qualification,Suwon,South Korea,FALSE
2021-09-07,Vietnam,Australia,0,1,FIFA World Cup qualification,Hanoi,Vietnam,FALSE
2021-09-07,Zambia,Tunisia,0,2,FIFA World Cup qualification,Ndola,Zambia,FALSE
2021-09-08,Belarus,Belgium,0,1,FIFA World Cup qualification,Kazan,Russia,TRUE
2021-09-08,Canada,El Salvador,3,0,FIFA World Cup qualification,Toronto,Canada,FALSE
2021-09-08,Czech Republic,Ukraine,1,1,Friendly,Plzeň,Czech Republic,FALSE
2021-09-08,Greece,Sweden,2,1,FIFA World Cup qualification,Athens,Greece,FALSE
2021-09-08,Honduras,United States,1,4,FIFA World Cup qualification,San Pedro Sula,Honduras,FALSE
2021-09-08,Iceland,Germany,0,4,FIFA World Cup qualification,Reykjavík,Iceland,FALSE
2021-09-08,Kosovo,Spain,0,2,FIFA World Cup qualification,Pristina,Kosovo,FALSE
2021-09-08,Northern Ireland,Switzerland,0,0,FIFA World Cup qualification,Belfast,Northern Ireland,FALSE
2021-09-08,Panama,Mexico,1,1,FIFA World Cup qualification,Panama City,Panama,FALSE
2021-09-08,Poland,England,1,1,FIFA World Cup qualification,Warsaw,Poland,FALSE
2021-09-09,Argentina,Bolivia,3,0,FIFA World Cup qualification,Buenos Aires,Argentina,FALSE
2021-09-09,Brazil,Peru,2,0,FIFA World Cup qualification,Recife,Brazil,FALSE
2021-09-09,Colombia,Chile,3,1,FIFA World Cup qualification,Barranquilla,Colombia,FALSE
2021-09-09,Paraguay,Venezuela,2,1,FIFA World Cup qualification,Asunción,Paraguay,FALSE
2021-09-09,Uruguay,Ecuador,1,0,FIFA World Cup qualification,Montevideo,Uruguay,FALSE
2021-09-30,Egypt,Liberia,2,0,Friendly,Alexandria,Egypt,FALSE
2021-10-06,Bahrain,Curaçao,4,0,Friendly,Riffa,Bahrain,FALSE
2021-10-06,Italy,Spain,1,2,UEFA Nations League,Milan,Italy,FALSE
2021-10-06,Jordan,Malaysia,4,0,Friendly,Amman,Jordan,FALSE
2021-10-06,Morocco,Guinea-Bissau,5,0,FIFA World Cup qualification,Rabat,Morocco,FALSE
2021-10-07,Australia,Oman,3,1,FIFA World Cup qualification,Doha,Qatar,TRUE
2021-10-07,Belgium,France,2,3,UEFA Nations League,Turin,Italy,TRUE
2021-10-07,DR Congo,Madagascar,2,0,FIFA World Cup qualification,Kinshasa,DR Congo,FALSE
2021-10-07,Ecuador,Bolivia,3,0,FIFA World Cup qualification,Guayaquil,Ecuador,FALSE
2021-10-07,El Salvador,Panama,1,0,FIFA World Cup qualification,San Salvador,El Salvador,FALSE
2021-10-07,Iraq,Lebanon,0,0,FIFA World Cup qualification,Doha,Qatar,TRUE
2021-10-07,Liberia,Cape Verde,1,2,FIFA World Cup qualification,Accra,Ghana,TRUE
2021-10-07,Mexico,Canada,1,1,FIFA World Cup qualification,Mexico City,Mexico,FALSE
2021-10-07,Paraguay,Argentina,0,0,FIFA World Cup qualification,Asunción,Paraguay,FALSE
2021-10-07,Saudi Arabia,Japan,1,0,FIFA World Cup qualification,Jeddah,Saudi Arabia,FALSE
2021-10-07,South Korea,Syria,2,1,FIFA World Cup qualification,Ansan,South Korea,FALSE
2021-10-07,Tunisia,Mauritania,3,0,FIFA World Cup qualification,Radès,Tunisia,FALSE
2021-10-07,United Arab Emirates,Iran,0,1,FIFA World Cup qualification,Dubai,United Arab Emirates,FALSE
2021-10-07,United States,Jamaica,2,0,FIFA World Cup qualification,Austin,United States,FALSE
2021-10-07,Uruguay,Colombia,0,0,FIFA World Cup qualification,Montevideo,Uruguay,FALSE
2021-10-07,Venezuela,Brazil,1,3,FIFA World Cup qualification,Caracas,Venezuela,FALSE
2021-10-08,Algeria,Niger,6,1,FIFA World Cup qualification,Algiers,Algeria,FALSE
2021-10-08,Cyprus,Croatia,0,3,FIFA World Cup qualification,Larnaca,Cyprus,FALSE
2021-10-08,Czech Republic,Wales,2,2,FIFA World Cup qualification,Prague,Czech Republic,FALSE
2021-10-08,Egypt,Libya,1,0,FIFA World Cup qualification,Alexandria,Egypt,FALSE
2021-10-08,Germany,Romania,2,1,FIFA World Cup qualification,Hamburg,Germany,FALSE
2021-10-08,Latvia,Netherlands,0,1,FIFA World Cup qualification,Riga,Latvia,FALSE
2021-10-08,Malawi,Ivory Coast,0,3,FIFA World Cup qualification,Johannesburg,South Africa,TRUE
2021-10-08,Turkey,Norway,1,1,FIFA World Cup qualification,Istanbul,Turkey,FALSE
2021-10-09,Andorra,England,0,5,FIFA World Cup qualification,Andorra la Vella,Andorra,FALSE
2021-10-09,Curaçao,New Zealand,1,2,Friendly,Riffa,Bahrain,TRUE
2021-10-09,Ethiopia,South Africa,1,3,FIFA World Cup qualification,Bahir Dar,Ethiopia,FALSE
2021-10-09,Faroe Islands,Austria,0,2,FIFA World Cup qualification,Tórshavn,Faroe Islands,FALSE
2021-10-09,Ghana,Zimbabwe,3,1,FIFA World Cup qualification,Cape Coast,Ghana,FALSE
2021-10-09,Kazakhstan,Bosnia and Herzegovina,0,2,FIFA World Cup qualification,Nur-Sultan,Kazakhstan,FALSE
2021-10-09,Morocco,Guinea-Bissau,3,0,FIFA World Cup qualification,Casablanca,Morocco,FALSE
2021-10-09,Portugal,Qatar,3,0,Friendly,Faro-Loulé,Portugal,FALSE
2021-10-09,Scotland,Israel,3,2,FIFA World Cup qualification,Glasgow,Scotland,FALSE
2021-10-09,Senegal,Namibia,4,1,FIFA World Cup qualification,Thiès,Senegal,FALSE
2021-10-09,Sweden,Kosovo,3,0,FIFA World Cup qualification,Stockholm,Sweden,FALSE
2021-10-09,Switzerland,Northern Ireland,2,0,FIFA World Cup qualification,Geneva,Switzerland,FALSE
2021-10-09,Uzbekistan,Malaysia,5,1,Friendly,Amman,Jordan,TRUE
2021-10-10,Argentina,Uruguay,3,0,FIFA World Cup qualification,Buenos Aires,Argentina,FALSE
2021-10-10,Cape Verde,Liberia,1,0,FIFA World Cup qualification,Mindelo,Cape Verde,FALSE
2021-10-10,Chile,Paraguay,2,0,FIFA World Cup qualification,Santiago,Chile,FALSE
2021-10-10,Colombia,Brazil,0,0,FIFA World Cup qualification,Barranquilla,Colombia,FALSE
2021-10-10,Italy,Belgium,2,1,UEFA Nations League,Turin,Italy,FALSE
2021-10-10,Jamaica,Canada,0,0,FIFA World Cup qualification,Kingston,Jamaica,FALSE
2021-10-10,Madagascar,DR Congo,1,0,FIFA World Cup qualification,Antananarivo,Madagascar,FALSE
2021-10-10,Mauritania,Tunisia,0,0,FIFA World Cup qualification,Nouakchott,Mauritania,FALSE
2021-10-10,Mexico,Honduras,3,0,FIFA World Cup qualification,Mexico City,Mexico,FALSE
2021-10-10,Panama,United States,1,0,FIFA World Cup qualification,Panama City,Panama,FALSE
2021-10-10,Spain,France,1,2,UEFA Nations League,Milan,Italy,TRUE
2021-10-10,Venezuela,Ecuador,2,1,FIFA World Cup qualification,Caracas,Venezuela,FALSE
2021-10-11,Belarus,Czech Republic,0,2,FIFA World Cup qualification,Kazan,Russia,TRUE
2021-10-11,Croatia,Slovakia,2,2,FIFA World Cup qualification,Osijek,Croatia,FALSE
2021-10-11,Ivory Coast,Malawi,2,1,FIFA World Cup qualification,Cotonou,Benin,TRUE
2021-10-11,Latvia,Turkey,1,2,FIFA World Cup qualification,Riga,Latvia,FALSE
2021-10-11,Libya,Egypt,0,3,FIFA World Cup qualification,Benina,Libya,FALSE
2021-10-11,Netherlands,Gibraltar,6,0,FIFA World Cup qualification,Rotterdam,Netherlands,FALSE
2021-10-11,North Macedonia,Germany,0,4,FIFA World Cup qualification,Skopje,North Macedonia,FALSE
2021-10-11,Norway,Montenegro,2,0,FIFA World Cup qualification,Oslo,Norway,FALSE
2021-10-12,Bahrain,New Zealand,0,1,Friendly,Riffa,Bahrain,FALSE
2021-10-12,Denmark,Austria,1,0,FIFA World Cup qualification,Copenhagen,Denmark,FALSE
2021-10-12,England,Hungary,1,1,FIFA World Cup qualification,London,England,FALSE
2021-10-12,Faroe Islands,Scotland,0,1,FIFA World Cup qualification,Tórshavn,Faroe Islands,FALSE
2021-10-12,Iran,South Korea,1,1,FIFA World Cup qualification,Tehran,Iran,FALSE
2021-10-12,Japan,Australia,2,1,FIFA World Cup qualification,Saitama,Japan,FALSE
2021-10-12,Jordan,Uzbekistan,3,0,Friendly,Amman,Jordan,FALSE
2021-10-12,Lithuania,Switzerland,0,4,FIFA World Cup qualification,Vilnius,Lithuania,FALSE
2021-10-12,Morocco,Guinea,4,1,FIFA World Cup qualification,Agadir,Morocco,FALSE
2021-10-12,Namibia,Senegal,1,3,FIFA World Cup qualification,Johannesburg,South Africa,TRUE
2021-10-12,Niger,Algeria,0,4,FIFA World Cup qualification,Niamey,Niger,FALSE
2021-10-12,Portugal,Luxembourg,5,0,FIFA World Cup qualification,Faro-Loulé,Portugal,FALSE
2021-10-12,Republic of Ireland,Qatar,4,0,Friendly,Dublin,Republic of Ireland,FALSE
2021-10-12,Saudi Arabia,China,3,2,FIFA World Cup qualification,Jeddah,Saudi Arabia,FALSE
2021-10-12,South Africa,Ethiopia,1,0,FIFA World Cup qualification,Johannesburg,South Africa,FALSE
2021-10-12,Sweden,Greece,2,0,FIFA World Cup qualification,Stockholm,Sweden,FALSE
2021-10-12,Ukraine,Bosnia and Herzegovina,1,1,FIFA World Cup qualification,Lviv,Ukraine,FALSE
2021-10-12,United Arab Emirates,Iraq,2,2,FIFA World Cup qualification,Dubai,United Arab Emirates,FALSE
2021-10-12,Zimbabwe,Ghana,0,1,FIFA World Cup qualification,Harare,Zimbabwe,FALSE
2021-10-13,Canada,Panama,4,1,FIFA World Cup qualification,Toronto,Canada,FALSE
2021-10-13,El Salvador,Mexico,0,2,FIFA World Cup qualification,San Salvador,El Salvador,FALSE
2021-10-13,United States,Costa Rica,2,1,FIFA World Cup qualification,Columbus,United States,FALSE
2021-10-14,Argentina,Peru,1,0,FIFA World Cup qualification,Buenos Aires,Argentina,FALSE
2021-10-14,Bolivia,Paraguay,4,0,FIFA World Cup qualification,La Paz,Bolivia,FALSE
2021-10-14,Brazil,Uruguay,4,1,FIFA World Cup qualification,Manaus,Brazil,FALSE
2021-10-14,Colombia,Ecuador,0,0,FIFA World Cup qualification,Barranquilla,Colombia,FALSE
2021-10-27,Mexico,Ecuador,2,3,Friendly,Charlotte,United States,TRUE
2021-11-10,Kosovo,Jordan,0,2,Friendly,Pristina,Kosovo,FALSE
2021-11-11,Australia,Saudi Arabia,0,0,FIFA World Cup qualification,Sydney,Australia,FALSE
2021-11-11,Brazil,Colombia,1,0,FIFA World Cup qualification,São Paulo,Brazil,FALSE
2021-11-11,Czech Republic,Kuwait,7,0,Friendly,Olomouc,Czech Republic,FALSE
2021-11-11,Ecuador,Venezuela,1,0,FIFA World Cup qualification,Quito,Ecuador,FALSE
2021-11-11,Ethiopia,Ghana,1,1,FIFA World Cup qualification,Johannesburg,South Africa,TRUE
2021-11-11,Georgia,Sweden,2,0,FIFA World Cup qualification,Batumi,Georgia,FALSE
2021-11-11,Germany,Liechtenstein,9,0,FIFA World Cup qualification,Wolfsburg,Germany,FALSE
2021-11-11,Greece,Spain,0,1,FIFA World Cup qualification,Athens,Greece,FALSE
2021-11-11,Iraq,Syria,1,1,FIFA World Cup qualification,Al Rayyan,Qatar,TRUE
2021-11-11,Lebanon,Iran,1,2,FIFA World Cup qualification,Sidon,Lebanon,FALSE
2021-11-11,Malta,Croatia,1,7,FIFA World Cup qualification,Ta' Qali,Malta,FALSE
2021-11-11,Paraguay,Chile,0,1,FIFA World Cup qualification,Asunción,Paraguay,FALSE
2021-11-11,Republic of Ireland,Portugal,0,0,FIFA World Cup qualification,Dublin,Republic of Ireland,FALSE
2021-11-11,Serbia,Qatar,4,0,Friendly,Belgrade,Serbia,FALSE
2021-11-11,South Africa,Zimbabwe,1,0,FIFA World Cup qualification,Johannesburg,South Africa,FALSE
2021-11-11,South Korea,United Arab Emirates,1,0,FIFA World Cup qualification,Goyang,South Korea,FALSE
2021-11-11,Tanzania,DR Congo,0,3,FIFA World Cup qualification,Dar es Salaam,Tanzania,FALSE
2021-11-11,Togo,Senegal,1,1,FIFA World Cup qualification,Lomé,Togo,FALSE
2021-11-11,Vietnam,Japan,0,1,FIFA World Cup qualification,Hanoi,Vietnam,FALSE
2021-11-12,Angola,Egypt,2,2,FIFA World Cup qualification,Luanda,Angola,FALSE
2021-11-12,Austria,Israel,4,2,FIFA World Cup qualification,Klagenfurt,Austria,FALSE
2021-11-12,Canada,Costa Rica,1,0,FIFA World Cup qualification,Edmonton,Canada,FALSE
2021-11-12,Djibouti,Algeria,0,4,FIFA World Cup qualification,Cairo,Egypt,TRUE
2021-11-12,England,Albania,5,0,FIFA World Cup qualification,London,England,FALSE
2021-11-12,Honduras,Panama,2,3,FIFA World Cup qualification,San Pedro Sula,Honduras,FALSE
2021-11-12,Italy,Switzerland,1,1,FIFA World Cup qualification,Rome,Italy,FALSE
2021-11-12,Moldova,Scotland,0,2,FIFA World Cup qualification,Chișinău,Moldova,FALSE
2021-11-12,Morocco,Sudan,3,0,FIFA World Cup qualification,Rabat,Morocco,FALSE
2021-11-12,United States,Mexico,2,0,FIFA World Cup qualification,Cincinnati,United States,FALSE
2021-11-12,Uruguay,Argentina,0,1,FIFA World Cup qualification,Montevideo,Uruguay,FALSE
2021-11-13,Belgium,Estonia,3,1,FIFA World Cup qualification,Brussels,Belgium,FALSE
2021-11-13,Bosnia and Herzegovina,Finland,1,3,FIFA World Cup qualification,Zenica,Bosnia and Herzegovina,FALSE
2021-11-13,Cape Verde,Central African Republic,2,1,FIFA World Cup qualification,Mindelo,Cape Verde,FALSE
2021-11-13,Equatorial Guinea,Tunisia,1,0,FIFA World Cup qualification,Malabo,Equatorial Guinea,FALSE
2021-11-13,France,Kazakhstan,8,0,FIFA World Cup qualification,Paris,France,FALSE
2021-11-13,Ivory Coast,Mozambique,3,0,FIFA World Cup qualification,Cotonou,Benin,TRUE
2021-11-13,Montenegro,Netherlands,2,2,FIFA World Cup qualification,Podgorica,Montenegro,FALSE
2021-11-13,Norway,Latvia,0,0,FIFA World Cup qualification,Oslo,Norway,FALSE
2021-11-13,Turkey,Gibraltar,6,0,FIFA World Cup qualification,Istanbul,Turkey,FALSE
2021-11-14,Armenia,Germany,1,4,FIFA World Cup qualification,Yerevan,Armenia,FALSE
2021-11-14,Azerbaijan,Qatar,2,2,Friendly,Baku,Azerbaijan,FALSE
2021-11-14,Croatia,Russia,1,0,FIFA World Cup qualification,Split,Croatia,FALSE
2021-11-14,DR Congo,Benin,2,0,FIFA World Cup qualification,Kinshasa,DR Congo,FALSE
2021-11-14,Ghana,South Africa,1,0,FIFA World Cup qualification,Cape Coast,Ghana,FALSE
2021-11-14,Portugal,Serbia,1,2,FIFA World Cup qualification,Lisbon,Portugal,FALSE
2021-11-14,Senegal,Congo,2,0,FIFA World Cup qualification,Thiès,Senegal,FALSE
2021-11-14,Spain,Sweden,1,0,FIFA World Cup qualification,Seville,Spain,FALSE
2021-11-15,Austria,Moldova,4,1,FIFA World Cup qualification,Klagenfurt,Austria,FALSE
2021-11-15,Georgia,Uzbekistan,1,0,Friendly,Gori,Georgia,FALSE
2021-11-15,San Marino,England,0,10,FIFA World Cup qualification,Serravalle,San Marino,FALSE
2021-11-15,Scotland,Denmark,2,0,FIFA World Cup qualification,Glasgow,Scotland,FALSE
2021-11-15,Switzerland,Bulgaria,4,0,FIFA World Cup qualification,Lucerne,Switzerland,FALSE
2021-11-16,Algeria,Burkina Faso,2,2,FIFA World Cup qualification,Blida,Algeria,FALSE
2021-11-16,Argentina,Brazil,0,0,FIFA World Cup qualification,San Juan,Argentina,FALSE
2021-11-16,Belarus,Jordan,1,0,Friendly,Minsk,Belarus,FALSE
2021-11-16,Bolivia,Uruguay,3,0,FIFA World Cup qualification,La Paz,Bolivia,FALSE
2021-11-16,Bosnia and Herzegovina,Ukraine,0,2,FIFA World Cup qualification,Zenica,Bosnia and Herzegovina,FALSE
2021-11-16,Cameroon,Ivory Coast,1,0,FIFA World Cup qualification,Douala,Cameroon,FALSE
2021-11-16,Canada,Mexico,2,1,FIFA World Cup qualification,Edmonton,Canada,FALSE
2021-11-16,Chile,Ecuador,0,2,FIFA World Cup qualification,Santiago,Chile,FALSE
2021-11-16,China,Australia,1,1,FIFA World Cup qualification,Sharjah,United Arab Emirates,TRUE
2021-11-16,Colombia,Paraguay,0,0,FIFA World Cup qualification,Barranquilla,Colombia,FALSE
2021-11-16,Czech Republic,Estonia,2,0,FIFA World Cup qualification,Prague,Czech Republic,FALSE
2021-11-16,Egypt,Gabon,2,1,FIFA World Cup qualification,Alexandria,Egypt,FALSE
2021-11-16,Finland,France,0,2,FIFA World Cup qualification,Helsinki,Finland,FALSE
2021-11-16,Iraq,South Korea,0,3,FIFA World Cup qualification,Al Rayyan,Qatar,TRUE
2021-11-16,Jamaica,United States,1,1,FIFA World Cup qualification,Kingston,Jamaica,FALSE
2021-11-16,Montenegro,Turkey,1,2,FIFA World Cup qualification,Podgorica,Montenegro,FALSE
2021-11-16,Morocco,Guinea,3,0,FIFA World Cup qualification,Casablanca,Morocco,FALSE
2021-11-16,Netherlands,Norway,2,0,FIFA World Cup qualification,Rotterdam,Netherlands,FALSE
2021-11-16,New Zealand,Gambia,2,0,Friendly,Dubai,United Arab Emirates,TRUE
2021-11-16,Nigeria,Cape Verde,1,1,FIFA World Cup qualification,Lagos,Nigeria,FALSE
2021-11-16,Oman,Japan,0,1,FIFA World Cup qualification,Muscat,Oman,FALSE
2021-11-16,Panama,El Salvador,2,1,FIFA World Cup qualification,Panama City,Panama,FALSE
2021-11-16,Syria,Iran,0,3,FIFA World Cup qualification,Amman,Jordan,TRUE
2021-11-16,Tunisia,Zambia,3,1,FIFA World Cup qualification,Radès,Tunisia,FALSE
2021-11-16,Vietnam,Saudi Arabia,0,1,FIFA World Cup qualification,Hanoi,Vietnam,FALSE
2021-11-16,Wales,Belgium,1,1,FIFA World Cup qualification,Cardiff,Wales,FALSE
2021-11-30,Iraq,Oman,1,1,Arab Cup,Al Wakrah,Qatar,TRUE
2021-11-30,Qatar,Bahrain,1,0,Arab Cup,Al Khor,Qatar,FALSE
2021-11-30,Tunisia,Mauritania,5,1,Arab Cup,Al Rayyan,Qatar,TRUE
2021-12-01,Algeria,Sudan,4,0,Arab Cup,Al Rayyan,Qatar,TRUE
2021-12-01,Egypt,Lebanon,1,0,Arab Cup,Doha,Qatar,TRUE
2021-12-01,Morocco,Palestine,4,0,Arab Cup,Al Wakrah,Qatar,TRUE
2021-12-01,Saudi Arabia,Jordan,0,1,Arab Cup,Al Rayyan,Qatar,TRUE
2021-12-03,Bahrain,Iraq,0,0,Arab Cup,Doha,Qatar,TRUE
2021-12-03,Qatar,Oman,2,1,Arab Cup,Al Rayyan,Qatar,FALSE
2021-12-03,Syria,Tunisia,2,0,Arab Cup,Al Khor,Qatar,TRUE
2021-12-04,El Salvador,Ecuador,1,1,Friendly,Houston,United States,TRUE
2021-12-04,Jordan,Morocco,0,4,Arab Cup,Al Rayyan,Qatar,TRUE
2021-12-04,Lebanon,Algeria,0,2,Arab Cup,Al Wakrah,Qatar,TRUE
2021-12-04,Palestine,Saudi Arabia,1,1,Arab Cup,Al Rayyan,Qatar,TRUE
2021-12-04,Sudan,Egypt,0,5,Arab Cup,Doha,Qatar,TRUE
2021-12-06,Qatar,Iraq,3,0,Arab Cup,Al Khor,Qatar,FALSE
2021-12-06,Tunisia,United Arab Emirates,1,0,Arab Cup,Doha,Qatar,TRUE
2021-12-07,Algeria,Egypt,1,1,Arab Cup,Al Wakrah,Qatar,TRUE
2021-12-07,Jordan,Palestine,5,1,Arab Cup,Doha,Qatar,TRUE
2021-12-07,Morocco,Saudi Arabia,1,0,Arab Cup,Doha,Qatar,TRUE
2021-12-08,Mexico,Chile,2,2,Friendly,Austin,United States,TRUE
2021-12-10,Qatar,United Arab Emirates,5,0,Arab Cup,Al Khor,Qatar,FALSE
2021-12-10,Tunisia,Oman,2,1,Arab Cup,Al Rayyan,Qatar,TRUE
2021-12-11,Egypt,Jordan,3,1,Arab Cup,Al Wakrah,Qatar,TRUE
2021-12-11,Morocco,Algeria,2,2,Arab Cup,Doha,Qatar,TRUE
2021-12-15,Qatar,Algeria,1,2,Arab Cup,Doha,Qatar,FALSE
2021-12-15,Tunisia,Egypt,1,0,Arab Cup,Doha,Qatar,TRUE
2021-12-18,Qatar,Egypt,0,0,Arab Cup,Doha,Qatar,FALSE
2021-12-18,Tunisia,Algeria,0,2,Arab Cup,Al Khor,Qatar,TRUE
2021-12-18,United States,Bosnia and Herzegovina,1,0,Friendly,Los Angeles,United States,FALSE
2022-01-05,Algeria,Ghana,3,0,Friendly,Al Rayyan,Qatar,TRUE
2022-01-09,Ethiopia,Cape Verde,0,1,African Cup of Nations,Yaoundé,Cameroon,TRUE
2022-01-10,Morocco,Ghana,1,0,African Cup of Nations,Yaoundé,Cameroon,TRUE
2022-01-10,Senegal,Zimbabwe,1,0,African Cup of Nations,Bafoussam,Cameroon,TRUE
2022-01-11,Algeria,Sierra Leone,0,0,African Cup of Nations,Douala,Cameroon,TRUE
2022-01-11,Nigeria,Egypt,1,0,African Cup of Nations,Garoua,Cameroon,TRUE
2022-01-12,Equatorial Guinea,Ivory Coast,0,1,African Cup of Nations,Douala,Cameroon,TRUE
2022-01-12,Tunisia,Mali,0,1,African Cup of Nations,Limbé,Cameroon,TRUE
2022-01-13,Cape Verde,Burkina Faso,0,1,African Cup of Nations,Yaoundé,Cameroon,TRUE
2022-01-14,Gabon,Ghana,1,1,African Cup of Nations,Yaoundé,Cameroon,TRUE
2022-01-14,Morocco,Comoros,2,0,African Cup of Nations,Yaoundé,Cameroon,TRUE
2022-01-14,Senegal,Guinea,0,0,African Cup of Nations,Bafoussam,Cameroon,TRUE
2022-01-15,Guinea-Bissau,Egypt,0,1,African Cup of Nations,Garoua,Cameroon,TRUE
2022-01-15,South Korea,Iceland,5,1,Friendly,Antalya,Turkey,TRUE
2022-01-16,Algeria,Equatorial Guinea,0,1,African Cup of Nations,Douala,Cameroon,TRUE
2022-01-16,Colombia,Honduras,2,1,Friendly,Fort Lauderdale,United States,TRUE
2022-01-16,Ivory Coast,Sierra Leone,2,2,African Cup of Nations,Douala,Cameroon,TRUE
2022-01-16,Peru,Panama,1,1,Friendly,Lima,Peru,FALSE
2022-01-16,Tunisia,Mauritania,4,0,African Cup of Nations,Limbé,Cameroon,TRUE
2022-01-17,Cameroon,Cape Verde,1,1,African Cup of Nations,Yaoundé,Cameroon,FALSE
2022-01-18,Gabon,Morocco,2,2,African Cup of Nations,Yaoundé,Cameroon,TRUE
2022-01-18,Ghana,Comoros,2,3,African Cup of Nations,Garoua,Cameroon,TRUE
2022-01-18,Malawi,Senegal,0,0,African Cup of Nations,Bafoussam,Cameroon,TRUE
2022-01-19,Egypt,Sudan,1,0,African Cup of Nations,Yaoundé,Cameroon,TRUE
2022-01-20,Gambia,Tunisia,1,0,African Cup of Nations,Limbé,Cameroon,TRUE
2022-01-20,Ivory Coast,Algeria,3,1,African Cup of Nations,Douala,Cameroon,TRUE
2022-01-20,South Korea,Moldova,4,0,Friendly,Antalya,Turkey,TRUE
2022-01-21,Iraq,Uganda,1,0,Friendly,Baghdad,Iraq,FALSE
2022-01-23,Nigeria,Tunisia,0,1,African Cup of Nations,Garoua,Cameroon,TRUE
2022-01-25,Morocco,Malawi,2,1,African Cup of Nations,Yaoundé,Cameroon,TRUE
2022-01-25,Senegal,Cape Verde,2,0,African Cup of Nations,Bafoussam,Cameroon,TRUE
2022-01-26,Ivory Coast,Egypt,0,0,African Cup of Nations,Douala,Cameroon,TRUE
2022-01-27,Australia,Vietnam,4,0,FIFA World Cup qualification,Melbourne,Australia,FALSE
2022-01-27,Chile,Argentina,1,2,FIFA World Cup qualification,Calama,Chile,FALSE
2022-01-27,Costa Rica,Panama,1,0,FIFA World Cup qualification,San José,Costa Rica,FALSE
2022-01-27,Ecuador,Brazil,1,1,FIFA World Cup qualification,Quito,Ecuador,FALSE
2022-01-27,Honduras,Canada,0,2,FIFA World Cup qualification,San Pedro Sula,Honduras,FALSE
2022-01-27,Iran,Iraq,1,0,FIFA World Cup qualification,Tehran,Iran,FALSE
2022-01-27,Jamaica,Mexico,1,2,FIFA World Cup qualification,Kingston,Jamaica,FALSE
2022-01-27,Japan,China,2,0,FIFA World Cup qualification,Saitama,Japan,FALSE
2022-01-27,Lebanon,South Korea,0,1,FIFA World Cup qualification,Sidon,Lebanon,FALSE
2022-01-27,Paraguay,Uruguay,0,1,FIFA World Cup qualification,Asunción,Paraguay,FALSE
2022-01-27,Saudi Arabia,Oman,1,0,FIFA World Cup qualification,Jeddah,Saudi Arabia,FALSE
2022-01-27,United States,El Salvador,1,0,FIFA World Cup qualification,Columbus,United States,FALSE
2022-01-27,Uzbekistan,South Sudan,3,0,Friendly,Dubai,United Arab Emirates,TRUE
2022-01-28,Colombia,Peru,0,1,FIFA World Cup qualification,Barranquilla,Colombia,FALSE
2022-01-28,Jordan,New Zealand,3,1,Friendly,Abu Dhabi,United Arab Emirates,TRUE
2022-01-29,Burkina Faso,Tunisia,1,0,African Cup of Nations,Garoua,Cameroon,TRUE
2022-01-30,Canada,United States,2,0,FIFA World Cup qualification,Hamilton,Canada,FALSE
2022-01-30,Egypt,Morocco,2,1,African Cup of Nations,Yaoundé,Cameroon,TRUE
2022-01-30,Mexico,Costa Rica,0,0,FIFA World Cup qualification,Mexico City,Mexico,FALSE
2022-01-30,Panama,Jamaica,3,2,FIFA World Cup qualification,Panama City,Panama,FALSE
2022-01-30,Senegal,Equatorial Guinea,3,1,African Cup of Nations,Yaoundé,Cameroon,TRUE
2022-02-01,Argentina,Colombia,1,0,FIFA World Cup qualification,Córdoba,Argentina,FALSE
2022-02-01,Bahrain,DR Congo,1,0,Friendly,Riffa,Bahrain,FALSE
2022-02-01,Brazil,Paraguay,4,0,FIFA World Cup qualification,Belo Horizonte,Brazil,FALSE
2022-02-01,Iran,United Arab Emirates,1,0,FIFA World Cup qualification,Tehran,Iran,FALSE
2022-02-01,Japan,Saudi Arabia,2,0,FIFA World Cup qualification,Saitama,Japan,FALSE
2022-02-01,Lebanon,Iraq,1,1,FIFA World Cup qualification,Sidon,Lebanon,FALSE
2022-02-01,Oman,Australia,2,2,FIFA World Cup qualification,Muscat,Oman,FALSE
2022-02-01,Peru,Ecuador,1,1,FIFA World Cup qualification,Lima,Peru,FALSE
2022-02-01,Syria,South Korea,0,2,FIFA World Cup qualification,Dubai,United Arab Emirates,TRUE
2022-02-01,Uruguay,Venezuela,4,1,FIFA World Cup qualification,Montevideo,Uruguay,FALSE
2022-02-02,Burkina Faso,Senegal,1,3,African Cup of Nations,Yaoundé,Cameroon,TRUE
2022-02-02,El Salvador,Canada,0,2,FIFA World Cup qualification,San Salvador,El Salvador,FALSE
2022-02-02,Mexico,Panama,1,0,FIFA World Cup qualification,Mexico City,Mexico,FALSE
2022-02-02,United States,Honduras,3,0,FIFA World Cup qualification,Saint Paul,United States,FALSE
2022-02-03,Cameroon,Egypt,0,0,African Cup of Nations,Yaoundé,Cameroon,FALSE
2022-02-06,Senegal,Egypt,0,0,African Cup of Nations,Yaoundé,Cameroon,TRUE
2022-03-18,Iraq,Zambia,3,1,Friendly,Baghdad,Iraq,FALSE
2022-03-18,Papua New Guinea,New Zealand,0,1,FIFA World Cup qualification,Doha,Qatar,TRUE
2022-03-21,New Zealand,Fiji,4,0,FIFA World Cup qualification,Doha,Qatar,TRUE
2022-03-23,Guadeloupe,Cape Verde,0,2,Friendly,Orléans,France,TRUE
2022-03-24,Australia,Japan,0,2,FIFA World Cup qualification,Sydney,Australia,FALSE
2022-03-24,Brazil,Chile,4,0,FIFA World Cup qualification,Rio de Janeiro,Brazil,FALSE
2022-03-24,China,Saudi Arabia,1,1,FIFA World Cup qualification,Sharjah,United Arab Emirates,TRUE
2022-03-24,Colombia,Bolivia,3,0,FIFA World Cup qualification,Barranquilla,Colombia,FALSE
2022-03-24,Costa Rica,Canada,1,0,FIFA World Cup qualification,San José,Costa Rica,FALSE
2022-03-24,Iraq,United Arab Emirates,1,0,FIFA World Cup qualification,Riyadh,Saudi Arabia,TRUE
2022-03-24,Mexico,United States,0,0,FIFA World Cup qualification,Mexico City,Mexico,FALSE
2022-03-24,New Zealand,New Caledonia,7,1,FIFA World Cup qualification,Doha,Qatar,TRUE
2022-03-24,Panama,Honduras,1,1,FIFA World Cup qualification,Panama City,Panama,FALSE
2022-03-24,Paraguay,Ecuador,3,1,FIFA World Cup qualification,Ciudad del Este,Paraguay,FALSE
2022-03-24,Portugal,Turkey,3,1,FIFA World Cup qualification,Porto,Portugal,FALSE
2022-03-24,Scotland,Poland,1,1,Friendly,Glasgow,Scotland,FALSE
2022-03-24,South Korea,Iran,2,0,FIFA World Cup qualification,Seoul,South Korea,FALSE
2022-03-24,Sweden,Czech Republic,1,0,FIFA World Cup qualification,Stockholm,Sweden,FALSE
2022-03-24,Uruguay,Peru,1,0,FIFA World Cup qualification,Montevideo,Uruguay,FALSE
2022-03-24,Wales,Austria,2,1,FIFA World Cup qualification,Cardiff,Wales,FALSE
2022-03-25,Argentina,Venezuela,3,0,FIFA World Cup qualification,Buenos Aires,Argentina,FALSE
2022-03-25,Bosnia and Herzegovina,Georgia,0,1,Friendly,Zenica,Bosnia and Herzegovina,FALSE
2022-03-25,Cameroon,Algeria,0,1,FIFA World Cup qualification,Douala,Cameroon,FALSE
2022-03-25,Cape Verde,Liechtenstein,6,0,Friendly,San Pedro del Pinatar,Spain,TRUE
2022-03-25,DR Congo,Morocco,1,1,FIFA World Cup qualification,Kinshasa,DR Congo,FALSE
2022-03-25,Egypt,Senegal,1,0,FIFA World Cup qualification,Cairo,Egypt,FALSE
2022-03-25,France,Ivory Coast,2,1,Friendly,Marseille,France,FALSE
2022-03-25,Ghana,Nigeria,0,0,FIFA World Cup qualification,Kumasi,Ghana,FALSE
2022-03-25,Mali,Tunisia,0,1,FIFA World Cup qualification,Bamako,Mali,FALSE
2022-03-25,Norway,Slovakia,2,0,Friendly,Oslo,Norway,FALSE
2022-03-25,South Africa,Guinea,0,0,Friendly,Kortrijk,Belgium,TRUE
2022-03-25,Uzbekistan,Kyrgyzstan,3,1,Navruz Cup,Namangan,Uzbekistan,FALSE
2022-03-26,Croatia,Slovenia,1,1,Friendly,Al Rayyan,Qatar,TRUE
2022-03-26,England,Switzerland,2,1,Friendly,London,England,FALSE
2022-03-26,Germany,Israel,2,0,Friendly,Sinsheim,Germany,FALSE
2022-03-26,Netherlands,Denmark,4,2,Friendly,Amsterdam,Netherlands,FALSE
2022-03-26,Qatar,Bulgaria,2,1,Friendly,Al Rayyan,Qatar,FALSE
2022-03-26,Republic of Ireland,Belgium,2,2,Friendly,Dublin,Republic of Ireland,FALSE
2022-03-26,Spain,Albania,2,1,Friendly,Barcelona,Spain,FALSE
2022-03-27,Canada,Jamaica,4,0,FIFA World Cup qualification,Toronto,Canada,FALSE
2022-03-27,Guatemala,Haiti,2,1,Friendly,Fort Lauderdale,United States,TRUE
2022-03-27,Honduras,Mexico,0,1,FIFA World Cup qualification,San Pedro Sula,Honduras,FALSE
2022-03-27,New Zealand,Tahiti,1,0,FIFA World Cup qualification,Doha,Qatar,TRUE
2022-03-27,United States,Panama,5,1,FIFA World Cup qualification,Orlando,United States,FALSE
2022-03-28,Cape Verde,San Marino,2,0,Friendly,San Pedro del Pinatar,Spain,TRUE
2022-03-29,Algeria,Cameroon,1,2,FIFA World Cup qualification,Blida,Algeria,FALSE
2022-03-29,Austria,Scotland,2,2,Friendly,Vienna,Austria,FALSE
2022-03-29,Belgium,Burkina Faso,3,0,Friendly,Anderlecht,Belgium,FALSE
2022-03-29,Bolivia,Brazil,0,4,FIFA World Cup qualification,La Paz,Bolivia,FALSE
2022-03-29,Bosnia and Herzegovina,Luxembourg,1,0,Friendly,Zenica,Bosnia and Herzegovina,FALSE
2022-03-29,Chile,Uruguay,0,2,FIFA World Cup qualification,Santiago,Chile,FALSE
2022-03-29,Croatia,Bulgaria,2,1,Friendly,Al Rayyan,Qatar,TRUE
2022-03-29,Ecuador,Argentina,1,1,FIFA World Cup qualification,Guayaquil,Ecuador,FALSE
2022-03-29,England,Ivory Coast,3,0,Friendly,London,England,FALSE
2022-03-29,France,South Africa,5,0,Friendly,Villeneuve D'Ascq,Algeria,TRUE
2022-03-29,Iran,Lebanon,2,0,FIFA World Cup qualification,Mashhad,Iran,FALSE
2022-03-29,Japan,Vietnam,1,1,FIFA World Cup qualification,Saitama,Japan,FALSE
2022-03-29,Morocco,DR Congo,4,1,FIFA World Cup qualification,Casablanca,Morocco,FALSE
2022-03-29,Netherlands,Germany,1,1,Friendly,Amsterdam,Netherlands,FALSE
2022-03-29,Nigeria,Ghana,1,1,FIFA World Cup qualification,Abuja,Nigeria,FALSE
2022-03-29,Norway,Armenia,9,0,Friendly,Oslo,Norway,FALSE
2022-03-29,Peru,Paraguay,2,0,FIFA World Cup qualification,Lima,Peru,FALSE
2022-03-29,Poland,Sweden,2,0,FIFA World Cup qualification,Chorzów,Poland,FALSE
2022-03-29,Portugal,North Macedonia,2,0,FIFA World Cup qualification,Porto,Portugal,FALSE
2022-03-29,Qatar,Slovenia,0,0,Friendly,Al Rayyan,Qatar,FALSE
2022-03-29,Saudi Arabia,Australia,1,0,FIFA World Cup qualification,Jeddah,Saudi Arabia,FALSE
2022-03-29,Senegal,Egypt,1,0,FIFA World Cup qualification,Diamniadio,Senegal,FALSE
2022-03-29,Spain,Iceland,5,0,Friendly,La Coruña,Spain,FALSE
2022-03-29,Switzerland,Kosovo,1,1,Friendly,Zürich,Switzerland,FALSE
2022-03-29,Syria,Iraq,1,1,FIFA World Cup qualification,Dubai,United Arab Emirates,TRUE
2022-03-29,Tunisia,Mali,0,0,FIFA World Cup qualification,Tunis,Tunisia,FALSE
2022-03-29,Turkey,Italy,2,3,Friendly,Konya,Turkey,FALSE
2022-03-29,United Arab Emirates,South Korea,1,0,FIFA World Cup qualification,Dubai,United Arab Emirates,FALSE
2022-03-29,Uzbekistan,Uganda,4,2,Navruz Cup,Namangan,Uzbekistan,FALSE
2022-03-29,Venezuela,Colombia,0,1,FIFA World Cup qualification,Guayana,Venezuela,FALSE
2022-03-29,Wales,Czech Republic,1,1,Friendly,Cardiff,Wales,FALSE
2022-03-30,Costa Rica,United States,2,0,FIFA World Cup qualification,San José,Costa Rica,FALSE
2022-03-30,Mexico,El Salvador,2,0,FIFA World Cup qualification,Mexico City,Mexico,FALSE
2022-03-30,Panama,Canada,1,0,FIFA World Cup qualification,Panama City,Panama,FALSE
2022-03-30,Solomon Islands,New Zealand,0,5,FIFA World Cup qualification,Doha,Qatar,TRUE
2022-04-27,Mexico,Guatemala,0,0,Friendly,Orlando,United States,TRUE
2022-05-28,India,Jordan,0,2,Friendly,Doha,Qatar,TRUE
2022-05-28,Mexico,Nigeria,2,1,Friendly,Arlington,United States,TRUE
2022-06-01,Australia,Jordan,2,1,Friendly,Al Wakrah,Qatar,TRUE
2022-06-01,Ghana,Madagascar,3,0,African Cup of Nations qualification,Cape Coast,Ghana,FALSE
2022-06-01,Italy,Argentina,0,3,CONMEBOL–UEFA Cup of Champions,Paris,France,TRUE
2022-06-01,Scotland,Ukraine,1,3,FIFA World Cup qualification,Glasgow,Scotland,FALSE
2022-06-01,United States,Morocco,3,0,Friendly,Cincinnati,United States,FALSE
2022-06-02,Czech Republic,Switzerland,2,1,UEFA Nations League,Prague,Czech Republic,FALSE
2022-06-02,Ecuador,Nigeria,1,0,Friendly,Harrison,United States,TRUE
2022-06-02,Japan,Paraguay,4,1,Friendly,Sapporo,Japan,FALSE
2022-06-02,Mexico,Uruguay,0,3,Friendly,Glendale,United States,TRUE
2022-06-02,Panama,Costa Rica,2,0,CONCACAF Nations League,Panama City,Panama,FALSE
2022-06-02,Serbia,Norway,0,1,UEFA Nations League,Belgrade,Serbia,FALSE
2022-06-02,Slovenia,Sweden,0,2,UEFA Nations League,Ljubljana,Slovenia,FALSE
2022-06-02,South Korea,Brazil,1,5,Friendly,Seoul,South Korea,FALSE
2022-06-02,Spain,Portugal,1,1,UEFA Nations League,Seville,Spain,FALSE
2022-06-02,Tunisia,Equatorial Guinea,4,0,African Cup of Nations qualification,Radès,Tunisia,FALSE
2022-06-03,Belgium,Netherlands,1,4,UEFA Nations League,Brussels,Belgium,FALSE
2022-06-03,Burkina Faso,Cape Verde,2,0,African Cup of Nations qualification,Marrakech,Morocco,TRUE
2022-06-03,Croatia,Austria,0,3,UEFA Nations League,Osijek,Croatia,FALSE
2022-06-03,Curaçao,Honduras,0,1,CONCACAF Nations League,Willemstad,Curaçao,FALSE
2022-06-03,France,Denmark,1,2,UEFA Nations League,Paris,France,FALSE
2022-06-03,Ivory Coast,Zambia,3,1,African Cup of Nations qualification,Yamoussoukro,Ivory Coast,FALSE
2022-06-04,Algeria,Uganda,2,0,African Cup of Nations qualification,Algiers,Algeria,FALSE
2022-06-04,Bermuda,Haiti,0,0,CONCACAF Nations League,Devonshire Parish,Bermuda,FALSE
2022-06-04,DR Congo,Gabon,0,1,African Cup of Nations qualification,Kinshasa,DR Congo,FALSE
2022-06-04,Finland,Bosnia and Herzegovina,1,1,UEFA Nations League,Helsinki,Finland,FALSE
2022-06-04,Hungary,England,1,0,UEFA Nations League,Budapest,Hungary,FALSE
2022-06-04,Italy,Germany,1,1,UEFA Nations League,Bologna,Italy,FALSE
2022-06-04,Senegal,Benin,3,1,African Cup of Nations qualification,Diamniadio,Senegal,FALSE
2022-06-04,Turkey,Faroe Islands,4,0,UEFA Nations League,Istanbul,Turkey,FALSE
2022-06-05,Argentina,Estonia,5,0,Friendly,Pamplona,Spain,TRUE
2022-06-05,Botswana,Tunisia,0,0,African Cup of Nations qualification,Francistown,Botswana,FALSE
2022-06-05,Central African Republic,Ghana,1,1,African Cup of Nations qualification,Luanda,Angola,TRUE
2022-06-05,Czech Republic,Spain,2,2,UEFA Nations League,Prague,Czech Republic,FALSE
2022-06-05,Egypt,Guinea,1,0,African Cup of Nations qualification,Cairo,Egypt,FALSE
2022-06-05,Mexico,Ecuador,0,0,Friendly,Chicago,United States,TRUE
2022-06-05,Peru,New Zealand,1,0,Friendly,Barcelona,Spain,TRUE
2022-06-05,Portugal,Switzerland,4,0,UEFA Nations League,Lisbon,Portugal,FALSE
2022-06-05,Saudi Arabia,Colombia,0,1,Friendly,Murcia,Spain,TRUE
2022-06-05,Sweden,Norway,1,2,UEFA Nations League,Stockholm,Sweden,FALSE
2022-06-05,United States,Uruguay,0,0,Friendly,Kansas City,United States,FALSE
2022-06-06,Austria,Denmark,1,2,UEFA Nations League,Vienna,Austria,FALSE
2022-06-06,Croatia,France,1,1,UEFA Nations League,Split,Croatia,FALSE
2022-06-06,Honduras,Curaçao,1,2,CONCACAF Nations League,San Pedro Sula,Honduras,FALSE
2022-06-06,Japan,Brazil,0,1,Friendly,Tokyo,Japan,FALSE
2022-06-06,South Korea,Chile,2,0,Friendly,Daejeon,South Korea,FALSE
2022-06-07,Bosnia and Herzegovina,Romania,1,0,UEFA Nations League,Zenica,Bosnia and Herzegovina,FALSE
2022-06-07,Cape Verde,Togo,2,0,African Cup of Nations qualification,Marrakech,Morocco,TRUE
2022-06-07,Germany,England,1,1,UEFA Nations League,Munich,Germany,FALSE
2022-06-07,Haiti,Montserrat,3,2,CONCACAF Nations League,Santo Domingo,Dominican Republic,TRUE
2022-06-07,Lithuania,Turkey,0,6,UEFA Nations League,Vilnius,Lithuania,FALSE
2022-06-07,Senegal,Rwanda,1,0,African Cup of Nations qualification,Diamniadio,Senegal,FALSE
2022-06-07,United Arab Emirates,Australia,1,2,FIFA World Cup qualification,Al Rayyan,Qatar,TRUE
2022-06-08,Belgium,Poland,6,1,UEFA Nations League,Brussels,Belgium,FALSE
2022-06-08,Jordan,Nepal,2,0,AFC Asian Cup qualification,Kuwait City,Kuwait,TRUE
2022-06-08,Scotland,Armenia,2,0,UEFA Nations League,Glasgow,Scotland,FALSE
2022-06-08,Sudan,DR Congo,2,1,African Cup of Nations qualification,Omdurman,Sudan,FALSE
2022-06-08,Tanzania,Algeria,0,2,African Cup of Nations qualification,Dar es Salaam,Tanzania,FALSE
2022-06-08,Uzbekistan,Sri Lanka,3,0,AFC Asian Cup qualification,Namangan,Uzbekistan,FALSE
2022-06-08,Wales,Netherlands,1,2,UEFA Nations League,Cardiff,Wales,FALSE
2022-06-09,Canada,Curaçao,4,0,CONCACAF Nations League,Vancouver,Canada,FALSE
2022-06-09,Ethiopia,Egypt,2,0,African Cup of Nations qualification,Lilongwe,Malawi,TRUE
2022-06-09,Lesotho,Ivory Coast,0,0,African Cup of Nations qualification,Soweto,South Africa,TRUE
2022-06-09,Morocco,South Africa,2,1,African Cup of Nations qualification,Rabat,Morocco,FALSE
2022-06-09,New Zealand,Oman,0,0,Friendly,Al Rayyan,Qatar,TRUE
2022-06-09,Norway,Slovenia,0,0,UEFA Nations League,Oslo,Norway,FALSE
2022-06-09,Panama,Martinique,5,0,CONCACAF Nations League,Panama City,Panama,FALSE
2022-06-09,Portugal,Czech Republic,2,0,UEFA Nations League,Lisbon,Portugal,FALSE
2022-06-09,Saudi Arabia,Venezuela,0,1,Friendly,Murcia,Spain,TRUE
2022-06-09,Sweden,Serbia,0,1,UEFA Nations League,Stockholm,Sweden,FALSE
2022-06-09,Switzerland,Spain,0,1,UEFA Nations League,Geneva,Switzerland,FALSE
2022-06-10,Austria,France,1,1,UEFA Nations League,Vienna,Austria,FALSE
2022-06-10,Chile,Tunisia,0,2,Kirin Cup,Kobe,Japan,TRUE
2022-06-10,Denmark,Croatia,0,1,UEFA Nations League,Copenhagen,Denmark,FALSE
2022-06-10,Japan,Ghana,4,1,Kirin Cup,Kobe,Japan,FALSE
2022-06-10,South Korea,Paraguay,2,2,Friendly,Suwon,South Korea,FALSE
2022-06-10,United States,Grenada,5,0,CONCACAF Nations League,Austin,United States,FALSE
2022-06-11,Ecuador,Cape Verde,1,0,Friendly,Fort Lauderdale,United States,TRUE
2022-06-11,England,Italy,0,0,UEFA Nations League,Wolverhampton,England,FALSE
2022-06-11,Guyana,Haiti,2,6,CONCACAF Nations League,Leonora,Guyana,FALSE
2022-06-11,Hungary,Germany,1,1,UEFA Nations League,Budapest,Hungary,FALSE
2022-06-11,Indonesia,Jordan,0,1,AFC Asian Cup qualification,Kuwait City,Kuwait,TRUE
2022-06-11,Luxembourg,Turkey,0,2,UEFA Nations League,Luxembourg,Luxembourg,FALSE
2022-06-11,Mexico,Suriname,3,0,CONCACAF Nations League,Torreón,Mexico,FALSE
2022-06-11,Montenegro,Bosnia and Herzegovina,1,1,UEFA Nations League,Podgorica,Montenegro,FALSE
2022-06-11,Netherlands,Poland,2,2,UEFA Nations League,Rotterdam,Netherlands,FALSE
2022-06-11,Republic of Ireland,Scotland,3,0,UEFA Nations League,Dublin,Republic of Ireland,FALSE
2022-06-11,Uruguay,Panama,5,0,Friendly,Montevideo,Uruguay,FALSE
2022-06-11,Uzbekistan,Maldives,4,0,AFC Asian Cup qualification,Namangan,Uzbekistan,FALSE
2022-06-11,Wales,Belgium,1,1,UEFA Nations League,Cardiff,Wales,FALSE
2022-06-12,Iran,Algeria,1,2,Friendly,Doha,Qatar,TRUE
2022-06-12,Martinique,Panama,0,0,CONCACAF Nations League,Fort-de-France,Martinique,FALSE
2022-06-12,Norway,Sweden,3,2,UEFA Nations League,Oslo,Norway,FALSE
2022-06-12,Spain,Czech Republic,2,0,UEFA Nations League,Málaga,Spain,FALSE
2022-06-12,Switzerland,Portugal,1,0,UEFA Nations League,Geneva,Switzerland,FALSE
2022-06-13,Australia,Peru,0,0,FIFA World Cup qualification,Al Rayyan,Qatar,TRUE
2022-06-13,Denmark,Austria,2,0,UEFA Nations League,Copenhagen,Denmark,FALSE
2022-06-13,France,Croatia,0,1,UEFA Nations League,Paris,France,FALSE
2022-06-13,Honduras,Canada,2,1,CONCACAF Nations League,San Pedro Sula,Honduras,FALSE
2022-06-13,Morocco,Liberia,2,0,African Cup of Nations qualification,Casablanca,Morocco,FALSE
2022-06-14,Armenia,Scotland,1,4,UEFA Nations League,Yerevan,Armenia,FALSE
2022-06-14,Bosnia and Herzegovina,Finland,3,2,UEFA Nations League,Zenica,Bosnia and Herzegovina,FALSE
2022-06-14,Chile,Ghana,0,0,Kirin Cup,Suita,Japan,TRUE
2022-06-14,Costa Rica,New Zealand,1,0,FIFA World Cup qualification,Al Rayyan,Qatar,TRUE
2022-06-14,El Salvador,United States,1,1,CONCACAF Nations League,San Salvador,El Salvador,FALSE
2022-06-14,England,Hungary,0,4,UEFA Nations League,Wolverhampton,England,FALSE
2022-06-14,Germany,Italy,5,2,UEFA Nations League,Mönchengladbach,Germany,FALSE
2022-06-14,Haiti,Guyana,6,0,CONCACAF Nations League,Santo Domingo,Dominican Republic,TRUE
2022-06-14,Jamaica,Mexico,1,1,CONCACAF Nations League,Kingston,Jamaica,FALSE
2022-06-14,Japan,Tunisia,0,3,Kirin Cup,Suita,Japan,FALSE
2022-06-14,Kuwait,Jordan,0,3,AFC Asian Cup qualification,Kuwait City,Kuwait,FALSE
2022-06-14,Netherlands,Wales,3,2,UEFA Nations League,Rotterdam,Netherlands,FALSE
2022-06-14,Poland,Belgium,0,1,UEFA Nations League,Warsaw,Poland,FALSE
2022-06-14,South Korea,Egypt,4,1,Friendly,Seoul,South Korea,FALSE
2022-06-14,Turkey,Lithuania,2,0,UEFA Nations League,İzmir,Turkey,FALSE
2022-06-14,Uzbekistan,Thailand,2,0,AFC Asian Cup qualification,Namangan,Uzbekistan,FALSE
2022-07-13,Senegal,Eswatini,1,1,COSAFA Cup,KwaMashu,South Africa,TRUE
2022-07-13,South Africa,Mozambique,0,0,COSAFA Cup,KwaMashu,South Africa,FALSE
2022-07-15,South Africa,Madagascar,2,1,COSAFA Cup,Sugar Ray Xulu Stadium,South Africa,FALSE
2022-07-15,Zambia,Senegal,4,3,COSAFA Cup,Durban,South Africa,TRUE
2022-07-17,Mozambique,Senegal,1,1,COSAFA Cup,Moses Mabhida Stadium,South Africa,TRUE
2022-07-17,South Africa,Botswana,2,1,COSAFA Cup,Sugar Ray Xulu Stadium,South Africa,FALSE
2022-07-19,Japan,Hong Kong,6,0,EAFF Championship,Kashima,Japan,FALSE
2022-07-20,China,South Korea,0,3,EAFF Championship,Toyota,Japan,TRUE
2022-07-24,Japan,China,0,0,EAFF Championship,Toyota,Japan,FALSE
2022-07-24,South Korea,Hong Kong,3,0,EAFF Championship,Toyota,Japan,TRUE
2022-07-27,Japan,South Korea,3,0,EAFF Championship,Toyota,Japan,FALSE
2022-08-31,Mexico,Paraguay,0,1,Friendly,Atlanta,United States,TRUE
2022-09-21,Scotland,Ukraine,3,0,UEFA Nations League,Glasgow,Scotland,FALSE
2022-09-22,Australia,New Zealand,1,0,Friendly,Brisbane,Australia,FALSE
2022-09-22,Belgium,Wales,2,1,UEFA Nations League,Brussels,Belgium,FALSE
2022-09-22,Comoros,Tunisia,0,1,Friendly,Orléans,France,TRUE
2022-09-22,Croatia,Denmark,2,1,UEFA Nations League,Zagreb,Croatia,FALSE
2022-09-22,France,Austria,2,0,UEFA Nations League,Paris,France,FALSE
2022-09-22,Poland,Netherlands,0,2,UEFA Nations League,Warsaw,Poland,FALSE
2022-09-22,Turkey,Luxembourg,3,3,UEFA Nations League,Istanbul,Turkey,FALSE
2022-09-23,Algeria,Guinea,1,0,Friendly,Oran,Algeria,FALSE
2022-09-23,Argentina,Honduras,3,0,Friendly,Miami Gardens,United States,TRUE
2022-09-23,Bahrain,Cape Verde,1,2,Friendly,Riffa,Bahrain,FALSE
2022-09-23,Bosnia and Herzegovina,Montenegro,1,0,UEFA Nations League,Zenica,Bosnia and Herzegovina,FALSE
2022-09-23,Brazil,Ghana,3,0,Friendly,Le Havre,France,TRUE
2022-09-23,Cameroon,Uzbekistan,0,2,Friendly,Goyang,South Korea,TRUE
2022-09-23,Canada,Qatar,2,0,Friendly,Vienna,Austria,TRUE
2022-09-23,DR Congo,Burkina Faso,0,1,Friendly,Casablanca,Morocco,TRUE
2022-09-23,Egypt,Niger,3,0,Friendly,Alexandria,Egypt,FALSE
2022-09-23,Germany,Hungary,0,1,UEFA Nations League,Leipzig,Germany,FALSE
2022-09-23,Iran,Uruguay,1,0,Friendly,Sankt Pölten,Austria,TRUE
2022-09-23,Iraq,Oman,1,1,Jordan International Tournament,Amman,Jordan,TRUE
2022-09-23,Italy,England,1,0,UEFA Nations League,Milan,Italy,FALSE
2022-09-23,Japan,United States,2,0,Kirin Challenge Cup,Düsseldorf,Germany,TRUE
2022-09-23,Jordan,Syria,2,0,Jordan International Tournament,Amman,Jordan,FALSE
2022-09-23,Morocco,Chile,2,0,Friendly,Barcelona,Spain,TRUE
2022-09-23,Paraguay,United Arab Emirates,1,0,Friendly,Wiener Neustadt,Austria,TRUE
2022-09-23,Saudi Arabia,Ecuador,0,0,Friendly,Murcia,Spain,TRUE
2022-09-23,South Korea,Costa Rica,2,2,Friendly,Goyang,South Korea,FALSE
2022-09-24,Bolivia,Senegal,0,2,Friendly,Orléans,France,TRUE
2022-09-24,Colombia,Guatemala,4,1,Friendly,Harrison,United States,TRUE
2022-09-24,Czech Republic,Portugal,0,4,UEFA Nations League,Prague,Czech Republic,FALSE
2022-09-24,Indonesia,Curaçao,3,2,Friendly,Bandung,Indonesia,FALSE
2022-09-24,Ivory Coast,Togo,2,1,Friendly,Rouen,France,TRUE
2022-09-24,Mexico,Peru,1,0,Friendly,Pasadena,United States,TRUE
2022-09-24,Scotland,Republic of Ireland,2,1,UEFA Nations League,Glasgow,Scotland,FALSE
2022-09-24,Serbia,Sweden,4,1,UEFA Nations League,Belgrade,Serbia,FALSE
2022-09-24,Slovenia,Norway,2,1,UEFA Nations League,Ljubljana,Slovenia,FALSE
2022-09-24,South Africa,Sierra Leone,4,0,Friendly,Johannesburg,South Africa,FALSE
2022-09-24,Spain,Switzerland,1,2,UEFA Nations League,Zaragoza,Spain,FALSE
2022-09-25,Austria,Croatia,1,3,UEFA Nations League,Vienna,Austria,FALSE
2022-09-25,Denmark,France,2,0,UEFA Nations League,Copenhagen,Denmark,FALSE
2022-09-25,Faroe Islands,Turkey,2,1,UEFA Nations League,Tórshavn,Faroe Islands,FALSE
2022-09-25,Netherlands,Belgium,1,0,UEFA Nations League,Amsterdam,Netherlands,FALSE
2022-09-25,New Zealand,Australia,0,2,Friendly,Auckland,New Zealand,FALSE
2022-09-26,England,Germany,3,3,UEFA Nations League,London,England,FALSE
2022-09-26,Iraq,Syria,1,0,Jordan International Tournament,Amman,Jordan,TRUE
2022-09-26,Jordan,Oman,1,0,Jordan International Tournament,Amman,Jordan,FALSE
2022-09-26,Romania,Bosnia and Herzegovina,4,1,UEFA Nations League,Bucharest,Romania,FALSE
2022-09-27,Algeria,Nigeria,2,1,Friendly,Oran,Algeria,FALSE
2022-09-27,Argentina,Jamaica,3,0,Friendly,Harrison,United States,TRUE
2022-09-27,Bahrain,Panama,0,2,Friendly,Riffa,Bahrain,FALSE
2022-09-27,Brazil,Tunisia,5,1,Friendly,Paris,France,TRUE
2022-09-27,Canada,Uruguay,0,2,Friendly,Bratislava,Slovakia,TRUE
2022-09-27,Costa Rica,Uzbekistan,2,1,Friendly,Suwon,South Korea,TRUE
2022-09-27,DR Congo,Sierra Leone,3,0,Friendly,Casablanca,Morocco,TRUE
2022-09-27,Ecuador,Japan,0,0,Kirin Challenge Cup,Düsseldorf,Germany,TRUE
2022-09-27,Egypt,Liberia,3,0,Friendly,Alexandria,Egypt,FALSE
2022-09-27,Ghana,Nicaragua,1,0,Friendly,Lorca,Spain,TRUE
2022-09-27,Indonesia,Curaçao,2,1,Friendly,Cibinong,Indonesia,FALSE
2022-09-27,Iran,Senegal,1,1,Friendly,Maria Enzersdorf,Austria,TRUE
2022-09-27,Ivory Coast,Guinea,3,1,Friendly,Amiens,France,TRUE
2022-09-27,Mexico,Colombia,2,3,Friendly,Santa Clara,United States,TRUE
2022-09-27,Norway,Serbia,0,2,UEFA Nations League,Oslo,Norway,FALSE
2022-09-27,Paraguay,Morocco,0,0,Friendly,Seville,Spain,TRUE
2022-09-27,Portugal,Spain,0,1,UEFA Nations League,Braga,Portugal,FALSE
2022-09-27,Qatar,Chile,2,2,Friendly,Vienna,Austria,TRUE
2022-09-27,Saudi Arabia,United States,0,0,Friendly,Murcia,Spain,TRUE
2022-09-27,South Africa,Botswana,1,0,Friendly,Johannesburg,South Africa,FALSE
2022-09-27,South Korea,Cameroon,1,0,Friendly,Seoul,South Korea,FALSE
2022-09-27,Sweden,Slovenia,1,1,UEFA Nations League,Stockholm,Sweden,FALSE
2022-09-27,Switzerland,Czech Republic,2,1,UEFA Nations League,St. Gallen,Switzerland,FALSE
2022-09-27,Ukraine,Scotland,0,0,UEFA Nations League,Kraków,Poland,TRUE
2022-10-22,Saudi Arabia,North Macedonia,1,0,Friendly,Abu Dhabi,United Arab Emirates,TRUE
2022-10-23,Qatar,Guatemala,2,0,Friendly,Málaga,Spain,TRUE
2022-10-26,Saudi Arabia,Albania,1,1,Friendly,Abu Dhabi,United Arab Emirates,TRUE
2022-10-27,Qatar,Honduras,1,0,Friendly,Marbella,Spain,TRUE
2022-10-30,Saudi Arabia,Honduras,0,0,Friendly,Abu Dhabi,United Arab Emirates,TRUE
2022-11-06,Saudi Arabia,Iceland,1,0,Friendly,Abu Dhabi,United Arab Emirates,TRUE
2022-11-07,Qatar,Panama,2,1,Friendly,Marbella,Spain,TRUE
2022-11-09,Albania,Qatar,0,1,Friendly,Marbella,Spain,TRUE
2022-11-09,Mexico,Iraq,4,0,Friendly,Girona,Spain,TRUE
2022-11-10,Iran,Nicaragua,1,0,Friendly,Tehran,Iran,FALSE
2022-11-10,Saudi Arabia,Panama,1,1,Friendly,Abu Dhabi,United Arab Emirates,TRUE
2022-11-11,Bahrain,Canada,2,2,Friendly,Isa Town,Bahrain,FALSE
2022-11-11,South Korea,Iceland,1,0,Friendly,Hwaseong,South Korea,FALSE
2022-11-12,Iraq,Ecuador,0,0,Friendly,Madrid,Spain,TRUE
2022-11-13,Syria,Algeria,0,1,Friendly,Sharjah,United Arab Emirates,TRUE
2022-11-15,Venezuela,Panama,2,2,Friendly,Al Hamriyah,United Arab Emirates,TRUE
2022-11-16,Algeria,Mali,1,1,Friendly,Oran,Algeria,FALSE
2022-11-16,Andorra,Austria,0,1,Friendly,Málaga,Spain,TRUE
2022-11-16,Czech Republic,Faroe Islands,5,0,Friendly,Olomouc,Czech Republic,FALSE
2022-11-16,Iran,Tunisia,0,2,Friendly,Doha,Qatar,TRUE
2022-11-16,Ivory Coast,Burundi,4,0,Friendly,Marrakech,Morocco,TRUE
2022-11-16,Mexico,Sweden,1,2,Friendly,Girona,Spain,TRUE
2022-11-16,Oman,Germany,0,1,Friendly,Muscat,Oman,FALSE
2022-11-16,Peru,Paraguay,1,0,Friendly,Lima,Peru,FALSE
2022-11-16,Saudi Arabia,Croatia,0,1,Friendly,Riyadh,Saudi Arabia,FALSE
2022-11-16,Turkey,Scotland,2,1,Friendly,Diyarbakir,Turkey,FALSE
2022-11-16,United Arab Emirates,Argentina,0,5,Friendly,Abu Dhabi,United Arab Emirates,FALSE
2022-11-16,Uzbekistan,Kazakhstan,2,0,Friendly,Tashkent,Uzbekistan,FALSE
2022-11-17,Japan,Canada,1,2,Friendly,Dubai,United Arab Emirates,TRUE
2022-11-17,Jordan,Spain,1,3,Friendly,Amman,Jordan,FALSE
2022-11-17,Morocco,Georgia,3,0,Friendly,Sharjah,United Arab Emirates,TRUE
2022-11-17,Portugal,Nigeria,4,0,Friendly,Lisbon,Portugal,FALSE
2022-11-17,Republic of Ireland,Norway,1,2,Friendly,Dublin,Republic of Ireland,FALSE
2022-11-17,South Africa,Mozambique,2,1,Friendly,Mbombela,South Africa,FALSE
2022-11-17,Switzerland,Ghana,0,2,Friendly,Abu Dhabi,United Arab Emirates,TRUE
2022-11-18,Cameroon,Panama,1,1,Friendly,Abu Dhabi,United Arab Emirates,TRUE
2022-11-18,Egypt,Belgium,2,1,Friendly,Kuwait City,Kuwait,TRUE
2022-11-19,Colombia,Paraguay,2,0,Friendly,Fort Lauderdale,United States,TRUE
2022-11-19,Ivory Coast,Burkina Faso,1,2,Friendly,Marrakech,Morocco,TRUE
2022-11-19,Sweden,Algeria,2,0,Friendly,Malmö,Sweden,FALSE
2022-11-19,Turkey,Czech Republic,2,1,Friendly,Gaziantep,Turkey,FALSE
2022-11-20,Austria,Italy,2,0,Friendly,Vienna,Austria,FALSE
2022-11-20,Norway,Finland,1,1,Friendly,Oslo,Norway,FALSE
2022-11-20,Qatar,Ecuador,0,2,FIFA World Cup,Al Khor,Qatar,FALSE
2022-11-20,South Africa,Angola,1,1,Friendly,Mbombela,South Africa,FALSE
2022-11-20,Uzbekistan,Russia,0,0,Friendly,Tashkent,Uzbekistan,FALSE
2022-11-21,England,Iran,6,2,FIFA World Cup,Al Rayyan,Qatar,TRUE
2022-11-21,Senegal,Netherlands,0,2,FIFA World Cup,Doha,Qatar,TRUE
2022-11-21,United States,Wales,1,1,FIFA World Cup,Al Rayyan,Qatar,TRUE
2022-11-22,Argentina,Saudi Arabia,1,2,FIFA World Cup,Lusail,Qatar,TRUE
2022-11-22,Denmark,Tunisia,0,0,FIFA World Cup,Al Rayyan,Qatar,TRUE
2022-11-22,France,Australia,4,1,FIFA World Cup,Al Wakrah,Qatar,TRUE
2022-11-22,Mexico,Poland,0,0,FIFA World Cup,Doha,Qatar,TRUE
2022-11-23,Belgium,Canada,1,0,FIFA World Cup,Al Rayyan,Qatar,TRUE
2022-11-23,Germany,Japan,1,2,FIFA World Cup,Al Rayyan,Qatar,TRUE
2022-11-23,Morocco,Croatia,0,0,FIFA World Cup,Al Khor,Qatar,TRUE
2022-11-23,Spain,Costa Rica,7,0,FIFA World Cup,Doha,Qatar,TRUE
2022-11-24,Brazil,Serbia,2,0,FIFA World Cup,Lusail,Qatar,TRUE
2022-11-24,Portugal,Ghana,3,2,FIFA World Cup,Doha,Qatar,TRUE
2022-11-24,Switzerland,Cameroon,1,0,FIFA World Cup,Al Wakrah,Qatar,TRUE
2022-11-24,Uruguay,South Korea,0,0,FIFA World Cup,Al Rayyan,Qatar,TRUE
2022-11-25,England,United States,0,0,FIFA World Cup,Al Khor,Qatar,TRUE
2022-11-25,Netherlands,Ecuador,1,1,FIFA World Cup,Al Rayyan,Qatar,TRUE
2022-11-25,Qatar,Senegal,1,3,FIFA World Cup,Doha,Qatar,FALSE
2022-11-25,Wales,Iran,0,2,FIFA World Cup,Al Rayyan,Qatar,TRUE
2022-11-26,Argentina,Mexico,2,0,FIFA World Cup,Lusail,Qatar,TRUE
2022-11-26,France,Denmark,2,1,FIFA World Cup,Doha,Qatar,TRUE
2022-11-26,Poland,Saudi Arabia,2,0,FIFA World Cup,Al Rayyan,Qatar,TRUE
2022-11-26,Tunisia,Australia,0,1,FIFA World Cup,Al Wakrah,Qatar,TRUE
2022-11-27,Belgium,Morocco,0,2,FIFA World Cup,Doha,Qatar,TRUE
2022-11-27,Croatia,Canada,4,1,FIFA World Cup,Al Rayyan,Qatar,TRUE
2022-11-27,Japan,Costa Rica,0,1,FIFA World Cup,Al Rayyan,Qatar,TRUE
2022-11-27,Spain,Germany,1,1,FIFA World Cup,Al Khor,Qatar,TRUE
2022-11-28,Brazil,Switzerland,1,0,FIFA World Cup,Doha,Qatar,TRUE
2022-11-28,Portugal,Uruguay,2,0,FIFA World Cup,Lusail,Qatar,TRUE
2022-11-28,South Korea,Ghana,2,3,FIFA World Cup,Al Rayyan,Qatar,TRUE
2022-11-29,Ecuador,Senegal,1,2,FIFA World Cup,Al Rayyan,Qatar,TRUE
2022-11-29,Iran,United States,0,1,FIFA World Cup,Doha,Qatar,TRUE
2022-11-29,Qatar,Netherlands,0,2,FIFA World Cup,Al Khor,Qatar,FALSE
2022-11-29,Wales,England,0,3,FIFA World Cup,Al Rayyan,Qatar,TRUE
2022-11-30,Australia,Denmark,1,0,FIFA World Cup,Al Wakrah,Qatar,TRUE
2022-11-30,Poland,Argentina,0,2,FIFA World Cup,Doha,Qatar,TRUE
2022-11-30,Saudi Arabia,Mexico,1,2,FIFA World Cup,Lusail,Qatar,TRUE
2022-11-30,Tunisia,France,1,0,FIFA World Cup,Al Rayyan,Qatar,TRUE
2022-12-01,Canada,Morocco,1,2,FIFA World Cup,Doha,Qatar,TRUE
2022-12-01,Costa Rica,Germany,2,4,FIFA World Cup,Al Khor,Qatar,TRUE
2022-12-01,Croatia,Belgium,0,0,FIFA World Cup,Al Rayyan,Qatar,TRUE
2022-12-01,Japan,Spain,2,1,FIFA World Cup,Al Rayyan,Qatar,TRUE
2022-12-02,Cameroon,Brazil,1,0,FIFA World Cup,Lusail,Qatar,TRUE
2022-12-02,Ghana,Uruguay,0,2,FIFA World Cup,Al Wakrah,Qatar,TRUE
2022-12-02,Serbia,Switzerland,2,3,FIFA World Cup,Doha,Qatar,TRUE
2022-12-02,South Korea,Portugal,2,1,FIFA World Cup,Al Rayyan,Qatar,TRUE
2022-12-03,Argentina,Australia,2,1,FIFA World Cup,Al Rayyan,Qatar,TRUE
2022-12-03,Netherlands,United States,3,1,FIFA World Cup,Al Rayyan,Qatar,TRUE
2022-12-04,England,Senegal,3,0,FIFA World Cup,Al Khor,Qatar,TRUE
2022-12-04,France,Poland,3,1,FIFA World Cup,Doha,Qatar,TRUE
2022-12-05,Brazil,South Korea,4,1,FIFA World Cup,Doha,Qatar,TRUE
2022-12-05,Japan,Croatia,1,1,FIFA World Cup,Al Wakrah,Qatar,TRUE
2022-12-06,Morocco,Spain,0,0,FIFA World Cup,Al Rayyan,Qatar,TRUE
2022-12-06,Portugal,Switzerland,6,1,FIFA World Cup,Lusail,Qatar,TRUE
2022-12-09,Croatia,Brazil,1,1,FIFA World Cup,Al Rayyan,Qatar,TRUE
2022-12-09,Netherlands,Argentina,2,2,FIFA World Cup,Lusail,Qatar,TRUE
2022-12-10,England,France,1,2,FIFA World Cup,Al Khor,Qatar,TRUE
2022-12-10,Morocco,Portugal,1,0,FIFA World Cup,Doha,Qatar,TRUE
2022-12-13,Argentina,Croatia,3,0,FIFA World Cup,Lusail,Qatar,TRUE
2022-12-14,France,Morocco,2,0,FIFA World Cup,Al Khor,Qatar,TRUE
2022-12-17,Croatia,Morocco,2,1,FIFA World Cup,Al Rayyan,Qatar,TRUE
2022-12-18,Argentina,France,3,3,FIFA World Cup,Lusail,Qatar,TRUE
2022-12-30,Iraq,Kuwait,1,0,Friendly,Basra,Iraq,FALSE
2023-01-06,Iraq,Oman,0,0,Gulf Cup,Basra,Iraq,FALSE
2023-01-06,Yemen,Saudi Arabia,0,2,Gulf Cup,Basra,Iraq,TRUE
2023-01-07,Kuwait,Qatar,0,2,Gulf Cup,Basra,Iraq,TRUE
2023-01-09,Iraq,Saudi Arabia,2,0,Gulf Cup,Basra,Iraq,FALSE
2023-01-09,Sweden,Finland,2,0,Friendly,Faro-Loulé,Portugal,TRUE
2023-01-10,Qatar,Bahrain,1,2,Gulf Cup,Basra,Iraq,TRUE
2023-01-12,Iraq,Yemen,5,0,Gulf Cup,Basra,Iraq,FALSE
2023-01-12,Saudi Arabia,Oman,1,2,Gulf Cup,Basra,Iraq,TRUE
2023-01-12,Sweden,Iceland,2,1,Friendly,Faro-Loulé,Portugal,TRUE
2023-01-13,Qatar,United Arab Emirates,1,1,Gulf Cup,Basra,Iraq,TRUE
2023-01-16,Iraq,Qatar,2,1,Gulf Cup,Basra,Iraq,FALSE
2023-01-19,Iraq,Oman,3,2,Gulf Cup,Basra,Iraq,FALSE
2023-01-25,United States,Serbia,1,2,Friendly,Los Angeles,United States,FALSE
2023-01-28,United States,Colombia,0,0,Friendly,Carson,United States,FALSE
2023-03-12,Guatemala,Panama,1,1,Friendly,San Jose,United States,TRUE
2023-03-23,Algeria,Niger,2,1,African Cup of Nations qualification,Algiers,Algeria,FALSE
2023-03-23,Argentina,Panama,2,0,Friendly,Buenos Aires,Argentina,FALSE
2023-03-23,Bosnia and Herzegovina,Iceland,3,0,UEFA Euro qualification,Zenica,Bosnia and Herzegovina,FALSE
2023-03-23,Ghana,Angola,1,0,African Cup of Nations qualification,Kumasi,Ghana,FALSE
2023-03-23,Iran,Russia,1,1,Friendly,Tehran,Iran,FALSE
2023-03-23,Italy,England,1,2,UEFA Euro qualification,Napoli,Italy,FALSE
2023-03-23,New Zealand,China,0,0,Friendly,Auckland,New Zealand,FALSE
2023-03-23,Portugal,Liechtenstein,4,0,UEFA Euro qualification,Lisbon,Portugal,FALSE
2023-03-23,Suriname,Mexico,0,2,CONCACAF Nations League,Paramaribo,Suriname,FALSE
2023-03-24,Australia,Ecuador,3,1,Friendly,Sydney,Australia,FALSE
2023-03-24,Austria,Azerbaijan,4,1,UEFA Euro qualification,Pasching,Austria,FALSE
2023-03-24,Cape Verde,Eswatini,0,0,African Cup of Nations qualification,Praia,Cape Verde,FALSE
2023-03-24,Czech Republic,Poland,3,1,UEFA Euro qualification,Prague,Czech Republic,FALSE
2023-03-24,DR Congo,Mauritania,3,1,African Cup of Nations qualification,Douala,Cameroon,TRUE
2023-03-24,Egypt,Malawi,2,0,African Cup of Nations qualification,Cairo,Egypt,FALSE
2023-03-24,France,Netherlands,4,0,UEFA Euro qualification,Paris,France,FALSE
2023-03-24,Grenada,United States,1,7,CONCACAF Nations League,St. George's,Grenada,FALSE
2023-03-24,Ivory Coast,Comoros,3,1,African Cup of Nations qualification,Bouaké,Ivory Coast,FALSE
2023-03-24,Japan,Uruguay,1,1,Friendly,Tokyo,Japan,FALSE
2023-03-24,Saudi Arabia,Venezuela,1,2,Friendly,Jeddah,Saudi Arabia,FALSE
2023-03-24,Senegal,Mozambique,5,1,African Cup of Nations qualification,Diamniadio,Senegal,FALSE
2023-03-24,South Africa,Liberia,2,2,African Cup of Nations qualification,Johannesburg,South Africa,FALSE
2023-03-24,South Korea,Colombia,2,2,Friendly,Ulsan,South Korea,FALSE
2023-03-24,Sweden,Belgium,0,3,UEFA Euro qualification,Stockholm,Sweden,FALSE
2023-03-24,Tunisia,Libya,3,0,African Cup of Nations qualification,Radès,Tunisia,FALSE
2023-03-24,Uzbekistan,Bolivia,1,0,Friendly,Jeddah,Saudi Arabia,TRUE
2023-03-25,Armenia,Turkey,1,2,UEFA Euro qualification,Yerevan,Armenia,FALSE
2023-03-25,Belarus,Switzerland,0,5,UEFA Euro qualification,Novi Sad,Serbia,TRUE
2023-03-25,Croatia,Wales,1,1,UEFA Euro qualification,Split,Croatia,FALSE
2023-03-25,Curaçao,Canada,0,2,CONCACAF Nations League,Willemstad,Curaçao,FALSE
2023-03-25,Germany,Peru,2,0,Friendly,Mainz,Germany,FALSE
2023-03-25,Montserrat,Haiti,0,4,CONCACAF Nations League,Lookout,Montserrat,FALSE
2023-03-25,Morocco,Brazil,2,1,Friendly,Tangier,Morocco,FALSE
2023-03-25,Scotland,Cyprus,3,0,UEFA Euro qualification,Glasgow,Scotland,FALSE
2023-03-25,Spain,Norway,3,0,UEFA Euro qualification,Málaga,Spain,FALSE
2023-03-26,England,Ukraine,2,0,UEFA Euro qualification,London,England,FALSE
2023-03-26,Luxembourg,Portugal,0,6,UEFA Euro qualification,Luxembourg,Luxembourg,FALSE
2023-03-26,Mexico,Jamaica,2,2,CONCACAF Nations League,Mexico City,Mexico,FALSE
2023-03-26,New Zealand,China,2,1,Friendly,Wellington,New Zealand,FALSE
2023-03-26,Russia,Iraq,2,0,Friendly,Saint Petersburg,Russia,FALSE
2023-03-26,Slovakia,Bosnia and Herzegovina,2,0,UEFA Euro qualification,Bratislava,Slovakia,FALSE
2023-03-27,Angola,Ghana,1,1,African Cup of Nations qualification,Luanda,Angola,FALSE
2023-03-27,Austria,Estonia,2,1,UEFA Euro qualification,Pasching,Austria,FALSE
2023-03-27,Chile,Paraguay,3,2,Friendly,Santiago,Chile,FALSE
2023-03-27,Moldova,Czech Republic,0,0,UEFA Euro qualification,Chișinău,Moldova,FALSE
2023-03-27,Netherlands,Gibraltar,3,0,UEFA Euro qualification,Rotterdam,Netherlands,FALSE
2023-03-27,Niger,Algeria,0,1,African Cup of Nations qualification,Radès,Tunisia,TRUE
2023-03-27,Republic of Ireland,France,0,1,UEFA Euro qualification,Dublin,Republic of Ireland,FALSE
2023-03-27,Sweden,Azerbaijan,5,0,UEFA Euro qualification,Stockholm,Sweden,FALSE
2023-03-27,United States,El Salvador,1,0,CONCACAF Nations League,Orlando,United States,FALSE
2023-03-28,Argentina,Curaçao,7,0,Friendly,Santiago del Estero,Argentina,FALSE
2023-03-28,Australia,Ecuador,1,2,Friendly,Melbourne,Australia,FALSE
2023-03-28,Canada,Honduras,4,1,CONCACAF Nations League,Toronto,Canada,FALSE
2023-03-28,Comoros,Ivory Coast,0,2,African Cup of Nations qualification,Moroni,Comoros,FALSE
2023-03-28,Costa Rica,Panama,0,1,CONCACAF Nations League,San José,Costa Rica,FALSE
2023-03-28,Eswatini,Cape Verde,0,1,African Cup of Nations qualification,Mbombela,South Africa,TRUE
2023-03-28,Georgia,Norway,1,1,UEFA Euro qualification,Batumi,Georgia,FALSE
2023-03-28,Germany,Belgium,2,3,Friendly,Cologne,Germany,FALSE
2023-03-28,Haiti,Bermuda,3,1,CONCACAF Nations League,San Cristóbal,Dominican Republic,TRUE
2023-03-28,Iran,Kenya,2,1,Friendly,Tehran,Iran,FALSE
2023-03-28,Japan,Colombia,1,2,Friendly,Osaka,Japan,FALSE
2023-03-28,Jordan,Philippines,4,0,Friendly,Al Wakrah,Qatar,TRUE
2023-03-28,Liberia,South Africa,1,2,African Cup of Nations qualification,Monrovia,Liberia,FALSE
2023-03-28,Libya,Tunisia,0,1,African Cup of Nations qualification,Benghazi,Libya,FALSE
2023-03-28,Malawi,Egypt,0,4,African Cup of Nations qualification,Lilongwe,Malawi,FALSE
2023-03-28,Mauritania,DR Congo,1,1,African Cup of Nations qualification,Nouakchott,Mauritania,FALSE
2023-03-28,Morocco,Peru,0,0,Friendly,Madrid,Spain,TRUE
2023-03-28,Mozambique,Senegal,0,1,African Cup of Nations qualification,Maputo,Mozambique,FALSE
2023-03-28,Saudi Arabia,Bolivia,1,2,Friendly,Jeddah,Saudi Arabia,FALSE
2023-03-28,Scotland,Spain,2,0,UEFA Euro qualification,Glasgow,Scotland,FALSE
2023-03-28,South Korea,Uruguay,1,2,Friendly,Seoul,South Korea,FALSE
2023-03-28,Switzerland,Israel,3,0,UEFA Euro qualification,Geneva,Switzerland,FALSE
2023-03-28,Turkey,Croatia,0,2,UEFA Euro qualification,Bursa,Turkey,FALSE
2023-03-28,Uzbekistan,Venezuela,1,1,Friendly,Jeddah,Saudi Arabia,TRUE
2023-04-19,United States,Mexico,1,1,Friendly,Glendale,United States,FALSE
2023-06-07,Mexico,Guatemala,2,0,Friendly,Mazatlán,Mexico,FALSE
2023-06-10,Mexico,Cameroon,2,2,Friendly,San Diego,United States,TRUE
2023-06-10,Panama,Nicaragua,3,2,Friendly,Penonomé,Panama,FALSE
2023-06-11,Uzbekistan,Oman,3,0,CAFA Nations Cup,Tashkent,Uzbekistan,FALSE
2023-06-12,Germany,Ukraine,3,3,Friendly,Bremen,Germany,FALSE
2023-06-12,Morocco,Cape Verde,0,0,Friendly,Rabat,Morocco,FALSE
2023-06-13,Curaçao,Costa Rica,0,0,Friendly,Fort Lauderdale,United States,TRUE
2023-06-13,Iran,Afghanistan,6,1,CAFA Nations Cup,Bishkek,Kyrgyzstan,TRUE
2023-06-14,DR Congo,Uganda,1,0,Friendly,Douala,Cameroon,TRUE
2023-06-14,Guinea,Egypt,1,2,African Cup of Nations qualification,Marrakech,Morocco,TRUE
2023-06-14,Netherlands,Croatia,2,4,UEFA Nations League,Rotterdam,Netherlands,FALSE
2023-06-14,Uruguay,Nicaragua,4,1,Friendly,Montevideo,Uruguay,FALSE
2023-06-14,Uzbekistan,Turkmenistan,2,0,CAFA Nations Cup,Tashkent,Uzbekistan,FALSE
2023-06-15,Argentina,Australia,2,0,Friendly,Beijing,China,TRUE
2023-06-15,Jamaica,Qatar,1,2,Friendly,Ritzing,Austria,TRUE
2023-06-15,Japan,El Salvador,6,0,Friendly,Toyota,Japan,FALSE
2023-06-15,Panama,Canada,0,2,CONCACAF Nations League,Las Vegas,United States,TRUE
2023-06-15,Spain,Italy,2,1,UEFA Nations League,Enschede,Netherlands,TRUE
2023-06-15,United States,Mexico,3,0,CONCACAF Nations League,Las Vegas,United States,FALSE
2023-06-16,Andorra,Switzerland,1,2,UEFA Euro qualification,Andorra la Vella,Andorra,FALSE
2023-06-16,Colombia,Iraq,1,0,Friendly,Valencia,Spain,TRUE
2023-06-16,Curaçao,Saint Kitts and Nevis,1,1,Gold Cup qualification,Fort Lauderdale,United States,TRUE
2023-06-16,Gibraltar,France,0,3,UEFA Euro qualification,Faro-Loulé,Portugal,TRUE
2023-06-16,Kyrgyzstan,Iran,1,5,CAFA Nations Cup,Bishkek,Kyrgyzstan,FALSE
2023-06-16,Latvia,Turkey,2,3,UEFA Euro qualification,Riga,Latvia,FALSE
2023-06-16,Malta,England,0,4,UEFA Euro qualification,Ta' Qali,Malta,FALSE
2023-06-16,Poland,Germany,1,0,Friendly,Warsaw,Poland,FALSE
2023-06-16,Serbia,Jordan,3,2,Friendly,Vienna,Austria,TRUE
2023-06-16,South Korea,Peru,0,1,Friendly,Busan,South Korea,FALSE
2023-06-16,Sweden,New Zealand,4,1,Friendly,Stockholm,Sweden,FALSE
2023-06-17,Belgium,Austria,1,1,UEFA Euro qualification,Brussels,Belgium,FALSE
2023-06-17,Benin,Senegal,1,1,African Cup of Nations qualification,Cotonou,Benin,FALSE
2023-06-17,Brazil,Guinea,4,1,Friendly,Barcelona,Spain,TRUE
2023-06-17,Ecuador,Bolivia,1,0,Friendly,Harrison,United States,TRUE
2023-06-17,Equatorial Guinea,Tunisia,1,0,African Cup of Nations qualification,Malabo,Equatorial Guinea,FALSE
2023-06-17,Faroe Islands,Czech Republic,0,3,UEFA Euro qualification,Tórshavn,Faroe Islands,FALSE
2023-06-17,Norway,Scotland,1,2,UEFA Euro qualification,Oslo,Norway,FALSE
2023-06-17,Portugal,Bosnia and Herzegovina,3,0,UEFA Euro qualification,Lisbon,Portugal,FALSE
2023-06-17,South Africa,Morocco,2,1,African Cup of Nations qualification,Johannesburg,South Africa,FALSE
2023-06-17,Uzbekistan,Tajikistan,5,1,CAFA Nations Cup,Tashkent,Uzbekistan,FALSE
2023-06-17,Zambia,Ivory Coast,3,0,African Cup of Nations qualification,Ndola,Zambia,FALSE
2023-06-18,Cape Verde,Burkina Faso,3,1,African Cup of Nations qualification,Praia,Cape Verde,FALSE
2023-06-18,Croatia,Spain,0,0,UEFA Nations League,Rotterdam,Netherlands,TRUE
2023-06-18,Egypt,South Sudan,3,0,Friendly,Cairo,Egypt,FALSE
2023-06-18,Gabon,DR Congo,0,2,African Cup of Nations qualification,Franceville,Gabon,FALSE
2023-06-18,Madagascar,Ghana,0,0,African Cup of Nations qualification,Antananarivo,Madagascar,FALSE
2023-06-18,Netherlands,Italy,2,3,UEFA Nations League,Enschede,Netherlands,FALSE
2023-06-18,Panama,Mexico,0,1,CONCACAF Nations League,Las Vegas,United States,TRUE
2023-06-18,Paraguay,Nicaragua,2,0,Friendly,Asunción,Paraguay,FALSE
2023-06-18,Uganda,Algeria,1,2,African Cup of Nations qualification,Douala,Cameroon,TRUE
2023-06-18,United States,Canada,2,0,CONCACAF Nations League,Las Vegas,United States,FALSE
2023-06-19,England,North Macedonia,7,0,UEFA Euro qualification,Manchester,England,FALSE
2023-06-19,France,Greece,1,0,UEFA Euro qualification,Paris,France,FALSE
2023-06-19,Indonesia,Argentina,0,2,Friendly,Jakarta,Indonesia,FALSE
2023-06-19,Jamaica,Jordan,1,2,Friendly,Wiener Neustadt,Austria,TRUE
2023-06-19,Switzerland,Romania,2,2,UEFA Euro qualification,Lucerne,Switzerland,FALSE
2023-06-19,Turkey,Wales,2,0,UEFA Euro qualification,Samsun,Turkey,FALSE
2023-06-20,Algeria,Tunisia,1,1,Friendly,Annaba,Algeria,FALSE
2023-06-20,Austria,Sweden,2,0,UEFA Euro qualification,Vienna,Austria,FALSE
2023-06-20,Bosnia and Herzegovina,Luxembourg,0,2,UEFA Euro qualification,Zenica,Bosnia and Herzegovina,FALSE
2023-06-20,Brazil,Senegal,2,4,Friendly,Lisbon,Portugal,TRUE
2023-06-20,Ecuador,Costa Rica,3,1,Friendly,Chester,United States,TRUE
2023-06-20,Estonia,Belgium,0,3,UEFA Euro qualification,Tallinn,Estonia,FALSE
2023-06-20,Germany,Colombia,0,2,Friendly,Gelsenkirchen,Germany,FALSE
2023-06-20,Haiti,Trinidad and Tobago,0,0,Friendly,Palm Beach Gardens,United States,TRUE
2023-06-20,Iceland,Portugal,0,1,UEFA Euro qualification,Reykjavík,Iceland,FALSE
2023-06-20,Japan,Peru,4,1,Friendly,Suita,Japan,FALSE
2023-06-20,Montenegro,Czech Republic,1,4,Friendly,Podgorica,Montenegro,FALSE
2023-06-20,Norway,Cyprus,3,1,UEFA Euro qualification,Oslo,Norway,FALSE
2023-06-20,Scotland,Georgia,2,0,UEFA Euro qualification,Glasgow,Scotland,FALSE
2023-06-20,South Korea,El Salvador,1,1,Friendly,Daejeon,South Korea,FALSE
2023-06-20,Uruguay,Cuba,2,0,Friendly,Montevideo,Uruguay,FALSE
2023-06-20,Uzbekistan,Iran,0,1,CAFA Nations Cup,Tashkent,Uzbekistan,FALSE
2023-06-24,United States,Jamaica,1,1,Gold Cup,Chicago,United States,FALSE
2023-06-25,Haiti,Qatar,2,1,Gold Cup,Houston,United States,TRUE
2023-06-25,Mexico,Honduras,4,0,Gold Cup,Houston,United States,TRUE
2023-06-26,Costa Rica,Panama,1,2,Gold Cup,Fort Lauderdale,United States,TRUE
2023-06-27,Canada,Guadeloupe,2,2,Gold Cup,Toronto,Canada,FALSE
2023-06-28,United States,Saint Kitts and Nevis,6,0,Gold Cup,St. Louis,United States,FALSE
2023-06-29,Haiti,Mexico,1,3,Gold Cup,Glendale,United States,TRUE
2023-06-29,Qatar,Honduras,1,1,Gold Cup,Glendale,United States,TRUE
2023-06-30,Martinique,Panama,1,2,Gold Cup,Harrison,United States,TRUE
2023-07-01,Guatemala,Canada,0,0,Gold Cup,Houston,United States,TRUE
2023-07-02,Honduras,Haiti,2,1,Gold Cup,Charlotte,United States,TRUE
2023-07-02,Mexico,Qatar,0,1,Gold Cup,Santa Clara,United States,TRUE
2023-07-02,United States,Trinidad and Tobago,6,0,Gold Cup,Charlotte,United States,FALSE
2023-07-04,Canada,Cuba,4,2,Gold Cup,Houston,United States,TRUE
2023-07-04,Panama,El Salvador,2,2,Gold Cup,Houston,United States,TRUE
2023-07-05,South Africa,Namibia,1,1,COSAFA Cup,Durban,South Africa,FALSE
2023-07-08,Mexico,Costa Rica,2,0,Gold Cup,Arlington,United States,TRUE
2023-07-08,Panama,Qatar,4,0,Gold Cup,Arlington,United States,TRUE
2023-07-08,South Africa,Botswana,2,1,COSAFA Cup,Durban,South Africa,FALSE
2023-07-09,United States,Canada,2,2,Gold Cup,Cincinnati,United States,FALSE
2023-07-11,South Africa,Eswatini,2,1,COSAFA Cup,KwaMashu,South Africa,FALSE
2023-07-12,Jamaica,Mexico,0,3,Gold Cup,Paradise,United States,TRUE
2023-07-12,United States,Panama,1,1,Gold Cup,San Diego,United States,FALSE
2023-07-14,South Africa,Zambia,1,2,COSAFA Cup,Durban,South Africa,FALSE
2023-07-16,Mexico,Panama,1,0,Gold Cup,Inglewood,United States,TRUE
2023-07-16,South Africa,Malawi,0,0,COSAFA Cup,Durban,South Africa,FALSE
2023-08-27,Bolivia,Panama,1,2,Friendly,Cochabamba,Bolivia,FALSE
2023-09-07,Algeria,Tanzania,0,0,African Cup of Nations qualification,Annaba,Algeria,FALSE
2023-09-07,Argentina,Ecuador,1,0,FIFA World Cup qualification,Buenos Aires,Argentina,FALSE
2023-09-07,Austria,Moldova,1,1,Friendly,Pasching,Austria,FALSE
2023-09-07,Bulgaria,Iran,0,1,Friendly,Plovdiv,Bulgaria,FALSE
2023-09-07,Colombia,Venezuela,1,0,FIFA World Cup qualification,Barranquilla,Colombia,FALSE
2023-09-07,Czech Republic,Albania,1,1,UEFA Euro qualification,Prague,Czech Republic,FALSE
2023-09-07,France,Republic of Ireland,2,0,UEFA Euro qualification,Paris,France,FALSE
2023-09-07,Ghana,Central African Republic,2,1,African Cup of Nations qualification,Kumasi,Ghana,FALSE
2023-09-07,Iraq,India,2,2,King's Cup,Chiang Mai,Thailand,TRUE
2023-09-07,Netherlands,Greece,3,0,UEFA Euro qualification,Eindhoven,Netherlands,FALSE
2023-09-07,Norway,Jordan,6,0,Friendly,Oslo,Norway,FALSE
2023-09-07,Panama,Martinique,3,0,CONCACAF Nations League,Panama City,Panama,FALSE
2023-09-07,Paraguay,Peru,0,0,FIFA World Cup qualification,Ciudad del Este,Paraguay,FALSE
2023-09-07,Qatar,Kenya,1,2,Friendly,Al Wakrah,Qatar,FALSE
2023-09-07,Trinidad and Tobago,Curaçao,1,0,CONCACAF Nations League,Port of Spain,Trinidad and Tobago,FALSE
2023-09-07,Tunisia,Botswana,3,0,African Cup of Nations qualification,Radès,Tunisia,FALSE
2023-09-07,Wales,South Korea,0,0,Friendly,Cardiff,Wales,FALSE
2023-09-08,Bosnia and Herzegovina,Liechtenstein,2,1,UEFA Euro qualification,Zenica,Bosnia and Herzegovina,FALSE
2023-09-08,Brazil,Bolivia,5,1,FIFA World Cup qualification,Belém,Brazil,FALSE
2023-09-08,Costa Rica,Saudi Arabia,3,1,Friendly,Newcastle,England,TRUE
2023-09-08,Croatia,Latvia,5,0,UEFA Euro qualification,Rijeka,Croatia,FALSE
2023-09-08,Cyprus,Scotland,0,3,UEFA Euro qualification,Larnaca,Cyprus,FALSE
2023-09-08,Egypt,Ethiopia,1,0,African Cup of Nations qualification,Cairo,Egypt,FALSE
2023-09-08,Georgia,Spain,1,7,UEFA Euro qualification,Tbilisi,Georgia,FALSE
2023-09-08,Haiti,Cuba,0,0,CONCACAF Nations League,Santo Domingo,Dominican Republic,TRUE
2023-09-08,Slovakia,Portugal,0,1,UEFA Euro qualification,Bratislava,Slovakia,FALSE
2023-09-08,Turkey,Armenia,1,1,UEFA Euro qualification,Eskişehir,Turkey,FALSE
2023-09-08,Uruguay,Chile,3,1,FIFA World Cup qualification,Montevideo,Uruguay,FALSE
2023-09-09,Azerbaijan,Belgium,0,1,UEFA Euro qualification,Baku,Azerbaijan,FALSE
2023-09-09,DR Congo,Sudan,2,0,African Cup of Nations qualification,Kinshasa,DR Congo,FALSE
2023-09-09,Estonia,Sweden,0,5,UEFA Euro qualification,Tallinn,Estonia,FALSE
2023-09-09,Germany,Japan,1,4,Friendly,Wolfsburg,Germany,FALSE
2023-09-09,Ivory Coast,Lesotho,1,0,African Cup of Nations qualification,San-Pédro,Ivory Coast,FALSE
2023-09-09,Kosovo,Switzerland,2,2,UEFA Euro qualification,Pristina,Kosovo,FALSE
2023-09-09,Mexico,Australia,2,2,Friendly,Arlington,United States,TRUE
2023-09-09,Rwanda,Senegal,1,1,African Cup of Nations qualification,Butare,Rwanda,FALSE
2023-09-09,South Africa,Namibia,0,0,Friendly,Johannesburg,South Africa,FALSE
2023-09-09,Ukraine,England,1,1,UEFA Euro qualification,Wrocław,Poland,TRUE
2023-09-09,United States,Uzbekistan,3,0,Friendly,St. Louis,United States,FALSE
2023-09-10,Guatemala,Panama,1,1,CONCACAF Nations League,Guatemala City,Guatemala,FALSE
2023-09-10,Hungary,Czech Republic,1,1,Friendly,Budapest,Hungary,FALSE
2023-09-10,Martinique,Curaçao,1,0,CONCACAF Nations League,Fort-de-France,Martinique,FALSE
2023-09-10,Republic of Ireland,Netherlands,1,2,UEFA Euro qualification,Dublin,Republic of Ireland,FALSE
2023-09-10,Thailand,Iraq,2,2,King's Cup,Chiang Mai,Thailand,FALSE
2023-09-10,Togo,Cape Verde,3,2,African Cup of Nations qualification,Lomé,Togo,FALSE
2023-09-11,Armenia,Croatia,0,1,UEFA Euro qualification,Yerevan,Armenia,FALSE
2023-09-11,Iceland,Bosnia and Herzegovina,1,0,UEFA Euro qualification,Reykjavík,Iceland,FALSE
2023-09-11,Portugal,Luxembourg,9,0,UEFA Euro qualification,São João da Venda,Portugal,FALSE
2023-09-12,Azerbaijan,Jordan,2,1,Friendly,Baku,Azerbaijan,FALSE
2023-09-12,Belgium,Estonia,5,0,UEFA Euro qualification,Brussels,Belgium,FALSE
2023-09-12,Bolivia,Argentina,0,3,FIFA World Cup qualification,La Paz,Bolivia,FALSE
2023-09-12,Chile,Colombia,0,0,FIFA World Cup qualification,Santiago,Chile,FALSE
2023-09-12,Ecuador,Uruguay,2,1,FIFA World Cup qualification,Quito,Ecuador,FALSE
2023-09-12,Egypt,Tunisia,1,3,Friendly,Cairo,Egypt,FALSE
2023-09-12,Germany,France,2,1,Friendly,Dortmund,Germany,FALSE
2023-09-12,Ghana,Liberia,3,1,Friendly,Accra,Ghana,FALSE
2023-09-12,Iran,Angola,4,0,Friendly,Tehran,Iran,FALSE
2023-09-12,Jamaica,Haiti,2,2,CONCACAF Nations League,Kingston,Jamaica,FALSE
2023-09-12,Japan,Turkey,4,2,Friendly,Genk,Belgium,TRUE
2023-09-12,Mexico,Uzbekistan,3,3,Friendly,Atlanta,United States,TRUE
2023-09-12,Morocco,Burkina Faso,1,0,Friendly,Lens,France,TRUE
2023-09-12,Norway,Georgia,2,1,UEFA Euro qualification,Oslo,Norway,FALSE
2023-09-12,Peru,Brazil,0,1,FIFA World Cup qualification,Lima,Peru,FALSE
2023-09-12,Qatar,Russia,1,1,Friendly,Al Wakrah,Qatar,FALSE
2023-09-12,Scotland,England,1,3,Friendly,Glasgow,Scotland,FALSE
2023-09-12,Senegal,Algeria,0,1,Friendly,Diamniadio,Senegal,FALSE
2023-09-12,South Africa,DR Congo,1,0,Friendly,Johannesburg,South Africa,FALSE
2023-09-12,South Korea,Saudi Arabia,1,0,Friendly,Newcastle,England,TRUE
2023-09-12,Spain,Cyprus,6,0,UEFA Euro qualification,Granada,Spain,FALSE
2023-09-12,Sweden,Austria,1,3,UEFA Euro qualification,Stockholm,Sweden,FALSE
2023-09-12,Switzerland,Andorra,3,0,UEFA Euro qualification,Sion,Switzerland,FALSE
2023-09-12,United States,Oman,4,0,Friendly,Saint Paul,United States,FALSE
2023-09-12,Venezuela,Paraguay,1,0,FIFA World Cup qualification,Maturín,Venezuela,FALSE
2023-10-12,Albania,Czech Republic,3,0,UEFA Euro qualification,Tirana,Albania,FALSE
2023-10-12,Algeria,Cape Verde,5,1,Friendly,Constantine,Algeria,FALSE
2023-10-12,Argentina,Paraguay,1,0,FIFA World Cup qualification,Buenos Aires,Argentina,FALSE
2023-10-12,Bolivia,Ecuador,1,2,FIFA World Cup qualification,La Paz,Bolivia,FALSE
2023-10-12,Brazil,Venezuela,1,1,FIFA World Cup qualification,Cuiabá,Brazil,FALSE
2023-10-12,Colombia,Uruguay,2,2,FIFA World Cup qualification,Barranquilla,Colombia,FALSE
2023-10-12,Croatia,Turkey,0,1,UEFA Euro qualification,Osijek,Croatia,FALSE
2023-10-12,Cyprus,Norway,0,4,UEFA Euro qualification,Larnaca,Cyprus,FALSE
2023-10-12,Egypt,Zambia,1,0,Friendly,Al Ain,United Arab Emirates,TRUE
2023-10-12,Spain,Scotland,2,0,UEFA Euro qualification,Seville,Spain,FALSE
2023-10-12,Suriname,Haiti,1,1,CONCACAF Nations League,Paramaribo,Suriname,FALSE
2023-10-12,Sweden,Moldova,3,1,Friendly,Stockholm,Sweden,FALSE
2023-10-13,Austria,Belgium,2,3,UEFA Euro qualification,Vienna,Austria,FALSE
2023-10-13,Curaçao,Panama,1,2,CONCACAF Nations League,Willemstad,Curaçao,FALSE
2023-10-13,DR Congo,New Zealand,1,1,Friendly,Murcia,Spain,TRUE
2023-10-13,England,Australia,1,0,Friendly,London,England,FALSE
2023-10-13,Iraq,Qatar,0,0,Friendly,Amman,Jordan,TRUE
2023-10-13,Japan,Canada,4,1,Friendly,Niigata,Japan,FALSE
2023-10-13,Liechtenstein,Bosnia and Herzegovina,0,2,UEFA Euro qualification,Vaduz,Liechtenstein,FALSE
2023-10-13,Netherlands,France,1,2,UEFA Euro qualification,Amsterdam,Netherlands,FALSE
2023-10-13,Nigeria,Saudi Arabia,2,2,Friendly,Portimão,Portugal,TRUE
2023-10-13,Portugal,Slovakia,3,2,UEFA Euro qualification,Porto,Portugal,FALSE
2023-10-13,South Africa,Eswatini,0,0,Friendly,Johannesburg,South Africa,FALSE
2023-10-13,South Korea,Tunisia,4,0,Friendly,Seoul,South Korea,FALSE
2023-10-13,Vietnam,Uzbekistan,0,2,Friendly,Dalian,China,TRUE
2023-10-14,Ivory Coast,Morocco,1,1,Friendly,Abidjan,Ivory Coast,FALSE
2023-10-14,Mexico,Ghana,2,0,Friendly,Charlotte,United States,TRUE
2023-10-14,United States,Germany,1,3,Friendly,East Hartford,United States,FALSE
2023-10-15,Czech Republic,Faroe Islands,1,0,UEFA Euro qualification,Plzeň,Czech Republic,FALSE
2023-10-15,Haiti,Jamaica,2,3,CONCACAF Nations League,Port of Spain,Trinidad and Tobago,TRUE
2023-10-15,Norway,Spain,0,1,UEFA Euro qualification,Oslo,Norway,FALSE
2023-10-15,Switzerland,Belarus,3,3,UEFA Euro qualification,St. Gallen,Switzerland,FALSE
2023-10-15,Turkey,Latvia,4,0,UEFA Euro qualification,Konya,Turkey,FALSE
2023-10-15,Wales,Croatia,2,1,UEFA Euro qualification,Cardiff,Wales,FALSE
2023-10-16,Algeria,Egypt,1,1,Friendly,Al Ain,United Arab Emirates,TRUE
2023-10-16,Azerbaijan,Austria,0,1,UEFA Euro qualification,Baku,Azerbaijan,FALSE
2023-10-16,Belgium,Sweden,1,1,UEFA Euro qualification,Brussels,Belgium,FALSE
2023-10-16,Bosnia and Herzegovina,Portugal,0,5,UEFA Euro qualification,Zenica,Bosnia and Herzegovina,FALSE
2023-10-16,China,Uzbekistan,1,2,Friendly,Dalian,China,FALSE
2023-10-16,Greece,Netherlands,0,1,UEFA Euro qualification,Athens,Greece,FALSE
2023-10-16,Senegal,Cameroon,1,0,Friendly,Lens,France,TRUE
2023-10-17,Angola,DR Congo,0,0,Friendly,Setúbal,Portugal,TRUE
2023-10-17,Australia,New Zealand,2,0,Soccer Ashes,Brentford,England,TRUE
2023-10-17,Cape Verde,Comoros,1,2,Friendly,Fos-sur-Mer,Cape Verde,FALSE
2023-10-17,Curaçao,Trinidad and Tobago,5,3,CONCACAF Nations League,Willemstad,Curaçao,FALSE
2023-10-17,Ecuador,Colombia,0,0,FIFA World Cup qualification,Quito,Ecuador,FALSE
2023-10-17,England,Italy,3,1,UEFA Euro qualification,London,England,FALSE
2023-10-17,France,Scotland,4,1,Friendly,Lille,France,FALSE
2023-10-17,Ivory Coast,South Africa,1,1,Friendly,Abidjan,Ivory Coast,FALSE
2023-10-17,Mali,Saudi Arabia,3,1,Friendly,Portimão,Portugal,TRUE
2023-10-17,Mexico,Germany,2,2,Friendly,Philadelphia,United States,TRUE
2023-10-17,Morocco,Liberia,3,0,African Cup of Nations qualification,Agadir,Morocco,FALSE
2023-10-17,Panama,Guatemala,3,0,CONCACAF Nations League,Panama City,Panama,FALSE
2023-10-17,Paraguay,Bolivia,1,0,FIFA World Cup qualification,Asunción,Paraguay,FALSE
2023-10-17,Peru,Argentina,0,2,FIFA World Cup qualification,Lima,Peru,FALSE
2023-10-17,South Korea,Vietnam,6,0,Friendly,Suwon,South Korea,FALSE
2023-10-17,United States,Ghana,4,0,Friendly,Nashville,United States,FALSE
2023-10-17,Uruguay,Brazil,2,0,FIFA World Cup qualification,Montevideo,Uruguay,FALSE
2023-11-15,Belgium,Serbia,1,0,Friendly,Leuven,Belgium,FALSE
2023-11-15,DR Congo,Mauritania,2,0,FIFA World Cup qualification,Kinshasa,DR Congo,FALSE
2023-11-15,Israel,Switzerland,1,1,UEFA Euro qualification,Felcsút,Hungary,TRUE
2023-11-16,Algeria,Somalia,3,1,FIFA World Cup qualification,Algiers,Algeria,FALSE
2023-11-16,Argentina,Uruguay,0,2,FIFA World Cup qualification,Buenos Aires,Argentina,FALSE
2023-11-16,Australia,Bangladesh,7,0,FIFA World Cup qualification,Melbourne,Australia,FALSE
2023-11-16,Azerbaijan,Sweden,3,0,UEFA Euro qualification,Baku,Azerbaijan,FALSE
2023-11-16,Cape Verde,Angola,0,0,FIFA World Cup qualification,Praia,Cape Verde,FALSE
2023-11-16,Chile,Paraguay,0,0,FIFA World Cup qualification,Santiago,Chile,FALSE
2023-11-16,Colombia,Brazil,2,1,FIFA World Cup qualification,Barranquilla,Colombia,FALSE
2023-11-16,Costa Rica,Panama,0,3,CONCACAF Nations League,San José,Costa Rica,FALSE
2023-11-16,Curaçao,El Salvador,1,1,Friendly,Willemstad,Curaçao,FALSE
2023-11-16,Cyprus,Spain,1,3,UEFA Euro qualification,Limassol,Cyprus,FALSE
2023-11-16,Egypt,Djibouti,6,0,FIFA World Cup qualification,Cairo,Egypt,FALSE
2023-11-16,Estonia,Austria,0,2,UEFA Euro qualification,Tallinn,Estonia,FALSE
2023-11-16,Georgia,Scotland,2,2,UEFA Euro qualification,Tbilisi,Georgia,FALSE
2023-11-16,Iran,Hong Kong,4,0,FIFA World Cup qualification,Tehran,Iran,FALSE
2023-11-16,Iraq,Indonesia,5,1,FIFA World Cup qualification,Basra,Iraq,FALSE
2023-11-16,Japan,Myanmar,5,0,FIFA World Cup qualification,Suita,Japan,FALSE
2023-11-16,Liechtenstein,Portugal,0,2,UEFA Euro qualification,Vaduz,Liechtenstein,FALSE
2023-11-16,Luxembourg,Bosnia and Herzegovina,4,1,UEFA Euro qualification,Luxembourg,Luxembourg,FALSE
2023-11-16,Norway,Faroe Islands,2,0,Friendly,Oslo,Norway,FALSE
2023-11-16,Qatar,Afghanistan,8,1,FIFA World Cup qualification,Al Rayyan,Qatar,FALSE
2023-11-16,Saudi Arabia,Pakistan,4,0,FIFA World Cup qualification,Al Hofuf,Saudi Arabia,FALSE
2023-11-16,South Korea,Singapore,5,0,FIFA World Cup qualification,Seoul,South Korea,FALSE
2023-11-16,Tajikistan,Jordan,1,1,FIFA World Cup qualification,Dushanbe,Tajikistan,FALSE
2023-11-16,Turkmenistan,Uzbekistan,1,3,FIFA World Cup qualification,Ashgabat,Turkmenistan,FALSE
2023-11-16,United States,Trinidad and Tobago,3,0,CONCACAF Nations League,Austin,United States,FALSE
2023-11-16,Venezuela,Ecuador,0,0,FIFA World Cup qualification,Maturín,Venezuela,FALSE
2023-11-17,England,Malta,2,0,UEFA Euro qualification,London,England,FALSE
2023-11-17,Ghana,Madagascar,1,0,FIFA World Cup qualification,Kumasi,Ghana,FALSE
2023-11-17,Greece,New Zealand,2,0,Friendly,Athens,Greece,FALSE
2023-11-17,Honduras,Mexico,2,0,CONCACAF Nations League,Tegucigalpa,Honduras,FALSE
2023-11-17,Ivory Coast,Seychelles,9,0,FIFA World Cup qualification,Abidjan,Ivory Coast,FALSE
2023-11-17,Poland,Czech Republic,1,1,UEFA Euro qualification,Warsaw,Poland,FALSE
2023-11-17,Tunisia,São Tomé and Príncipe,4,0,FIFA World Cup qualification,Radès,Tunisia,FALSE
2023-11-18,France,Gibraltar,14,0,UEFA Euro qualification,Nice,France,FALSE
2023-11-18,Germany,Turkey,2,3,Friendly,Berlin,Germany,FALSE
2023-11-18,Jamaica,Canada,1,2,CONCACAF Nations League,Kingston,Jamaica,FALSE
2023-11-18,Latvia,Croatia,0,2,UEFA Euro qualification,Riga,Latvia,FALSE
2023-11-18,Netherlands,Republic of Ireland,1,0,UEFA Euro qualification,Amsterdam,Netherlands,FALSE
2023-11-18,Senegal,South Sudan,4,0,FIFA World Cup qualification,Diamniadio,Senegal,FALSE
2023-11-18,South Africa,Benin,2,1,FIFA World Cup qualification,Durban,South Africa,FALSE
2023-11-18,Switzerland,Kosovo,1,1,UEFA Euro qualification,Basel,Switzerland,FALSE
2023-11-19,Belgium,Azerbaijan,5,0,UEFA Euro qualification,Brussels,Belgium,FALSE
2023-11-19,Bosnia and Herzegovina,Slovakia,1,2,UEFA Euro qualification,Zenica,Bosnia and Herzegovina,FALSE
2023-11-19,Mozambique,Algeria,0,2,FIFA World Cup qualification,Maputo,Mozambique,FALSE
2023-11-19,Portugal,Iceland,2,0,UEFA Euro qualification,Lisbon,Portugal,FALSE
2023-11-19,Scotland,Norway,3,3,UEFA Euro qualification,Glasgow,Scotland,FALSE
2023-11-19,Sierra Leone,Egypt,0,2,FIFA World Cup qualification,Monrovia,Liberia,TRUE
2023-11-19,Spain,Georgia,3,1,UEFA Euro qualification,Valladolid,Spain,FALSE
2023-11-19,Sudan,DR Congo,1,0,FIFA World Cup qualification,Benghazi,Libya,TRUE
2023-11-19,Sweden,Estonia,2,0,UEFA Euro qualification,Stockholm,Sweden,FALSE
2023-11-20,Curaçao,El Salvador,1,1,Friendly,Willemstad,Curaçao,FALSE
2023-11-20,Czech Republic,Moldova,3,0,UEFA Euro qualification,Olomouc,Czech Republic,FALSE
2023-11-20,Gambia,Ivory Coast,0,2,FIFA World Cup qualification,Dar es Salaam,Tanzania,TRUE
2023-11-20,North Macedonia,England,1,1,UEFA Euro qualification,Skopje,North Macedonia,FALSE
2023-11-20,Panama,Costa Rica,3,1,CONCACAF Nations League,Panama City,Panama,FALSE
2023-11-20,Trinidad and Tobago,United States,2,1,CONCACAF Nations League,Port of Spain,Trinidad and Tobago,FALSE
2023-11-21,Austria,Germany,2,0,Friendly,Vienna,Austria,FALSE
2023-11-21,Brazil,Argentina,0,1,FIFA World Cup qualification,Rio de Janeiro,Brazil,FALSE
2023-11-21,Canada,Jamaica,2,3,CONCACAF Nations League,Toronto,Canada,FALSE
2023-11-21,China,South Korea,0,3,FIFA World Cup qualification,Shenzhen,China,FALSE
2023-11-21,Comoros,Ghana,1,0,FIFA World Cup qualification,Moroni,Comoros,FALSE
2023-11-21,Croatia,Armenia,1,0,UEFA Euro qualification,Zagreb,Croatia,FALSE
2023-11-21,Ecuador,Chile,1,0,FIFA World Cup qualification,Quito,Ecuador,FALSE
2023-11-21,Eswatini,Cape Verde,0,2,FIFA World Cup qualification,Mbombela,South Africa,TRUE
2023-11-21,Gibraltar,Netherlands,0,6,UEFA Euro qualification,Faro-Loulé,Portugal,TRUE
2023-11-21,Greece,France,2,2,UEFA Euro qualification,Athens,Greece,FALSE
2023-11-21,India,Qatar,0,3,FIFA World Cup qualification,Bhubaneswar,India,FALSE
2023-11-21,Jordan,Saudi Arabia,0,2,FIFA World Cup qualification,Amman,Jordan,FALSE
2023-11-21,Malawi,Tunisia,0,1,FIFA World Cup qualification,Lilongwe,Malawi,FALSE
2023-11-21,Mexico,Honduras,2,0,CONCACAF Nations League,Mexico City,Mexico,FALSE
2023-11-21,Palestine,Australia,0,1,FIFA World Cup qualification,Kuwait City,Kuwait,TRUE
2023-11-21,Paraguay,Colombia,0,1,FIFA World Cup qualification,Asunción,Paraguay,FALSE
2023-11-21,Republic of Ireland,New Zealand,1,1,Friendly,Dublin,Republic of Ireland,FALSE
2023-11-21,Romania,Switzerland,1,0,UEFA Euro qualification,Bucharest,Romania,FALSE
2023-11-21,Rwanda,South Africa,2,0,FIFA World Cup qualification,Butare,Rwanda,FALSE
2023-11-21,Syria,Japan,0,5,FIFA World Cup qualification,Jeddah,Saudi Arabia,TRUE
2023-11-21,Tanzania,Morocco,0,2,FIFA World Cup qualification,Dar es Salaam,Tanzania,FALSE
2023-11-21,Togo,Senegal,0,0,FIFA World Cup qualification,Lomé,Togo,FALSE
2023-11-21,Uruguay,Bolivia,3,0,FIFA World Cup qualification,Montevideo,Uruguay,FALSE
2023-11-21,Uzbekistan,Iran,2,2,FIFA World Cup qualification,Tashkent,Uzbekistan,FALSE
2023-11-21,Vietnam,Iraq,0,1,FIFA World Cup qualification,Hanoi,Vietnam,FALSE
2023-11-21,Wales,Turkey,1,1,UEFA Euro qualification,Cardiff,Wales,FALSE
2023-12-16,Mexico,Colombia,2,3,Friendly,Los Angeles,United States,TRUE
2024-01-01,Japan,Thailand,5,0,Friendly,Tokyo,Japan,FALSE
2024-01-04,Saudi Arabia,Lebanon,1,0,Friendly,Doha,Qatar,TRUE
2024-01-05,Iran,Burkina Faso,2,1,Friendly,Kish,Iran,FALSE
2024-01-05,Qatar,Jordan,1,2,Friendly,Al Rayyan,Qatar,FALSE
2024-01-05,Togo,Algeria,0,3,Friendly,Lomé,Togo,FALSE
2024-01-06,Bahrain,Australia,0,2,Friendly,Abu Dhabi,United Arab Emirates,TRUE
2024-01-06,DR Congo,Angola,0,0,Friendly,Dubai,United Arab Emirates,TRUE
2024-01-06,Iraq,South Korea,0,1,Friendly,Abu Dhabi,United Arab Emirates,TRUE
2024-01-06,Ivory Coast,Sierra Leone,5,1,Friendly,San-Pédro,Ivory Coast,FALSE
2024-01-06,Tunisia,Mauritania,0,0,Friendly,Radès,Tunisia,FALSE
2024-01-07,Egypt,Tanzania,2,0,Friendly,Cairo,Egypt,FALSE
2024-01-07,Uzbekistan,Palestine,1,0,Friendly,Doha,Qatar,TRUE
2024-01-08,Ghana,Namibia,0,0,Friendly,Kumasi,Ghana,FALSE
2024-01-08,Senegal,Niger,1,0,Friendly,Dakar,Senegal,FALSE
2024-01-09,Burundi,Algeria,0,4,Friendly,Lomé,Togo,TRUE
2024-01-09,Indonesia,Iran,0,5,Friendly,Al Rayyan,Qatar,TRUE
2024-01-09,Japan,Jordan,6,1,Friendly,Doha,Qatar,TRUE
2024-01-09,Saudi Arabia,Palestine,0,0,Friendly,Al Wakrah,Qatar,TRUE
2024-01-10,DR Congo,Burkina Faso,1,2,Friendly,Abu Dhabi,United Arab Emirates,TRUE
2024-01-10,Saudi Arabia,Hong Kong,2,0,Friendly,Al Wakrah,Qatar,TRUE
2024-01-10,South Africa,Lesotho,0,0,Friendly,Pretoria,South Africa,FALSE
2024-01-10,Tunisia,Cape Verde,2,0,Friendly,Radès,Tunisia,FALSE
2024-01-11,Morocco,Sierra Leone,3,1,Friendly,San-Pédro,Ivory Coast,TRUE
2024-01-12,Qatar,Lebanon,3,0,AFC Asian Cup,Lusail,Qatar,FALSE
2024-01-12,Sweden,Estonia,2,1,Friendly,Paphos,Cyprus,TRUE
2024-01-13,Australia,India,2,0,AFC Asian Cup,Al Rayyan,Qatar,TRUE
2024-01-13,Ivory Coast,Guinea-Bissau,2,0,African Cup of Nations,Ebimpé,Ivory Coast,FALSE
2024-01-13,Uzbekistan,Syria,0,0,AFC Asian Cup,Doha,Qatar,TRUE
2024-01-14,Egypt,Mozambique,2,2,African Cup of Nations,Abidjan,Ivory Coast,TRUE
2024-01-14,Ghana,Cape Verde,1,2,African Cup of Nations,Abidjan,Ivory Coast,TRUE
2024-01-14,Iran,Palestine,4,1,AFC Asian Cup,Al Rayyan,Qatar,TRUE
2024-01-14,Japan,Vietnam,4,2,AFC Asian Cup,Doha,Qatar,TRUE
2024-01-15,Algeria,Angola,1,1,African Cup of Nations,Bouaké,Ivory Coast,TRUE
2024-01-15,Indonesia,Iraq,1,3,AFC Asian Cup,Doha,Qatar,TRUE
2024-01-15,Malaysia,Jordan,0,4,AFC Asian Cup,Al Wakrah,Qatar,TRUE
2024-01-15,Senegal,Gambia,3,0,African Cup of Nations,Yamoussoukro,Ivory Coast,TRUE
2024-01-15,South Korea,Bahrain,3,1,AFC Asian Cup,Doha,Qatar,TRUE
2024-01-16,Mali,South Africa,2,0,African Cup of Nations,Korhogo,Ivory Coast,TRUE
2024-01-16,Saudi Arabia,Oman,2,1,AFC Asian Cup,Al Rayyan,Qatar,TRUE
2024-01-16,Tunisia,Namibia,0,1,African Cup of Nations,Korhogo,Ivory Coast,TRUE
2024-01-17,DR Congo,Zambia,1,1,African Cup of Nations,San-Pédro,Ivory Coast,TRUE
2024-01-17,Morocco,Tanzania,3,0,African Cup of Nations,San-Pédro,Ivory Coast,TRUE
2024-01-17,Qatar,Tajikistan,1,0,AFC Asian Cup,Al Khor,Qatar,FALSE
2024-01-18,Egypt,Ghana,2,2,African Cup of Nations,Abidjan,Ivory Coast,TRUE
2024-01-18,India,Uzbekistan,0,3,AFC Asian Cup,Al Rayyan,Qatar,TRUE
2024-01-18,Ivory Coast,Nigeria,0,1,African Cup of Nations,Ebimpé,Ivory Coast,FALSE
2024-01-18,Syria,Australia,0,1,AFC Asian Cup,Doha,Qatar,TRUE
2024-01-19,Cape Verde,Mozambique,3,0,African Cup of Nations,Abidjan,Ivory Coast,TRUE
2024-01-19,Hong Kong,Iran,0,1,AFC Asian Cup,Al Rayyan,Qatar,TRUE
2024-01-19,Iraq,Japan,2,1,AFC Asian Cup,Al Rayyan,Qatar,TRUE
2024-01-19,Senegal,Cameroon,3,1,African Cup of Nations,Yamoussoukro,Ivory Coast,TRUE
2024-01-20,Algeria,Burkina Faso,2,2,African Cup of Nations,Bouaké,Ivory Coast,TRUE
2024-01-20,Jordan,South Korea,2,2,AFC Asian Cup,Doha,Qatar,TRUE
2024-01-20,Tunisia,Mali,1,1,African Cup of Nations,Korhogo,Ivory Coast,TRUE
2024-01-20,United States,Slovenia,0,1,Friendly,San Antonio,United States,FALSE
2024-01-21,Kyrgyzstan,Saudi Arabia,0,2,AFC Asian Cup,Al Rayyan,Qatar,TRUE
2024-01-21,Morocco,DR Congo,1,1,African Cup of Nations,San-Pédro,Ivory Coast,TRUE
2024-01-21,South Africa,Namibia,4,0,African Cup of Nations,Korhogo,Ivory Coast,TRUE
2024-01-22,Cape Verde,Egypt,2,2,African Cup of Nations,Abidjan,Ivory Coast,TRUE
2024-01-22,Ivory Coast,Equatorial Guinea,0,4,African Cup of Nations,Ebimpé,Ivory Coast,FALSE
2024-01-22,Mozambique,Ghana,2,2,African Cup of Nations,Ebimpé,Ivory Coast,TRUE
2024-01-22,Qatar,China,1,0,AFC Asian Cup,Al Rayyan,Qatar,FALSE
2024-01-23,Australia,Uzbekistan,1,1,AFC Asian Cup,Al Wakrah,Qatar,TRUE
2024-01-23,Guinea,Senegal,0,2,African Cup of Nations,Yamoussoukro,Ivory Coast,TRUE
2024-01-23,Iran,United Arab Emirates,2,1,AFC Asian Cup,Al Rayyan,Qatar,TRUE
2024-01-23,Mauritania,Algeria,1,0,African Cup of Nations,Bouaké,Ivory Coast,TRUE
2024-01-24,Iraq,Vietnam,3,2,AFC Asian Cup,Doha,Qatar,TRUE
2024-01-24,Japan,Indonesia,3,1,AFC Asian Cup,Doha,Qatar,TRUE
2024-01-24,South Africa,Tunisia,0,0,African Cup of Nations,Korhogo,Ivory Coast,TRUE
2024-01-24,Tanzania,DR Congo,0,0,African Cup of Nations,Korhogo,Ivory Coast,TRUE
2024-01-24,Zambia,Morocco,0,1,African Cup of Nations,San-Pédro,Ivory Coast,TRUE
2024-01-25,Jordan,Bahrain,0,1,AFC Asian Cup,Al Rayyan,Qatar,TRUE
2024-01-25,Saudi Arabia,Thailand,0,0,AFC Asian Cup,Al Rayyan,Qatar,TRUE
2024-01-25,South Korea,Malaysia,3,3,AFC Asian Cup,Al Wakrah,Qatar,TRUE
2024-01-28,Australia,Indonesia,4,0,AFC Asian Cup,Doha,Qatar,TRUE
2024-01-28,Egypt,DR Congo,1,1,African Cup of Nations,San-Pédro,Ivory Coast,TRUE
2024-01-29,Cape Verde,Mauritania,1,0,African Cup of Nations,Abidjan,Ivory Coast,TRUE
2024-01-29,Iraq,Jordan,2,3,AFC Asian Cup,Al Rayyan,Qatar,TRUE
2024-01-29,Ivory Coast,Senegal,1,1,African Cup of Nations,Yamoussoukro,Ivory Coast,FALSE
2024-01-29,Qatar,Palestine,2,1,AFC Asian Cup,Al Khor,Qatar,FALSE
2024-01-30,Morocco,South Africa,0,2,African Cup of Nations,San-Pédro,Ivory Coast,TRUE
2024-01-30,Saudi Arabia,South Korea,1,1,AFC Asian Cup,Al Rayyan,Qatar,TRUE
2024-01-30,Uzbekistan,Thailand,2,1,AFC Asian Cup,Al Wakrah,Qatar,TRUE
2024-01-31,Bahrain,Japan,1,3,AFC Asian Cup,Doha,Qatar,TRUE
2024-01-31,Iran,Syria,1,1,AFC Asian Cup,Doha,Qatar,TRUE
2024-02-02,Australia,South Korea,1,2,AFC Asian Cup,Al Wakrah,Qatar,TRUE
2024-02-02,DR Congo,Guinea,3,1,African Cup of Nations,Ebimpé,Ivory Coast,TRUE
2024-02-02,Tajikistan,Jordan,0,1,AFC Asian Cup,Al Rayyan,Qatar,TRUE
2024-02-03,Cape Verde,South Africa,0,0,African Cup of Nations,Yamoussoukro,Ivory Coast,TRUE
2024-02-03,Iran,Japan,2,1,AFC Asian Cup,Al Rayyan,Qatar,TRUE
2024-02-03,Ivory Coast,Mali,2,1,African Cup of Nations,Bouaké,Ivory Coast,FALSE
2024-02-03,Qatar,Uzbekistan,1,1,AFC Asian Cup,Al Khor,Qatar,FALSE
2024-02-06,Jordan,South Korea,2,0,AFC Asian Cup,Al Rayyan,Qatar,TRUE
2024-02-07,Ivory Coast,DR Congo,1,0,African Cup of Nations,Ebimpé,Ivory Coast,FALSE
2024-02-07,Nigeria,South Africa,1,1,African Cup of Nations,Bouaké,Ivory Coast,TRUE
2024-02-07,Qatar,Iran,3,2,AFC Asian Cup,Doha,Qatar,FALSE
2024-02-10,Qatar,Jordan,3,1,AFC Asian Cup,Lusail,Qatar,FALSE
2024-02-10,South Africa,DR Congo,0,0,African Cup of Nations,Abidjan,Ivory Coast,TRUE
2024-02-11,Ivory Coast,Nigeria,2,1,African Cup of Nations,Ebimpé,Ivory Coast,FALSE
2024-03-21,Australia,Lebanon,2,0,FIFA World Cup qualification,Sydney,Australia,FALSE
2024-03-21,Bosnia and Herzegovina,Ukraine,1,2,UEFA Euro qualification,Zenica,Bosnia and Herzegovina,FALSE
2024-03-21,Cape Verde,Guyana,1,0,FIFA Series,Jeddah,Saudi Arabia,TRUE
2024-03-21,Ecuador,Guatemala,2,0,Friendly,Harrison,United States,TRUE
2024-03-21,Hong Kong,Uzbekistan,0,2,FIFA World Cup qualification,Hong Kong,Hong Kong,FALSE
2024-03-21,Iran,Turkmenistan,5,0,FIFA World Cup qualification,Tehran,Iran,FALSE
2024-03-21,Iraq,Philippines,1,0,FIFA World Cup qualification,Basra,Iraq,FALSE
2024-03-21,Japan,North Korea,1,0,FIFA World Cup qualification,Tokyo,Japan,FALSE
2024-03-21,Pakistan,Jordan,0,3,FIFA World Cup qualification,Islamabad,Pakistan,FALSE
2024-03-21,Panama,Mexico,0,3,CONCACAF Nations League,Arlington,United States,TRUE
2024-03-21,Portugal,Sweden,5,2,Friendly,Guimarães,Portugal,FALSE
2024-03-21,Qatar,Kuwait,3,0,FIFA World Cup qualification,Doha,Qatar,FALSE
2024-03-21,Saudi Arabia,Tajikistan,1,0,FIFA World Cup qualification,Riyadh,Saudi Arabia,FALSE
2024-03-21,South Africa,Andorra,1,1,FIFA Series,Annaba,Algeria,TRUE
2024-03-21,South Korea,Thailand,1,1,FIFA World Cup qualification,Seoul,South Korea,FALSE
2024-03-21,United States,Jamaica,3,1,CONCACAF Nations League,Arlington,United States,FALSE
2024-03-22,Algeria,Bolivia,3,2,FIFA Series,Algiers,Algeria,FALSE
2024-03-22,Argentina,El Salvador,3,0,Friendly,Philadelphia,United States,TRUE
2024-03-22,Egypt,New Zealand,1,0,FIFA Series,Cairo,Egypt,FALSE
2024-03-22,Hungary,Turkey,1,0,Friendly,Budapest,Hungary,FALSE
2024-03-22,Morocco,Angola,1,0,Friendly,Agadir,Morocco,FALSE
2024-03-22,Netherlands,Scotland,4,0,Friendly,Amsterdam,Netherlands,FALSE
2024-03-22,Nigeria,Ghana,2,1,Friendly,Marrakech,Morocco,TRUE
2024-03-22,Norway,Czech Republic,1,2,Friendly,Oslo,Norway,FALSE
2024-03-22,Senegal,Gabon,3,0,Friendly,Amiens,France,TRUE
2024-03-22,Spain,Colombia,0,1,Friendly,London,England,TRUE
2024-03-23,Canada,Trinidad and Tobago,2,0,Copa América qualification,Frisco,United States,TRUE
2024-03-23,Denmark,Switzerland,0,0,Friendly,Copenhagen,Denmark,FALSE
2024-03-23,England,Brazil,0,1,Friendly,London,England,FALSE
2024-03-23,France,Germany,0,2,Friendly,Lyon,France,FALSE
2024-03-23,Ivory Coast,Benin,2,2,Friendly,Amiens,France,TRUE
2024-03-23,Republic of Ireland,Belgium,0,0,Friendly,Dublin,Republic of Ireland,FALSE
2024-03-23,Slovakia,Austria,0,2,Friendly,Bratislava,Slovakia,FALSE
2024-03-23,Tunisia,Croatia,0,0,FIFA Series,Cairo,Egypt,TRUE
2024-03-24,Ecuador,Italy,0,2,Friendly,Harrison,United States,TRUE
2024-03-24,Jamaica,Panama,1,0,CONCACAF Nations League,Arlington,United States,TRUE
2024-03-24,United States,Mexico,2,0,CONCACAF Nations League,Arlington,United States,FALSE
2024-03-25,Cape Verde,Equatorial Guinea,1,0,FIFA Series,Jeddah,Saudi Arabia,TRUE
2024-03-25,Sweden,Albania,1,0,Friendly,Stockholm,Sweden,FALSE
2024-03-26,Algeria,South Africa,3,3,FIFA Series,Algiers,Algeria,FALSE
2024-03-26,Argentina,Costa Rica,3,1,Friendly,Los Angeles,United States,TRUE
2024-03-26,Australia,Lebanon,5,0,FIFA World Cup qualification,Canberra,Australia,FALSE
2024-03-26,Austria,Turkey,6,1,Friendly,Vienna,Austria,FALSE
2024-03-26,Colombia,Romania,3,2,Friendly,Madrid,Spain,TRUE
2024-03-26,Czech Republic,Armenia,2,1,Friendly,Prague,Czech Republic,FALSE
2024-03-26,Egypt,Croatia,2,4,FIFA Series,Cairo,Egypt,FALSE
2024-03-26,England,Belgium,2,2,Friendly,London,England,FALSE
2024-03-26,France,Chile,3,2,Friendly,Marseille,France,FALSE
2024-03-26,Germany,Netherlands,2,1,Friendly,Frankfurt,Germany,FALSE
2024-03-26,Ivory Coast,Uruguay,2,1,Friendly,Lens,France,TRUE
2024-03-26,Jordan,Pakistan,7,0,FIFA World Cup qualification,Amman,Jordan,FALSE
2024-03-26,Kuwait,Qatar,1,2,FIFA World Cup qualification,Al Farwaniyah,Kuwait,FALSE
2024-03-26,Morocco,Mauritania,0,0,Friendly,Agadir,Morocco,FALSE
2024-03-26,New Zealand,Tunisia,0,0,FIFA Series,Cairo,Egypt,TRUE
2024-03-26,Norway,Slovakia,1,1,Friendly,Oslo,Norway,FALSE
2024-03-26,Philippines,Iraq,0,5,FIFA World Cup qualification,Manila,Philippines,FALSE
2024-03-26,Republic of Ireland,Switzerland,0,1,Friendly,Dublin,Republic of Ireland,FALSE
2024-03-26,Scotland,Northern Ireland,0,1,Friendly,Glasgow,Scotland,FALSE
2024-03-26,Senegal,Benin,1,0,Friendly,Amiens,France,TRUE
2024-03-26,Slovenia,Portugal,2,0,Friendly,Ljubljana,Slovenia,FALSE
2024-03-26,Spain,Brazil,3,3,Friendly,Madrid,Spain,FALSE
2024-03-26,Tajikistan,Saudi Arabia,1,1,FIFA World Cup qualification,Dushanbe,Tajikistan,FALSE
2024-03-26,Thailand,South Korea,0,3,FIFA World Cup qualification,Bangkok,Thailand,FALSE
2024-03-26,Turkmenistan,Iran,0,1,FIFA World Cup qualification,Ashgabat,Turkmenistan,FALSE
2024-03-26,Uzbekistan,Hong Kong,3,0,FIFA World Cup qualification,Tashkent,Uzbekistan,FALSE
2024-05-21,Basque Country,Uruguay,1,1,Friendly,Bilbao,Spain,FALSE
2024-05-21,Galicia,Panama,0,2,Friendly,Vigo,Spain,FALSE
2024-05-31,Bolivia,Mexico,0,1,Friendly,Chicago,United States,TRUE
2024-05-31,Costa Rica,Uruguay,0,0,Friendly,San José,Costa Rica,FALSE
2024-06-03,Croatia,North Macedonia,3,0,Friendly,Rijeka,Croatia,FALSE
2024-06-03,England,Bosnia and Herzegovina,3,0,Friendly,Newcastle,England,FALSE
2024-06-03,Germany,Ukraine,0,0,Friendly,Nuremberg,Germany,FALSE
2024-06-03,Gibraltar,Scotland,0,2,Friendly,Faro-Loulé,Portugal,TRUE
2024-06-04,Austria,Serbia,2,1,Friendly,Vienna,Austria,FALSE
2024-06-04,Italy,Turkey,0,0,Friendly,Bologna,Italy,FALSE
2024-06-04,Portugal,Finland,4,2,Friendly,Lisbon,Portugal,FALSE
2024-06-04,Switzerland,Estonia,4,0,Friendly,Lucerne,Switzerland,FALSE
2024-06-05,Belgium,Montenegro,2,0,Friendly,Brussels,Belgium,FALSE
2024-06-05,Curaçao,Barbados,4,1,FIFA World Cup qualification,Willemstad,Curaçao,FALSE
2024-06-05,Denmark,Sweden,2,1,Friendly,Copenhagen,Denmark,FALSE
2024-06-05,France,Luxembourg,3,0,Friendly,Metz,France,FALSE
2024-06-05,Mexico,Uruguay,0,4,Friendly,Denver,United States,TRUE
2024-06-05,Norway,Kosovo,3,0,Friendly,Oslo,Norway,FALSE
2024-06-05,Spain,Andorra,5,0,Friendly,Badajoz,Spain,FALSE
2024-06-05,Tunisia,Equatorial Guinea,1,0,FIFA World Cup qualification,Radès,Tunisia,FALSE
2024-06-06,Afghanistan,Qatar,0,0,FIFA World Cup qualification,Al Hofuf,Saudi Arabia,TRUE
2024-06-06,Algeria,Guinea,1,2,FIFA World Cup qualification,Algiers,Algeria,FALSE
2024-06-06,Bangladesh,Australia,0,2,FIFA World Cup qualification,Dhaka,Bangladesh,FALSE
2024-06-06,Egypt,Burkina Faso,2,1,FIFA World Cup qualification,Cairo,Egypt,FALSE
2024-06-06,Haiti,Saint Lucia,2,1,FIFA World Cup qualification,Bridgetown,Barbados,TRUE
2024-06-06,Hong Kong,Iran,2,4,FIFA World Cup qualification,Hong Kong,Hong Kong,FALSE
2024-06-06,Indonesia,Iraq,0,2,FIFA World Cup qualification,Jakarta,Indonesia,FALSE
2024-06-06,Jordan,Tajikistan,3,0,FIFA World Cup qualification,Amman,Jordan,FALSE
2024-06-06,Mali,Ghana,1,2,FIFA World Cup qualification,Bamako,Mali,FALSE
2024-06-06,Myanmar,Japan,0,5,FIFA World Cup qualification,Yangon,Myanmar,FALSE
2024-06-06,Netherlands,Canada,4,0,Friendly,Rotterdam,Netherlands,FALSE
2024-06-06,Pakistan,Saudi Arabia,0,3,FIFA World Cup qualification,Islamabad,Pakistan,FALSE
2024-06-06,Panama,Guyana,2,0,FIFA World Cup qualification,Panama City,Panama,FALSE
2024-06-06,Senegal,DR Congo,1,1,FIFA World Cup qualification,Diamniadio,Senegal,FALSE
2024-06-06,Singapore,South Korea,0,7,FIFA World Cup qualification,Kallang,Singapore,FALSE
2024-06-06,Uzbekistan,Turkmenistan,3,1,FIFA World Cup qualification,Tashkent,Uzbekistan,FALSE
2024-06-07,Czech Republic,Malta,7,1,Friendly,Grödig,Austria,TRUE
2024-06-07,England,Iceland,0,1,Friendly,London,England,FALSE
2024-06-07,Germany,Greece,2,1,Friendly,Mönchengladbach,Germany,FALSE
2024-06-07,Ivory Coast,Gabon,1,0,FIFA World Cup qualification,Korhogo,Ivory Coast,FALSE
2024-06-07,Morocco,Zambia,2,1,FIFA World Cup qualification,Agadir,Morocco,FALSE
2024-06-07,Nigeria,South Africa,1,1,FIFA World Cup qualification,Uyo,Nigeria,FALSE
2024-06-07,Peru,Paraguay,0,0,Friendly,Lima,Peru,FALSE
2024-06-07,Scotland,Finland,2,2,Friendly,Glasgow,Scotland,FALSE
2024-06-08,Aruba,Curaçao,0,2,FIFA World Cup qualification,Oranjestad,Aruba,FALSE
2024-06-08,Belgium,Luxembourg,3,0,Friendly,Brussels,Belgium,FALSE
2024-06-08,Cameroon,Cape Verde,4,1,FIFA World Cup qualification,Yaoundé,Cameroon,FALSE
2024-06-08,Denmark,Norway,3,1,Friendly,Brondbyvester,Denmark,FALSE
2024-06-08,Mexico,Brazil,2,3,Friendly,College Station,United States,TRUE
2024-06-08,Portugal,Croatia,1,2,Friendly,Oeiras,Portugal,FALSE
2024-06-08,Spain,Northern Ireland,5,1,Friendly,Mallorca,Spain,FALSE
2024-06-08,Sweden,Serbia,0,3,Friendly,Stockholm,Sweden,FALSE
2024-06-08,Switzerland,Austria,1,1,Friendly,St. Gallen,Switzerland,FALSE
2024-06-08,United States,Colombia,1,5,Friendly,Landover,United States,FALSE
2024-06-09,Argentina,Ecuador,1,0,Friendly,Chicago,United States,TRUE
2024-06-09,Barbados,Haiti,1,3,FIFA World Cup qualification,Bridgetown,Barbados,FALSE
2024-06-09,DR Congo,Togo,1,0,FIFA World Cup qualification,Kinshasa,DR Congo,FALSE
2024-06-09,France,Canada,0,0,Friendly,Bordeaux,France,FALSE
2024-06-09,Italy,Bosnia and Herzegovina,1,0,Friendly,Empoli,Italy,FALSE
2024-06-09,Mauritania,Senegal,0,1,FIFA World Cup qualification,Nouakchott,Mauritania,FALSE
2024-06-09,Montserrat,Panama,1,3,FIFA World Cup qualification,Managua,Nicaragua,TRUE
2024-06-09,Namibia,Tunisia,0,0,FIFA World Cup qualification,Johannesburg,South Africa,TRUE
2024-06-10,Czech Republic,North Macedonia,2,1,Friendly,Hradec Králové,Czech Republic,FALSE
2024-06-10,Ghana,Central African Republic,4,3,FIFA World Cup qualification,Kumasi,Ghana,FALSE
2024-06-10,Guinea-Bissau,Egypt,1,1,FIFA World Cup qualification,Bissau,Guinea-Bissau,FALSE
2024-06-10,Netherlands,Iceland,4,0,Friendly,Rotterdam,Netherlands,FALSE
2024-06-10,Poland,Turkey,2,1,Friendly,Warsaw,Poland,FALSE
2024-06-10,Uganda,Algeria,1,2,FIFA World Cup qualification,Kira,Uganda,FALSE
2024-06-11,Australia,Palestine,5,0,FIFA World Cup qualification,Perth,Australia,FALSE
2024-06-11,Cape Verde,Libya,1,0,FIFA World Cup qualification,Praia,Cape Verde,FALSE
2024-06-11,Chile,Paraguay,3,0,Friendly,Santiago,Chile,FALSE
2024-06-11,Iran,Uzbekistan,0,0,FIFA World Cup qualification,Tehran,Iran,FALSE
2024-06-11,Iraq,Vietnam,3,1,FIFA World Cup qualification,Basra,Iraq,FALSE
2024-06-11,Japan,Syria,5,0,FIFA World Cup qualification,Hiroshima,Japan,FALSE
2024-06-11,Kenya,Ivory Coast,0,0,FIFA World Cup qualification,Lilongwe,Malawi,TRUE
2024-06-11,Morocco,Congo,6,0,FIFA World Cup qualification,Agadir,Morocco,FALSE
2024-06-11,Portugal,Republic of Ireland,3,0,Friendly,Aveiro,Portugal,FALSE
2024-06-11,Qatar,India,2,1,FIFA World Cup qualification,Al Rayyan,Qatar,FALSE
2024-06-11,Saudi Arabia,Jordan,1,2,FIFA World Cup qualification,Riyadh,Saudi Arabia,FALSE
2024-06-11,South Africa,Zimbabwe,3,1,FIFA World Cup qualification,Bloemfontein,South Africa,FALSE
2024-06-11,South Korea,China,1,0,FIFA World Cup qualification,Seoul,South Korea,FALSE
2024-06-12,Ecuador,Bolivia,3,1,Friendly,Chester,United States,TRUE
2024-06-12,United States,Brazil,1,1,Friendly,Orlando,United States,FALSE
2024-06-14,Argentina,Guatemala,4,1,Friendly,Landover,United States,TRUE
2024-06-14,Germany,Scotland,5,1,UEFA Euro,Munich,Germany,FALSE
2024-06-15,Colombia,Bolivia,3,0,Friendly,Denver,United States,TRUE
2024-06-15,Hungary,Switzerland,1,3,UEFA Euro,Cologne,Germany,TRUE
2024-06-15,Spain,Croatia,3,0,UEFA Euro,Berlin,Germany,TRUE
2024-06-16,Ecuador,Honduras,2,1,Friendly,Hartford,United States,TRUE
2024-06-16,Panama,Paraguay,0,1,Friendly,Panama City,Panama,FALSE
2024-06-16,Poland,Netherlands,1,2,UEFA Euro,Hamburg,Germany,TRUE
2024-06-16,Serbia,England,0,1,UEFA Euro,Gelsenkirchen,Germany,TRUE
2024-06-17,Austria,France,0,1,UEFA Euro,Düsseldorf,Germany,TRUE
2024-06-17,Belgium,Slovakia,0,1,UEFA Euro,Frankfurt,Germany,TRUE
2024-06-18,New Zealand,Solomon Islands,3,0,Oceania Nations Cup,Port Vila,Vanuatu,TRUE
2024-06-18,Portugal,Czech Republic,2,1,UEFA Euro,Leipzig,Germany,TRUE
2024-06-18,Turkey,Georgia,3,1,UEFA Euro,Dortmund,Germany,TRUE
2024-06-19,Croatia,Albania,2,2,UEFA Euro,Hamburg,Germany,TRUE
2024-06-19,Germany,Hungary,2,0,UEFA Euro,Stuttgart,Germany,FALSE
2024-06-19,Scotland,Switzerland,1,1,UEFA Euro,Cologne,Germany,TRUE
2024-06-20,Argentina,Canada,2,0,Copa América,Atlanta,United States,TRUE
2024-06-20,Denmark,England,1,1,UEFA Euro,Frankfurt,Germany,TRUE
2024-06-20,Spain,Italy,1,0,UEFA Euro,Gelsenkirchen,Germany,TRUE
2024-06-21,Netherlands,France,0,0,UEFA Euro,Leipzig,Germany,TRUE
2024-06-21,Poland,Austria,1,3,UEFA Euro,Berlin,Germany,TRUE
2024-06-21,Vanuatu,New Zealand,0,4,Oceania Nations Cup,Port Vila,Vanuatu,FALSE
2024-06-22,Belgium,Romania,2,0,UEFA Euro,Cologne,Germany,TRUE
2024-06-22,Ecuador,Venezuela,1,2,Copa América,Santa Clara,United States,TRUE
2024-06-22,Georgia,Czech Republic,1,1,UEFA Euro,Hamburg,Germany,TRUE
2024-06-22,Mexico,Jamaica,1,0,Copa América,Houston,United States,TRUE
2024-06-22,Turkey,Portugal,0,3,UEFA Euro,Dortmund,Germany,TRUE
2024-06-23,Germany,Switzerland,1,1,UEFA Euro,Frankfurt,Germany,FALSE
2024-06-23,Scotland,Hungary,0,1,UEFA Euro,Stuttgart,Germany,TRUE
2024-06-23,United States,Bolivia,2,0,Copa América,Arlington,United States,FALSE
2024-06-23,Uruguay,Panama,3,1,Copa América,Miami Gardens,United States,TRUE
2024-06-24,Albania,Spain,0,1,UEFA Euro,Düsseldorf,Germany,TRUE
2024-06-24,Brazil,Costa Rica,0,0,Copa América,Inglewood,United States,TRUE
2024-06-24,Colombia,Paraguay,2,1,Copa América,Houston,United States,TRUE
2024-06-24,Croatia,Italy,1,1,UEFA Euro,Leipzig,Germany,TRUE
2024-06-25,Chile,Argentina,0,1,Copa América,East Rutherford,United States,TRUE
2024-06-25,England,Slovenia,0,0,UEFA Euro,Cologne,Germany,TRUE
2024-06-25,France,Poland,1,1,UEFA Euro,Dortmund,Germany,TRUE
2024-06-25,Netherlands,Austria,2,3,UEFA Euro,Berlin,Germany,TRUE
2024-06-25,Peru,Canada,0,1,Copa América,Kansas City,United States,TRUE
2024-06-26,Czech Republic,Turkey,1,2,UEFA Euro,Hamburg,Germany,TRUE
2024-06-26,Ecuador,Jamaica,3,1,Copa América,Las Vegas,United States,TRUE
2024-06-26,Georgia,Portugal,2,0,UEFA Euro,Gelsenkirchen,Germany,TRUE
2024-06-26,Ukraine,Belgium,0,0,UEFA Euro,Stuttgart,Germany,TRUE
2024-06-26,Venezuela,Mexico,1,0,Copa América,Inglewood,United States,TRUE
2024-06-27,New Zealand,Tahiti,5,0,Oceania Nations Cup,Port Vila,Vanuatu,TRUE
2024-06-27,United States,Panama,1,2,Copa América,Atlanta,United States,FALSE
2024-06-27,Uruguay,Bolivia,5,0,Copa América,East Rutherford,United States,TRUE
2024-06-28,Colombia,Costa Rica,3,0,Copa América,Glendale,United States,TRUE
2024-06-28,Paraguay,Brazil,1,4,Copa América,Las Vegas,United States,TRUE
2024-06-29,Argentina,Peru,2,0,Copa América,Miami Gardens,United States,TRUE
2024-06-29,Canada,Chile,0,0,Copa América,Orlando,United States,TRUE
2024-06-29,Germany,Denmark,2,0,UEFA Euro,Dortmund,Germany,FALSE
2024-06-29,Switzerland,Italy,2,0,UEFA Euro,Berlin,Germany,TRUE
2024-06-30,England,Slovakia,2,1,UEFA Euro,Gelsenkirchen,Germany,TRUE
2024-06-30,Mexico,Ecuador,0,0,Copa América,Glendale,United States,TRUE
2024-06-30,Spain,Georgia,4,1,UEFA Euro,Cologne,Germany,TRUE
2024-06-30,Vanuatu,New Zealand,0,3,Oceania Nations Cup,Port Vila,Vanuatu,FALSE
2024-07-01,Bolivia,Panama,1,3,Copa América,Orlando,United States,TRUE
2024-07-01,France,Belgium,1,0,UEFA Euro,Düsseldorf,Germany,TRUE
2024-07-01,Portugal,Slovenia,0,0,UEFA Euro,Frankfurt,Germany,TRUE
2024-07-01,United States,Uruguay,0,1,Copa América,Kansas City,United States,FALSE
2024-07-02,Austria,Turkey,1,2,UEFA Euro,Leipzig,Germany,TRUE
2024-07-02,Brazil,Colombia,1,1,Copa América,Santa Clara,United States,TRUE
2024-07-02,Costa Rica,Paraguay,2,1,Copa América,Austin,United States,TRUE
2024-07-02,Romania,Netherlands,0,3,UEFA Euro,Munich,Germany,TRUE
2024-07-04,Argentina,Ecuador,1,1,Copa América,Houston,United States,TRUE
2024-07-05,Germany,Spain,1,2,UEFA Euro,Stuttgart,Germany,FALSE
2024-07-05,Portugal,France,0,0,UEFA Euro,Hamburg,Germany,TRUE
2024-07-05,Venezuela,Canada,1,1,Copa América,Arlington,United States,TRUE
2024-07-06,Colombia,Panama,5,0,Copa América,Glendale,United States,TRUE
2024-07-06,England,Switzerland,1,1,UEFA Euro,Düsseldorf,Germany,TRUE
2024-07-06,Netherlands,Turkey,2,1,UEFA Euro,Berlin,Germany,TRUE
2024-07-06,Uruguay,Brazil,0,0,Copa América,Las Vegas,United States,TRUE
2024-07-09,Argentina,Canada,2,0,Copa América,East Rutherford,United States,TRUE
2024-07-09,Spain,France,2,1,UEFA Euro,Munich,Germany,TRUE
2024-07-10,Netherlands,England,1,2,UEFA Euro,Dortmund,Germany,TRUE
2024-07-10,Uruguay,Colombia,0,1,Copa América,Charlotte,United States,TRUE
2024-07-13,Canada,Uruguay,2,2,Copa América,Charlotte,United States,TRUE
2024-07-14,Argentina,Colombia,1,0,Copa América,Miami Gardens,United States,TRUE
2024-07-14,Spain,England,2,1,UEFA Euro,Berlin,Germany,TRUE
2024-07-27,Jordan,North Korea,0,0,Friendly,Amman,Jordan,FALSE
2024-08-29,Jordan,North Korea,2,1,Friendly,Amman,Jordan,FALSE
2024-09-01,Guatemala,Uruguay,1,1,Friendly,Fort Lauderdale,United States,TRUE
2024-09-05,Algeria,Equatorial Guinea,2,0,African Cup of Nations qualification,Oran,Algeria,FALSE
2024-09-05,Argentina,Chile,3,0,FIFA World Cup qualification,Buenos Aires,Argentina,FALSE
2024-09-05,Australia,Bahrain,0,1,FIFA World Cup qualification,Robina,Australia,FALSE
2024-09-05,Azerbaijan,Sweden,1,3,UEFA Nations League,Baku,Azerbaijan,FALSE
2024-09-05,Denmark,Switzerland,2,0,UEFA Nations League,Copenhagen,Denmark,FALSE
2024-09-05,Ghana,Angola,0,1,African Cup of Nations qualification,Kumasi,Ghana,FALSE
2024-09-05,Iran,Kyrgyzstan,1,0,FIFA World Cup qualification,Fuladshahr,Iran,FALSE
2024-09-05,Iraq,Oman,1,0,FIFA World Cup qualification,Basra,Iraq,FALSE
2024-09-05,Japan,China,7,0,FIFA World Cup qualification,Saitama,Japan,FALSE
2024-09-05,Jordan,Kuwait,1,1,FIFA World Cup qualification,Amman,Jordan,FALSE
2024-09-05,Portugal,Croatia,2,1,UEFA Nations League,Lisbon,Portugal,FALSE
2024-09-05,Qatar,United Arab Emirates,1,3,FIFA World Cup qualification,Al Rayyan,Qatar,FALSE
2024-09-05,Saudi Arabia,Indonesia,1,1,FIFA World Cup qualification,Jeddah,Saudi Arabia,FALSE
2024-09-05,Scotland,Poland,2,3,UEFA Nations League,Glasgow,Scotland,FALSE
2024-09-05,Serbia,Spain,0,0,UEFA Nations League,Belgrade,Serbia,FALSE
2024-09-05,South Korea,Palestine,0,0,FIFA World Cup qualification,Seoul,South Korea,FALSE
2024-09-05,Tunisia,Madagascar,1,0,African Cup of Nations qualification,Radès,Tunisia,FALSE
2024-09-05,Uzbekistan,North Korea,1,0,FIFA World Cup qualification,Tashkent,Uzbekistan,FALSE
2024-09-06,Belgium,Israel,3,1,UEFA Nations League,Debrecen,Hungary,TRUE
2024-09-06,Brazil,Ecuador,1,0,FIFA World Cup qualification,Curitiba,Brazil,FALSE
2024-09-06,DR Congo,Guinea,1,0,African Cup of Nations qualification,Kinshasa,DR Congo,FALSE
2024-09-06,Egypt,Cape Verde,3,0,African Cup of Nations qualification,Cairo,Egypt,FALSE
2024-09-06,France,Italy,1,3,UEFA Nations League,Paris,France,FALSE
2024-09-06,Ivory Coast,Zambia,2,0,African Cup of Nations qualification,Bouaké,Ivory Coast,FALSE
2024-09-06,Kazakhstan,Norway,0,0,UEFA Nations League,Almaty,Kazakhstan,FALSE
2024-09-06,Morocco,Gabon,4,1,African Cup of Nations qualification,Agadir,Morocco,FALSE
2024-09-06,Peru,Colombia,1,1,FIFA World Cup qualification,Lima,Peru,FALSE
2024-09-06,Puerto Rico,Haiti,1,4,CONCACAF Nations League,Mayagüez,Puerto Rico,FALSE
2024-09-06,Saint Lucia,Curaçao,2,1,CONCACAF Nations League,Saint George's,Grenada,TRUE
2024-09-06,Senegal,Burkina Faso,1,1,African Cup of Nations qualification,Diamniadio,Senegal,FALSE
2024-09-06,Slovenia,Austria,1,1,UEFA Nations League,Ljubljana,Slovenia,FALSE
2024-09-06,South Africa,Uganda,2,2,African Cup of Nations qualification,Johannesburg,South Africa,FALSE
2024-09-06,Uruguay,Paraguay,0,0,FIFA World Cup qualification,Montevideo,Uruguay,FALSE
2024-09-06,Wales,Turkey,0,0,UEFA Nations League,Cardiff,Wales,FALSE
2024-09-07,Georgia,Czech Republic,4,1,UEFA Nations League,Tbilisi,Georgia,FALSE
2024-09-07,Germany,Hungary,5,0,UEFA Nations League,Düsseldorf,Germany,FALSE
2024-09-07,Mexico,New Zealand,3,0,Friendly,Pasadena,United States,TRUE
2024-09-07,Netherlands,Bosnia and Herzegovina,5,2,UEFA Nations League,Eindhoven,Netherlands,FALSE
2024-09-07,Republic of Ireland,England,0,2,UEFA Nations League,Dublin,Republic of Ireland,FALSE
2024-09-07,United States,Canada,1,2,Friendly,Kansas City,United States,FALSE
2024-09-08,Croatia,Poland,1,0,UEFA Nations League,Osijek,Croatia,FALSE
2024-09-08,Gambia,Tunisia,1,2,African Cup of Nations qualification,El Jadida,Morocco,TRUE
2024-09-08,Portugal,Scotland,2,1,UEFA Nations League,Lisbon,Portugal,FALSE
2024-09-08,Sweden,Estonia,3,0,UEFA Nations League,Stockholm,Sweden,FALSE
2024-09-08,Switzerland,Spain,1,4,UEFA Nations League,Geneva,Switzerland,FALSE
2024-09-09,Burundi,Senegal,0,1,African Cup of Nations qualification,Lilongwe,Malawi,TRUE
2024-09-09,Curaçao,Saint Martin,4,0,CONCACAF Nations League,Saint George's,Grenada,TRUE
2024-09-09,Ethiopia,DR Congo,0,2,African Cup of Nations qualification,Dar es Salaam,Tanzania,TRUE
2024-09-09,France,Belgium,2,0,UEFA Nations League,Décines-Charpieu,France,FALSE
2024-09-09,Haiti,Sint Maarten,6,0,CONCACAF Nations League,Mayagüez,Puerto Rico,TRUE
2024-09-09,Morocco,Lesotho,1,0,African Cup of Nations qualification,Agadir,Morocco,FALSE
2024-09-09,Niger,Ghana,1,1,African Cup of Nations qualification,Berkane,Morocco,TRUE
2024-09-09,Norway,Austria,2,1,UEFA Nations League,Oslo,Norway,FALSE
2024-09-09,Turkey,Iceland,3,1,UEFA Nations League,Izmir,Turkey,FALSE
2024-09-10,Bahrain,Japan,0,5,FIFA World Cup qualification,Riffa,Bahrain,FALSE
2024-09-10,Botswana,Egypt,0,4,African Cup of Nations qualification,Francistown,Botswana,FALSE
2024-09-10,Cape Verde,Mauritania,2,0,African Cup of Nations qualification,Praia,Cape Verde,FALSE
2024-09-10,Chad,Ivory Coast,0,2,African Cup of Nations qualification,Yaounde,Cameroon,TRUE
2024-09-10,China,Saudi Arabia,1,2,FIFA World Cup qualification,Dalian,China,FALSE
2024-09-10,Colombia,Argentina,2,1,FIFA World Cup qualification,Barranquilla,Colombia,FALSE
2024-09-10,Czech Republic,Ukraine,3,2,UEFA Nations League,Prague,Czech Republic,FALSE
2024-09-10,Ecuador,Peru,1,0,FIFA World Cup qualification,Quito,Ecuador,FALSE
2024-09-10,England,Finland,2,0,UEFA Nations League,London,England,FALSE
2024-09-10,Hungary,Bosnia and Herzegovina,0,0,UEFA Nations League,Budapest,Hungary,FALSE
2024-09-10,Indonesia,Australia,0,0,FIFA World Cup qualification,Jakarta,Indonesia,FALSE
2024-09-10,Kuwait,Iraq,0,0,FIFA World Cup qualification,Kuwait City,Kuwait,FALSE
2024-09-10,Kyrgyzstan,Uzbekistan,2,3,FIFA World Cup qualification,Bishkek,Kyrgyzstan,FALSE
2024-09-10,Liberia,Algeria,0,3,African Cup of Nations qualification,Monrovia,Liberia,FALSE
2024-09-10,Mexico,Canada,0,0,Friendly,Arlington,United States,TRUE
2024-09-10,Netherlands,Germany,2,2,UEFA Nations League,Amsterdam,Netherlands,FALSE
2024-09-10,North Korea,Qatar,2,2,FIFA World Cup qualification,Vientiane,Laos,TRUE
2024-09-10,Oman,South Korea,1,3,FIFA World Cup qualification,Muscat,Oman,FALSE
2024-09-10,Palestine,Jordan,1,3,FIFA World Cup qualification,Kuala Lumpur,Malaysia,TRUE
2024-09-10,Paraguay,Brazil,1,0,FIFA World Cup qualification,Asunción,Paraguay,FALSE
2024-09-10,South Sudan,South Africa,2,3,African Cup of Nations qualification,Juba,South Sudan,FALSE
2024-09-10,United Arab Emirates,Iran,0,1,FIFA World Cup qualification,Al Ain,United Arab Emirates,FALSE
2024-09-10,United States,New Zealand,1,1,Friendly,Cincinnati,United States,FALSE
2024-09-10,Venezuela,Uruguay,0,0,FIFA World Cup qualification,Maturín,Venezuela,FALSE
2024-10-10,Algeria,Togo,5,1,African Cup of Nations qualification,Annaba,Algeria,FALSE
2024-10-10,Australia,China,3,1,FIFA World Cup qualification,Adelaide,Australia,FALSE
2024-10-10,Austria,Kazakhstan,4,0,UEFA Nations League,Salzburg,Austria,FALSE
2024-10-10,Bolivia,Colombia,1,0,FIFA World Cup qualification,El Alto,Bolivia,FALSE
2024-10-10,Cape Verde,Botswana,0,1,African Cup of Nations qualification,Praia,Cape Verde,FALSE
2024-10-10,Chile,Brazil,1,2,FIFA World Cup qualification,Santiago,Chile,FALSE
2024-10-10,DR Congo,Tanzania,1,0,African Cup of Nations qualification,Kinshasa,DR Congo,FALSE
2024-10-10,Ecuador,Paraguay,0,0,FIFA World Cup qualification,Quito,Ecuador,FALSE
2024-10-10,England,Greece,1,2,UEFA Nations League,London,England,FALSE
2024-10-10,Ghana,Sudan,0,0,African Cup of Nations qualification,Accra,Ghana,FALSE
2024-10-10,Iraq,Palestine,1,0,FIFA World Cup qualification,Basra,Iraq,FALSE
2024-10-10,Israel,France,1,4,UEFA Nations League,Budapest,Hungary,TRUE
2024-10-10,Italy,Belgium,2,2,UEFA Nations League,Rome,Italy,FALSE
2024-10-10,Jordan,South Korea,0,2,FIFA World Cup qualification,Amman,Jordan,FALSE
2024-10-10,Norway,Slovenia,3,0,UEFA Nations League,Oslo,Norway,FALSE
2024-10-10,Qatar,Kyrgyzstan,3,1,FIFA World Cup qualification,Doha,Qatar,FALSE
2024-10-10,Saudi Arabia,Japan,0,2,FIFA World Cup qualification,Jeddah,Saudi Arabia,FALSE
2024-10-10,Uzbekistan,Iran,0,0,FIFA World Cup qualification,Tashkent,Uzbekistan,FALSE
2024-10-10,Venezuela,Argentina,1,1,FIFA World Cup qualification,Maturín,Venezuela,FALSE
2024-10-11,Aruba,Haiti,1,3,CONCACAF Nations League,Oranjestad,Aruba,FALSE
2024-10-11,Bosnia and Herzegovina,Germany,1,2,UEFA Nations League,Zenica,Bosnia and Herzegovina,FALSE
2024-10-11,Czech Republic,Albania,2,0,UEFA Nations League,Prague,Czech Republic,FALSE
2024-10-11,Egypt,Mauritania,2,0,African Cup of Nations qualification,Cairo,Egypt,FALSE
2024-10-11,Grenada,Curaçao,0,0,CONCACAF Nations League,Gros Islet,Saint Lucia,TRUE
2024-10-11,Hungary,Netherlands,1,1,UEFA Nations League,Budapest,Hungary,FALSE
2024-10-11,Ivory Coast,Sierra Leone,4,1,African Cup of Nations qualification,San-Pédro,Ivory Coast,FALSE
2024-10-11,New Zealand,Tahiti,3,0,FIFA World Cup qualification,Port Vila,Vanuatu,TRUE
2024-10-11,Peru,Uruguay,1,0,FIFA World Cup qualification,Lima,Peru,FALSE
2024-10-11,Senegal,Malawi,4,0,African Cup of Nations qualification,Diamniadio,Senegal,FALSE
2024-10-11,Slovakia,Sweden,2,2,UEFA Nations League,Bratislava,Slovakia,FALSE
2024-10-11,South Africa,Congo,5,0,African Cup of Nations qualification,Gqeberha,South Africa,FALSE
2024-10-11,Tunisia,Comoros,0,1,African Cup of Nations qualification,Radès,Tunisia,FALSE
2024-10-11,Turkey,Montenegro,1,0,UEFA Nations League,Tekkeköy,Turkey,FALSE
2024-10-12,Croatia,Scotland,2,1,UEFA Nations League,Zagreb,Croatia,FALSE
2024-10-12,Morocco,Central African Republic,5,0,African Cup of Nations qualification,Oujda,Morocco,FALSE
2024-10-12,Poland,Portugal,1,3,UEFA Nations League,Warsaw,Poland,FALSE
2024-10-12,Serbia,Switzerland,2,0,UEFA Nations League,Leskovac,Serbia,FALSE
2024-10-12,Spain,Denmark,1,0,UEFA Nations League,Murcia,Spain,FALSE
2024-10-12,United States,Panama,2,0,Friendly,Austin,United States,FALSE
2024-10-13,Austria,Norway,5,1,UEFA Nations League,Linz,Austria,FALSE
2024-10-13,Finland,England,1,3,UEFA Nations League,Helsinki,Finland,FALSE
2024-10-14,Aruba,Haiti,3,5,CONCACAF Nations League,Oranjestad,Aruba,FALSE
2024-10-14,Belgium,France,1,2,UEFA Nations League,Leuven,Belgium,FALSE
2024-10-14,Bosnia and Herzegovina,Hungary,0,2,UEFA Nations League,Zenica,Bosnia and Herzegovina,FALSE
2024-10-14,Curaçao,Grenada,1,0,CONCACAF Nations League,Gros Islet,Saint Lucia,TRUE
2024-10-14,Estonia,Sweden,0,3,UEFA Nations League,Tallinn,Estonia,FALSE
2024-10-14,Germany,Netherlands,1,0,UEFA Nations League,Munich,Germany,FALSE
2024-10-14,Iceland,Turkey,2,4,UEFA Nations League,Reykjavík,Iceland,FALSE
2024-10-14,New Zealand,Malaysia,4,0,Friendly,Auckland,New Zealand,FALSE
2024-10-14,Togo,Algeria,0,1,African Cup of Nations qualification,Lomé,Togo,FALSE
2024-10-14,Ukraine,Czech Republic,1,1,UEFA Nations League,Wrocław,Poland,TRUE
2024-10-15,Argentina,Bolivia,6,0,FIFA World Cup qualification,Buenos Aires,Argentina,FALSE
2024-10-15,Botswana,Cape Verde,1,0,African Cup of Nations qualification,Francistown,Botswana,FALSE
2024-10-15,Brazil,Peru,4,0,FIFA World Cup qualification,Brasília,Brazil,FALSE
2024-10-15,Canada,Panama,2,1,Friendly,Toronto,Canada,FALSE
2024-10-15,Colombia,Chile,4,0,FIFA World Cup qualification,Barranquilla,Colombia,FALSE
2024-10-15,Comoros,Tunisia,1,1,African Cup of Nations qualification,Abidjan,Ivory Coast,TRUE
2024-10-15,Congo,South Africa,1,1,African Cup of Nations qualification,Brazzaville,Congo,FALSE
2024-10-15,Iran,Qatar,4,1,FIFA World Cup qualification,Dubai,United Arab Emirates,TRUE
2024-10-15,Japan,Australia,1,1,FIFA World Cup qualification,Saitama,Japan,FALSE
2024-10-15,Jordan,Oman,4,0,FIFA World Cup qualification,Amman,Jordan,FALSE
2024-10-15,Malawi,Senegal,0,1,African Cup of Nations qualification,Lilongwe,Malawi,FALSE
2024-10-15,Mauritania,Egypt,0,1,African Cup of Nations qualification,Nouakchott,Mauritania,FALSE
2024-10-15,Mexico,United States,2,0,Friendly,Zapopan,Mexico,FALSE
2024-10-15,Morocco,Central African Republic,4,0,African Cup of Nations qualification,Oujda,Morocco,FALSE
2024-10-15,Paraguay,Venezuela,2,1,FIFA World Cup qualification,Asunción,Paraguay,FALSE
2024-10-15,Poland,Croatia,3,3,UEFA Nations League,Warsaw,Poland,FALSE
2024-10-15,Saudi Arabia,Bahrain,0,0,FIFA World Cup qualification,Jeddah,Saudi Arabia,FALSE
2024-10-15,Scotland,Portugal,0,0,UEFA Nations League,Glasgow,Scotland,FALSE
2024-10-15,Sierra Leone,Ivory Coast,1,0,African Cup of Nations qualification,Monrovia,Liberia,TRUE
2024-10-15,South Korea,Iraq,3,2,FIFA World Cup qualification,Yongin,South Korea,FALSE
2024-10-15,Spain,Serbia,3,0,UEFA Nations League,Cordoba,Spain,FALSE
2024-10-15,Sudan,Ghana,2,0,African Cup of Nations qualification,Benghazi,Libya,TRUE
2024-10-15,Switzerland,Denmark,2,2,UEFA Nations League,St. Gallen,Switzerland,FALSE
2024-10-15,Tanzania,DR Congo,0,2,African Cup of Nations qualification,Dar es Salaam,Tanzania,FALSE
2024-10-15,Uruguay,Ecuador,0,0,FIFA World Cup qualification,Montevideo,Uruguay,FALSE
2024-10-15,Uzbekistan,United Arab Emirates,1,0,FIFA World Cup qualification,Tashkent,Uzbekistan,FALSE
2024-11-14,Australia,Saudi Arabia,0,0,FIFA World Cup qualification,Melbourne,Australia,FALSE
2024-11-14,Belgium,Italy,0,1,UEFA Nations League,Brussels,Belgium,FALSE
2024-11-14,Burkina Faso,Senegal,0,1,African Cup of Nations qualification,Bamako,Mali,TRUE
2024-11-14,Costa Rica,Panama,0,1,CONCACAF Nations League,San José,Costa Rica,FALSE
2024-11-14,Ecuador,Bolivia,4,0,FIFA World Cup qualification,Guayaquil,Ecuador,FALSE
2024-11-14,Equatorial Guinea,Algeria,0,0,African Cup of Nations qualification,Malabo,Equatorial Guinea,FALSE
2024-11-14,France,Israel,0,0,UEFA Nations League,Paris,France,FALSE
2024-11-14,Greece,England,0,3,UEFA Nations League,Athens,Greece,FALSE
2024-11-14,Iraq,Jordan,0,0,FIFA World Cup qualification,Basra,Iraq,FALSE
2024-11-14,Jamaica,United States,0,1,CONCACAF Nations League,Kingston,Jamaica,FALSE
2024-11-14,Kazakhstan,Austria,0,2,UEFA Nations League,Almaty,Kazakhstan,FALSE
2024-11-14,Kuwait,South Korea,1,3,FIFA World Cup qualification,Kuwait City,Kuwait,FALSE
2024-11-14,Madagascar,Tunisia,2,3,African Cup of Nations qualification,Pretoria,South Africa,TRUE
2024-11-14,North Korea,Iran,2,3,FIFA World Cup qualification,Vientiane,Laos,TRUE
2024-11-14,Paraguay,Argentina,2,1,FIFA World Cup qualification,Asunción,Paraguay,FALSE
2024-11-14,Qatar,Uzbekistan,3,2,FIFA World Cup qualification,Al Rayyan,Qatar,FALSE
2024-11-14,Slovenia,Norway,1,4,UEFA Nations League,Ljubljana,Slovenia,FALSE
2024-11-14,Venezuela,Brazil,1,1,FIFA World Cup qualification,Maturín,Venezuela,FALSE
2024-11-15,Angola,Ghana,1,1,African Cup of Nations qualification,Talatona,Angola,FALSE
2024-11-15,Cape Verde,Egypt,1,1,African Cup of Nations qualification,Praia,Cape Verde,FALSE
2024-11-15,Curaçao,Saint Martin,5,0,CONCACAF Nations League,Willemstad,Curaçao,FALSE
2024-11-15,Denmark,Spain,1,2,UEFA Nations League,Copenhagen,Denmark,FALSE
2024-11-15,Gabon,Morocco,1,5,African Cup of Nations qualification,Franceville,Gabon,FALSE
2024-11-15,Honduras,Mexico,2,0,CONCACAF Nations League,San Pedro Sula,Honduras,FALSE
2024-11-15,Indonesia,Japan,0,4,FIFA World Cup qualification,Jakarta,Indonesia,FALSE
2024-11-15,New Zealand,Vanuatu,8,1,FIFA World Cup qualification,Hamilton,New Zealand,FALSE
2024-11-15,Portugal,Poland,5,1,UEFA Nations League,Porto,Portugal,FALSE
2024-11-15,Scotland,Croatia,1,0,UEFA Nations League,Glasgow,Scotland,FALSE
2024-11-15,Sint Maarten,Haiti,0,8,CONCACAF Nations League,Mayagüez,Puerto Rico,TRUE
2024-11-15,Suriname,Canada,0,1,CONCACAF Nations League,Paramaribo,Suriname,FALSE
2024-11-15,Switzerland,Serbia,1,1,UEFA Nations League,Zürich,Switzerland,FALSE
2024-11-15,Uganda,South Africa,0,2,African Cup of Nations qualification,Kampala,Uganda,FALSE
2024-11-15,Uruguay,Colombia,3,2,FIFA World Cup qualification,Montevideo,Uruguay,FALSE
2024-11-15,Zambia,Ivory Coast,1,0,African Cup of Nations qualification,Ndola,Zambia,FALSE
2024-11-16,Albania,Czech Republic,0,0,UEFA Nations League,Tirana,Albania,FALSE
2024-11-16,Germany,Bosnia and Herzegovina,7,0,UEFA Nations League,Freiburg,Germany,FALSE
2024-11-16,Guinea,DR Congo,1,0,African Cup of Nations qualification,Abidjan,Ivory Coast,TRUE
2024-11-16,Netherlands,Hungary,4,0,UEFA Nations League,Amsterdam,Netherlands,FALSE
2024-11-16,Sweden,Slovakia,2,1,UEFA Nations League,Solna,Sweden,FALSE
2024-11-16,Turkey,Wales,0,0,UEFA Nations League,Kayseri,Turkey,FALSE
2024-11-17,Algeria,Liberia,5,1,African Cup of Nations qualification,Tizi Ouzou,Algeria,FALSE
2024-11-17,Austria,Slovenia,1,1,UEFA Nations League,Vienna,Austria,FALSE
2024-11-17,England,Republic of Ireland,5,0,UEFA Nations League,London,England,FALSE
2024-11-17,Israel,Belgium,1,0,UEFA Nations League,Budapest,Hungary,TRUE
2024-11-17,Italy,France,1,3,UEFA Nations League,Milan,Italy,FALSE
2024-11-17,Norway,Kazakhstan,5,0,UEFA Nations League,Oslo,Norway,FALSE
2024-11-18,Croatia,Portugal,1,1,UEFA Nations League,Split,Croatia,FALSE
2024-11-18,Ghana,Niger,1,2,African Cup of Nations qualification,Accra,Ghana,FALSE
2024-11-18,Morocco,Lesotho,7,0,African Cup of Nations qualification,Oujda,Morocco,FALSE
2024-11-18,New Zealand,Samoa,8,0,FIFA World Cup qualification,Auckland,New Zealand,FALSE
2024-11-18,Panama,Costa Rica,2,2,CONCACAF Nations League,Panama City,Panama,FALSE
2024-11-18,Poland,Scotland,1,2,UEFA Nations League,Warsaw,Poland,FALSE
2024-11-18,Puerto Rico,Haiti,0,3,CONCACAF Nations League,Mayagüez,Puerto Rico,FALSE
2024-11-18,Saint Lucia,Curaçao,1,4,CONCACAF Nations League,Gros Islet,Saint Lucia,FALSE
2024-11-18,Spain,Switzerland,3,2,UEFA Nations League,Santa Cruz de Tenerife,Spain,FALSE
2024-11-18,Tunisia,Gambia,0,1,African Cup of Nations qualification,Tunis,Tunisia,FALSE
2024-11-18,United States,Jamaica,4,2,CONCACAF Nations League,Saint Louis,United States,FALSE
2024-11-19,Argentina,Peru,1,0,FIFA World Cup qualification,Buenos Aires,Argentina,FALSE
2024-11-19,Bahrain,Australia,2,2,FIFA World Cup qualification,Riffa,Bahrain,FALSE
2024-11-19,Bolivia,Paraguay,2,2,FIFA World Cup qualification,El Alto,Bolivia,FALSE
2024-11-19,Bosnia and Herzegovina,Netherlands,1,1,UEFA Nations League,Zenica,Bosnia and Herzegovina,FALSE
2024-11-19,Brazil,Uruguay,1,1,FIFA World Cup qualification,Salvador,Brazil,FALSE
2024-11-19,Canada,Suriname,3,0,CONCACAF Nations League,Toronto,Canada,FALSE
2024-11-19,China,Japan,1,3,FIFA World Cup qualification,Xiamen,China,FALSE
2024-11-19,Colombia,Ecuador,0,1,FIFA World Cup qualification,Barranquilla,Colombia,FALSE
2024-11-19,Czech Republic,Georgia,2,1,UEFA Nations League,Olomouc,Czech Republic,FALSE
2024-11-19,DR Congo,Ethiopia,1,2,African Cup of Nations qualification,Kinshasa,DR Congo,FALSE
2024-11-19,Egypt,Botswana,1,1,African Cup of Nations qualification,Cairo,Egypt,FALSE
2024-11-19,Hungary,Germany,1,1,UEFA Nations League,Budapest,Hungary,FALSE
2024-11-19,Indonesia,Saudi Arabia,2,0,FIFA World Cup qualification,Jakarta,Indonesia,FALSE
2024-11-19,Ivory Coast,Chad,4,0,African Cup of Nations qualification,Abidjan,Ivory Coast,FALSE
2024-11-19,Kuwait,Jordan,1,1,FIFA World Cup qualification,Kuwait City,Kuwait,FALSE
2024-11-19,Kyrgyzstan,Iran,2,3,FIFA World Cup qualification,Bishkek,Kyrgyzstan,FALSE
2024-11-19,Mauritania,Cape Verde,1,0,African Cup of Nations qualification,Nouakchott,Mauritania,FALSE
2024-11-19,Mexico,Honduras,4,0,CONCACAF Nations League,Toluca,Mexico,FALSE
2024-11-19,Montenegro,Turkey,3,1,UEFA Nations League,Podgorica,Montenegro,FALSE
2024-11-19,North Korea,Uzbekistan,0,1,FIFA World Cup qualification,Vientiane,Laos,TRUE
2024-11-19,Oman,Iraq,0,1,FIFA World Cup qualification,Muscat,Oman,FALSE
2024-11-19,Palestine,South Korea,1,1,FIFA World Cup qualification,Amman,Jordan,TRUE
2024-11-19,Senegal,Burundi,2,0,African Cup of Nations qualification,Dakar,Senegal,FALSE
2024-11-19,South Africa,South Sudan,3,0,African Cup of Nations qualification,Cape Town,South Africa,FALSE
2024-11-19,Sweden,Azerbaijan,6,0,UEFA Nations League,Solna,Sweden,FALSE
2024-11-19,United Arab Emirates,Qatar,5,0,FIFA World Cup qualification,Abu Dhabi,United Arab Emirates,FALSE
2024-12-21,Qatar,United Arab Emirates,1,1,Gulf Cup,Sulaibikhat,Kuwait,TRUE
2024-12-22,Iraq,Yemen,1,0,Gulf Cup,Sulaibikhat,Kuwait,TRUE
2024-12-22,Saudi Arabia,Bahrain,2,3,Gulf Cup,Kuwait City,Kuwait,TRUE
2024-12-24,Oman,Qatar,2,1,Gulf Cup,Sulaibikhat,Kuwait,TRUE
2024-12-25,Bahrain,Iraq,2,0,Gulf Cup,Kuwait City,Kuwait,TRUE
2024-12-25,Yemen,Saudi Arabia,2,3,Gulf Cup,Sulaibikhat,Kuwait,TRUE
2024-12-27,Kuwait,Qatar,1,1,Gulf Cup,Kuwait City,Kuwait,FALSE
2024-12-28,Iraq,Saudi Arabia,1,3,Gulf Cup,Kuwait City,Kuwait,TRUE
2024-12-31,Oman,Saudi Arabia,2,1,Gulf Cup,Sulaibikhat,Kuwait,TRUE
2025-01-18,United States,Venezuela,3,1,Friendly,Fort Lauderdale,United States,FALSE
2025-01-22,United States,Costa Rica,3,0,Friendly,Orlando,United States,FALSE
2025-01-22,Uzbekistan,Jordan,0,0,Friendly,Doha,Qatar,TRUE
2025-02-08,Chile,Panama,6,1,Friendly,Santiago,Chile,FALSE
2025-03-14,Jordan,North Korea,1,1,Friendly,Amman,Jordan,FALSE
2025-03-19,Kazakhstan,Curaçao,2,0,Friendly,Antalya,Turkey,TRUE
2025-03-19,Liberia,Tunisia,0,1,FIFA World Cup qualification,Monrovia,Liberia,FALSE
2025-03-20,Australia,Indonesia,5,1,FIFA World Cup qualification,Sydney,Australia,FALSE
2025-03-20,Austria,Serbia,1,1,UEFA Nations League,Vienna,Austria,FALSE
2025-03-20,Brazil,Colombia,2,1,FIFA World Cup qualification,Brasília,Brazil,FALSE
2025-03-20,Canada,Mexico,0,2,CONCACAF Nations League,Inglewood,United States,TRUE
2025-03-20,Cape Verde,Mauritius,1,0,FIFA World Cup qualification,Praia,Cape Verde,FALSE
2025-03-20,Croatia,France,2,0,UEFA Nations League,Split,Croatia,FALSE
2025-03-20,Denmark,Portugal,1,0,UEFA Nations League,Copenhagen,Denmark,FALSE
2025-03-20,Greece,Scotland,0,1,UEFA Nations League,Piraeus,Greece,FALSE
2025-03-20,Iran,United Arab Emirates,2,0,FIFA World Cup qualification,Tehran,Iran,FALSE
2025-03-20,Iraq,Kuwait,2,2,FIFA World Cup qualification,Basra,Iraq,FALSE
2025-03-20,Italy,Germany,1,2,UEFA Nations League,Milan,Italy,FALSE
2025-03-20,Japan,Bahrain,2,0,FIFA World Cup qualification,Saitama,Japan,FALSE
2025-03-20,Jordan,Palestine,3,1,FIFA World Cup qualification,Amman,Jordan,FALSE
2025-03-20,Netherlands,Spain,2,2,UEFA Nations League,Rotterdam,Netherlands,FALSE
2025-03-20,Paraguay,Chile,1,0,FIFA World Cup qualification,Asunción,Paraguay,FALSE
2025-03-20,Qatar,North Korea,5,1,FIFA World Cup qualification,Al Rayyan,Qatar,FALSE
2025-03-20,Saudi Arabia,China,1,0,FIFA World Cup qualification,Riyadh,Saudi Arabia,FALSE
2025-03-20,South Korea,Oman,1,1,FIFA World Cup qualification,Goyang,South Korea,FALSE
2025-03-20,Turkey,Hungary,3,1,UEFA Nations League,Istanbul,Turkey,FALSE
2025-03-20,Ukraine,Belgium,3,1,UEFA Nations League,Murcia,Spain,TRUE
2025-03-20,United States,Panama,0,1,CONCACAF Nations League,Inglewood,United States,FALSE
2025-03-20,Uzbekistan,Kyrgyzstan,1,0,FIFA World Cup qualification,Tashkent,Uzbekistan,FALSE
2025-03-21,Botswana,Algeria,1,3,FIFA World Cup qualification,Francistown,Botswana,FALSE
2025-03-21,Burundi,Ivory Coast,0,1,FIFA World Cup qualification,Meknes,Morocco,TRUE
2025-03-21,DR Congo,South Sudan,1,0,FIFA World Cup qualification,Kinshasa,DR Congo,FALSE
2025-03-21,Ecuador,Venezuela,2,1,FIFA World Cup qualification,Quito,Ecuador,FALSE
2025-03-21,England,Albania,2,0,FIFA World Cup qualification,London,England,FALSE
2025-03-21,Ethiopia,Egypt,0,2,FIFA World Cup qualification,Casablanca,Morocco,TRUE
2025-03-21,Ghana,Chad,5,0,FIFA World Cup qualification,Accra,Ghana,FALSE
2025-03-21,Morocco,Niger,2,1,FIFA World Cup qualification,Oujda,Morocco,FALSE
2025-03-21,New Zealand,Fiji,7,0,FIFA World Cup qualification,Wellington,New Zealand,FALSE
2025-03-21,Northern Ireland,Switzerland,1,1,Friendly,Belfast,Northern Ireland,FALSE
2025-03-21,Romania,Bosnia and Herzegovina,0,1,FIFA World Cup qualification,Bucharest,Romania,FALSE
2025-03-21,South Africa,Lesotho,0,3,FIFA World Cup qualification,Polokwane,South Africa,FALSE
2025-03-21,Uruguay,Argentina,0,1,FIFA World Cup qualification,Montevideo,Uruguay,FALSE
2025-03-22,Azerbaijan,Haiti,0,3,Friendly,Sumqayit,Azerbaijan,FALSE
2025-03-22,Czech Republic,Faroe Islands,2,1,FIFA World Cup qualification,Hradec Králové,Czech Republic,FALSE
2025-03-22,Luxembourg,Sweden,1,0,Friendly,Luxembourg,Luxembourg,FALSE
2025-03-22,Moldova,Norway,0,5,FIFA World Cup qualification,Chișinău,Moldova,FALSE
2025-03-22,Sudan,Senegal,0,0,FIFA World Cup qualification,Benghazi,Libya,TRUE
2025-03-23,Belgium,Ukraine,3,0,UEFA Nations League,Genk,Belgium,FALSE
2025-03-23,France,Croatia,2,0,UEFA Nations League,Paris,France,FALSE
2025-03-23,Germany,Italy,3,3,UEFA Nations League,Dortmund,Germany,FALSE
2025-03-23,Hungary,Turkey,0,3,UEFA Nations League,Budapest,Hungary,FALSE
2025-03-23,Panama,Mexico,1,2,CONCACAF Nations League,Inglewood,United States,TRUE
2025-03-23,Portugal,Denmark,5,2,UEFA Nations League,Lisbon,Portugal,FALSE
2025-03-23,Scotland,Greece,0,3,UEFA Nations League,Glasgow,Scotland,FALSE
2025-03-23,Serbia,Austria,2,0,UEFA Nations League,Belgrade,Serbia,FALSE
2025-03-23,Spain,Netherlands,3,3,UEFA Nations League,Valencia,Spain,FALSE
2025-03-23,United States,Canada,1,2,CONCACAF Nations League,Inglewood,United States,FALSE
2025-03-24,Bosnia and Herzegovina,Cyprus,2,1,FIFA World Cup qualification,Zenica,Bosnia and Herzegovina,FALSE
2025-03-24,England,Latvia,3,0,FIFA World Cup qualification,London,England,FALSE
2025-03-24,Ivory Coast,Gambia,1,0,FIFA World Cup qualification,Abidjan,Ivory Coast,FALSE
2025-03-24,Madagascar,Ghana,0,3,FIFA World Cup qualification,Al Hoceima,Morocco,TRUE
2025-03-24,New Zealand,New Caledonia,3,0,FIFA World Cup qualification,Auckland,New Zealand,FALSE
2025-03-24,Tunisia,Malawi,2,0,FIFA World Cup qualification,Radès,Tunisia,FALSE
2025-03-25,Algeria,Mozambique,5,1,FIFA World Cup qualification,Tizi Ouzou,Algeria,FALSE
2025-03-25,Angola,Cape Verde,1,2,FIFA World Cup qualification,Luanda,Angola,FALSE
2025-03-25,Argentina,Brazil,4,1,FIFA World Cup qualification,Buenos Aires,Argentina,FALSE
2025-03-25,Benin,South Africa,0,2,FIFA World Cup qualification,Abidjan,Ivory Coast,TRUE
2025-03-25,Bolivia,Uruguay,0,0,FIFA World Cup qualification,El Alto,Bolivia,FALSE
2025-03-25,Chile,Ecuador,0,0,FIFA World Cup qualification,Santiago,Chile,FALSE
2025-03-25,China,Australia,0,2,FIFA World Cup qualification,Hangzhou,China,FALSE
2025-03-25,Colombia,Paraguay,2,2,FIFA World Cup qualification,Barranquilla,Colombia,FALSE
2025-03-25,Egypt,Sierra Leone,1,0,FIFA World Cup qualification,Cairo,Egypt,FALSE
2025-03-25,Gibraltar,Czech Republic,0,4,FIFA World Cup qualification,Faro-Loulé,Portugal,TRUE
2025-03-25,Iran,Uzbekistan,2,2,FIFA World Cup qualification,Tehran,Iran,FALSE
2025-03-25,Israel,Norway,2,4,FIFA World Cup qualification,Debrecen,Hungary,TRUE
2025-03-25,Japan,Saudi Arabia,0,0,FIFA World Cup qualification,Saitama,Japan,FALSE
2025-03-25,Kyrgyzstan,Qatar,3,1,FIFA World Cup qualification,Bishkek,Kyrgyzstan,FALSE
2025-03-25,Mauritania,DR Congo,0,2,FIFA World Cup qualification,Nouadhibou,Mauritania,FALSE
2025-03-25,Morocco,Tanzania,2,0,FIFA World Cup qualification,Oujda,Morocco,FALSE
2025-03-25,Palestine,Iraq,2,1,FIFA World Cup qualification,Amman,Jordan,TRUE
2025-03-25,Senegal,Togo,2,0,FIFA World Cup qualification,Diamniadio,Senegal,FALSE
2025-03-25,South Korea,Jordan,1,1,FIFA World Cup qualification,Suwon,South Korea,FALSE
2025-03-25,Sweden,Northern Ireland,5,1,Friendly,Solna,Sweden,FALSE
2025-03-25,Switzerland,Luxembourg,3,1,Friendly,Sankt Gallen,Switzerland,FALSE
2025-05-28,Nigeria,Ghana,2,1,Unity Cup,London,England,TRUE
2025-05-29,Malaysia,Cape Verde,1,1,Friendly,Kuala Lumpur,Malaysia,FALSE
2025-05-30,Saudi Arabia,Jordan,2,0,Friendly,Dammam,Saudi Arabia,FALSE
2025-05-31,Trinidad and Tobago,Ghana,0,4,Unity Cup,London,England,TRUE
2025-06-02,Tunisia,Burkina Faso,2,0,Friendly,Radès,Tunisia,FALSE
2025-06-03,Malaysia,Cape Verde,0,3,Friendly,Kuala Lumpur,Malaysia,FALSE
2025-06-04,Germany,Portugal,1,2,UEFA Nations League,Munich,Germany,FALSE
2025-06-05,Algeria,Rwanda,2,0,Friendly,Constantine,Algeria,FALSE
2025-06-05,Australia,Japan,1,0,FIFA World Cup qualification,Perth,Australia,FALSE
2025-06-05,Bahrain,Saudi Arabia,0,2,FIFA World Cup qualification,Riffa,Bahrain,FALSE
2025-06-05,Chile,Argentina,0,1,FIFA World Cup qualification,Santiago,Chile,FALSE
2025-06-05,DR Congo,Mali,1,0,Friendly,Orléans,France,TRUE
2025-06-05,Ecuador,Brazil,0,0,FIFA World Cup qualification,Guayaquil,Ecuador,FALSE
2025-06-05,Iraq,South Korea,0,2,FIFA World Cup qualification,Basra,Iraq,FALSE
2025-06-05,Oman,Jordan,0,3,FIFA World Cup qualification,Muscat,Oman,FALSE
2025-06-05,Paraguay,Uruguay,2,0,FIFA World Cup qualification,Asunción,Paraguay,FALSE
2025-06-05,Qatar,Iran,1,0,FIFA World Cup qualification,Al Rayyan,Qatar,FALSE
2025-06-05,Spain,France,5,4,UEFA Nations League,Stuttgart,Germany,TRUE
2025-06-05,United Arab Emirates,Uzbekistan,0,0,FIFA World Cup qualification,Abu Dhabi,United Arab Emirates,FALSE
2025-06-06,Colombia,Peru,0,0,FIFA World Cup qualification,Barranquilla,Colombia,FALSE
2025-06-06,Curaçao,Saint Lucia,4,0,FIFA World Cup qualification,Willemstad,Curaçao,FALSE
2025-06-06,Czech Republic,Montenegro,2,0,FIFA World Cup qualification,Plzeň,Czech Republic,FALSE
2025-06-06,Gibraltar,Croatia,0,7,FIFA World Cup qualification,Faro-Loulé,Portugal,TRUE
2025-06-06,Hungary,Sweden,0,2,Friendly,Budapest,Hungary,FALSE
2025-06-06,Morocco,Tunisia,2,0,Friendly,Fès,Morocco,FALSE
2025-06-06,North Macedonia,Belgium,1,1,FIFA World Cup qualification,Skopje,North Macedonia,FALSE
2025-06-06,Norway,Italy,3,0,FIFA World Cup qualification,Oslo,Norway,FALSE
2025-06-06,Republic of Ireland,Senegal,1,1,Friendly,Dublin,Republic of Ireland,FALSE
2025-06-06,Scotland,Iceland,1,3,Friendly,Glasgow,Scotland,FALSE
2025-06-06,South Africa,Tanzania,0,0,Friendly,Polokwane,South Africa,FALSE
2025-06-07,Andorra,England,0,1,FIFA World Cup qualification,Barcelona,Spain,TRUE
2025-06-07,Aruba,Haiti,0,5,FIFA World Cup qualification,Oranjestad,Aruba,FALSE
2025-06-07,Austria,Romania,2,1,FIFA World Cup qualification,Vienna,Austria,FALSE
2025-06-07,Belize,Panama,0,2,FIFA World Cup qualification,Belmopan,Belize,FALSE
2025-06-07,Bosnia and Herzegovina,San Marino,1,0,FIFA World Cup qualification,Zenica,Bosnia and Herzegovina,FALSE
2025-06-07,Canada,Ukraine,4,2,Canadian Shield,Toronto,Canada,FALSE
2025-06-07,Finland,Netherlands,0,2,FIFA World Cup qualification,Helsinki,Finland,FALSE
2025-06-07,Ivory Coast,New Zealand,0,1,Canadian Shield,Toronto,Canada,TRUE
2025-06-07,Mexico,Switzerland,2,4,Friendly,Salt Lake City,United States,TRUE
2025-06-07,United States,Turkey,1,2,Friendly,East Hartford,United States,FALSE
2025-06-08,DR Congo,Madagascar,3,1,Friendly,Orléans,France,TRUE
2025-06-08,Georgia,Cape Verde,1,1,Friendly,Kutaisi,Georgia,FALSE
2025-06-08,Germany,France,0,2,UEFA Nations League,Stuttgart,Germany,FALSE
2025-06-08,Portugal,Spain,2,2,UEFA Nations League,Munich,Germany,TRUE
2025-06-09,Algeria,Rwanda,2,0,Friendly,Blida,Algeria,FALSE
2025-06-09,Belgium,Wales,4,3,FIFA World Cup qualification,Brussels,Belgium,FALSE
2025-06-09,Croatia,Czech Republic,5,1,FIFA World Cup qualification,Osijek,Croatia,FALSE
2025-06-09,Estonia,Norway,0,1,FIFA World Cup qualification,Tallinn,Estonia,FALSE
2025-06-09,Liechtenstein,Scotland,0,4,Friendly,Vaduz,Liechtenstein,FALSE
2025-06-09,Morocco,Benin,1,0,Friendly,Fès,Morocco,FALSE
2025-06-10,Argentina,Colombia,1,1,FIFA World Cup qualification,Buenos Aires,Argentina,FALSE
2025-06-10,Brazil,Paraguay,1,0,FIFA World Cup qualification,São Paulo,Brazil,FALSE
2025-06-10,Canada,Ivory Coast,0,0,Canadian Shield,Toronto,Canada,FALSE
2025-06-10,England,Senegal,1,3,Friendly,London,England,FALSE
2025-06-10,Haiti,Curaçao,1,5,FIFA World Cup qualification,Oranjestad,Aruba,TRUE
2025-06-10,Iran,North Korea,3,0,FIFA World Cup qualification,Tehran,Iran,FALSE
2025-06-10,Japan,Indonesia,6,0,FIFA World Cup qualification,Suita,Japan,FALSE
2025-06-10,Jordan,Iraq,0,1,FIFA World Cup qualification,Amman,Jordan,FALSE
2025-06-10,Mexico,Turkey,1,0,Friendly,Chapel Hill,United States,TRUE
2025-06-10,Netherlands,Malta,8,0,FIFA World Cup qualification,Groningen,Netherlands,FALSE
2025-06-10,New Zealand,Ukraine,1,2,Canadian Shield,Toronto,Canada,TRUE
2025-06-10,Panama,Nicaragua,3,0,FIFA World Cup qualification,Panama City,Panama,FALSE
2025-06-10,Peru,Ecuador,0,0,FIFA World Cup qualification,Lima,Peru,FALSE
2025-06-10,San Marino,Austria,0,4,FIFA World Cup qualification,Serravalle,San Marino,FALSE
2025-06-10,Saudi Arabia,Australia,1,2,FIFA World Cup qualification,Jeddah,Saudi Arabia,FALSE
2025-06-10,Slovenia,Bosnia and Herzegovina,2,1,Friendly,Celje,Slovenia,FALSE
2025-06-10,South Africa,Mozambique,2,0,Friendly,Polokwane,South Africa,FALSE
2025-06-10,South Korea,Kuwait,4,0,FIFA World Cup qualification,Seoul,South Korea,FALSE
2025-06-10,Sweden,Algeria,4,3,Friendly,Solna,Sweden,FALSE
2025-06-10,United States,Switzerland,0,4,Friendly,Nashville,United States,FALSE
2025-06-10,Uruguay,Venezuela,2,0,FIFA World Cup qualification,Montevideo,Uruguay,FALSE
2025-06-10,Uzbekistan,Qatar,3,0,FIFA World Cup qualification,Tashkent,Uzbekistan,FALSE
2025-06-14,Mexico,Dominican Republic,3,2,Gold Cup,Inglewood,United States,TRUE
2025-06-15,Haiti,Saudi Arabia,0,1,Gold Cup,San Diego,United States,TRUE
2025-06-15,United States,Trinidad and Tobago,5,0,Gold Cup,San Jose,United States,FALSE
2025-06-16,Panama,Guadeloupe,5,2,Gold Cup,Carson,United States,TRUE
2025-06-17,Canada,Honduras,6,0,Gold Cup,Vancouver,Canada,FALSE
2025-06-17,Curaçao,El Salvador,0,0,Gold Cup,San Jose,United States,TRUE
2025-06-18,Suriname,Mexico,0,2,Gold Cup,Arlington,United States,TRUE
2025-06-19,Trinidad and Tobago,Haiti,1,1,Gold Cup,Houston,United States,TRUE
2025-06-19,United States,Saudi Arabia,1,0,Gold Cup,Austin,United States,FALSE
2025-06-20,Guatemala,Panama,0,1,Gold Cup,Austin,United States,TRUE
2025-06-21,Curaçao,Canada,1,1,Gold Cup,Houston,United States,TRUE
2025-06-22,Mexico,Costa Rica,0,0,Gold Cup,Paradise,United States,TRUE
2025-06-22,Saudi Arabia,Trinidad and Tobago,1,1,Gold Cup,Paradise,United States,TRUE
2025-06-22,United States,Haiti,2,1,Gold Cup,Arlington,United States,FALSE
2025-06-24,Canada,El Salvador,2,0,Gold Cup,Houston,United States,TRUE
2025-06-24,Honduras,Curaçao,2,1,Gold Cup,San Jose,United States,TRUE
2025-06-24,Panama,Jamaica,4,1,Gold Cup,Austin,United States,TRUE
2025-06-28,Mexico,Saudi Arabia,2,0,Gold Cup,Glendale,United States,TRUE
2025-06-28,Panama,Honduras,1,1,Gold Cup,Glendale,United States,TRUE
2025-06-29,Canada,Guatemala,1,1,Gold Cup,Minneapolis,United States,TRUE
2025-06-29,United States,Costa Rica,2,2,Gold Cup,Minneapolis,United States,FALSE
2025-07-02,Mexico,Honduras,1,0,Gold Cup,Santa Clara,United States,TRUE
2025-07-02,United States,Guatemala,2,1,Gold Cup,St. Louis,United States,FALSE
2025-07-06,United States,Mexico,1,2,Gold Cup,Houston,United States,FALSE
2025-08-24,Qatar,Lebanon,2,2,Friendly,Doha,Qatar,FALSE
2025-09-03,Qatar,Bahrain,2,2,Friendly,Doha,Qatar,FALSE
2025-09-04,Algeria,Botswana,3,1,FIFA World Cup qualification,Tizi Ouzou,Algeria,FALSE
2025-09-04,Argentina,Venezuela,3,0,FIFA World Cup qualification,Buenos Aires,Argentina,FALSE
2025-09-04,Brazil,Chile,3,0,FIFA World Cup qualification,Rio de Janeiro,Brazil,FALSE
2025-09-04,Bulgaria,Spain,0,3,FIFA World Cup qualification,Sofia,Bulgaria,FALSE
2025-09-04,Chad,Ghana,1,1,FIFA World Cup qualification,N'Djamena,Chad,FALSE
2025-09-04,Colombia,Bolivia,3,0,FIFA World Cup qualification,Barranquilla,Colombia,FALSE
2025-09-04,Georgia,Turkey,2,3,FIFA World Cup qualification,Tbilisi,Georgia,FALSE
2025-09-04,Iraq,Hong Kong,2,1,King's Cup,Kanchanaburi,Thailand,TRUE
2025-09-04,Liechtenstein,Belgium,0,6,FIFA World Cup qualification,Vaduz,Liechtenstein,FALSE
2025-09-04,Mauritius,Cape Verde,0,2,FIFA World Cup qualification,Saint Pierre,Mauritius,FALSE
2025-09-04,Netherlands,Poland,1,1,FIFA World Cup qualification,Rotterdam,Netherlands,FALSE
2025-09-04,Norway,Finland,1,0,Friendly,Oslo,Norway,FALSE
2025-09-04,Paraguay,Ecuador,0,0,FIFA World Cup qualification,Asunción,Paraguay,FALSE
2025-09-04,Russia,Jordan,0,0,Friendly,Moscow,Russia,FALSE
2025-09-04,Saudi Arabia,North Macedonia,2,1,Friendly,Prague,Czech Republic,TRUE
2025-09-04,Slovakia,Germany,2,0,FIFA World Cup qualification,Bratislava,Slovakia,FALSE
2025-09-04,Suriname,Panama,0,0,FIFA World Cup qualification,Paramaribo,Suriname,FALSE
2025-09-04,Tunisia,Liberia,3,0,FIFA World Cup qualification,Radès,Tunisia,FALSE
2025-09-04,Uruguay,Peru,3,0,FIFA World Cup qualification,Montevideo,Uruguay,FALSE
2025-09-05,Australia,New Zealand,1,0,Soccer Ashes,Canberra,Australia,FALSE
2025-09-05,Denmark,Scotland,0,0,FIFA World Cup qualification,Copenhagen,Denmark,FALSE
2025-09-05,Egypt,Ethiopia,2,0,FIFA World Cup qualification,Cairo,Egypt,FALSE
2025-09-05,Faroe Islands,Croatia,0,1,FIFA World Cup qualification,Tórshavn,Faroe Islands,FALSE
2025-09-05,Haiti,Honduras,0,0,FIFA World Cup qualification,Willemstad,Curaçao,TRUE
2025-09-05,Ivory Coast,Burundi,1,0,FIFA World Cup qualification,Abidjan,Ivory Coast,FALSE
2025-09-05,Montenegro,Czech Republic,0,2,FIFA World Cup qualification,Podgorica,Montenegro,FALSE
2025-09-05,Morocco,Niger,5,0,FIFA World Cup qualification,Rabat,Morocco,FALSE
2025-09-05,Romania,Canada,0,3,Friendly,Bucharest,Romania,FALSE
2025-09-05,Senegal,Sudan,2,0,FIFA World Cup qualification,Diamniadio,Senegal,FALSE
2025-09-05,Slovenia,Sweden,2,2,FIFA World Cup qualification,Ljubljana,Slovenia,FALSE
2025-09-05,South Africa,Lesotho,3,0,FIFA World Cup qualification,Bloemfontein,South Africa,FALSE
2025-09-05,South Sudan,DR Congo,1,4,FIFA World Cup qualification,Juba,South Sudan,FALSE
2025-09-05,Switzerland,Kosovo,4,0,FIFA World Cup qualification,Basel,Switzerland,FALSE
2025-09-05,Trinidad and Tobago,Curaçao,0,0,FIFA World Cup qualification,Port of Spain,Trinidad and Tobago,FALSE
2025-09-05,Ukraine,France,0,2,FIFA World Cup qualification,Wrocław,Poland,TRUE
2025-09-06,Armenia,Portugal,0,5,FIFA World Cup qualification,Yerevan,Armenia,FALSE
2025-09-06,Austria,Cyprus,1,0,FIFA World Cup qualification,Linz,Austria,FALSE
2025-09-06,England,Andorra,2,0,FIFA World Cup qualification,London,England,FALSE
2025-09-06,Mexico,Japan,0,0,Friendly,Oakland,United States,TRUE
2025-09-06,San Marino,Bosnia and Herzegovina,0,6,FIFA World Cup qualification,Serravalle,San Marino,FALSE
2025-09-06,United States,South Korea,0,2,Friendly,Harrison,United States,FALSE
2025-09-07,Belgium,Kazakhstan,6,0,FIFA World Cup qualification,Anderlecht,Belgium,FALSE
2025-09-07,Germany,Northern Ireland,3,1,FIFA World Cup qualification,Cologne,Germany,FALSE
2025-09-07,Lithuania,Netherlands,2,3,FIFA World Cup qualification,Kaunas,Lithuania,FALSE
2025-09-07,Qatar,Russia,1,4,Friendly,Doha,Qatar,FALSE
2025-09-07,Thailand,Iraq,0,1,King's Cup,Kanchanaburi,Thailand,FALSE
2025-09-07,Turkey,Spain,0,6,FIFA World Cup qualification,Konya,Turkey,FALSE
2025-09-08,Belarus,Scotland,0,2,FIFA World Cup qualification,Zalaegerszeg,Hungary,TRUE
2025-09-08,Croatia,Montenegro,4,0,FIFA World Cup qualification,Zagreb,Croatia,FALSE
2025-09-08,Czech Republic,Saudi Arabia,1,1,Friendly,Hradec Králové,Czech Republic,FALSE
2025-09-08,Equatorial Guinea,Tunisia,0,1,FIFA World Cup qualification,Malabo,Equatorial Guinea,FALSE
2025-09-08,Ghana,Mali,1,0,FIFA World Cup qualification,Accra,Ghana,FALSE
2025-09-08,Guinea,Algeria,0,0,FIFA World Cup qualification,Casablanca,Morocco,TRUE
2025-09-08,Kosovo,Sweden,2,0,FIFA World Cup qualification,Pristina,Kosovo,FALSE
2025-09-08,Panama,Guatemala,1,1,FIFA World Cup qualification,Panama City,Panama,FALSE
2025-09-08,Switzerland,Slovenia,3,0,FIFA World Cup qualification,Basel,Switzerland,FALSE
2025-09-08,Zambia,Morocco,0,2,FIFA World Cup qualification,Ndola,Zambia,FALSE
2025-09-09,Bolivia,Brazil,1,0,FIFA World Cup qualification,El Alto,Bolivia,FALSE
2025-09-09,Bosnia and Herzegovina,Austria,1,2,FIFA World Cup qualification,Zenica,Bosnia and Herzegovina,FALSE
2025-09-09,Burkina Faso,Egypt,0,0,FIFA World Cup qualification,Ouagadougou,Burkina Faso,FALSE
2025-09-09,Cape Verde,Cameroon,1,0,FIFA World Cup qualification,Praia,Cape Verde,FALSE
2025-09-09,Chile,Uruguay,0,0,FIFA World Cup qualification,Santiago,Chile,FALSE
2025-09-09,Costa Rica,Haiti,3,3,FIFA World Cup qualification,San José,Costa Rica,FALSE
2025-09-09,Curaçao,Bermuda,3,2,FIFA World Cup qualification,Willemstad,Curaçao,FALSE
2025-09-09,DR Congo,Senegal,2,3,FIFA World Cup qualification,Kinshasa,DR Congo,FALSE
2025-09-09,Ecuador,Argentina,1,0,FIFA World Cup qualification,Guayaquil,Ecuador,FALSE
2025-09-09,France,Iceland,2,1,FIFA World Cup qualification,Paris,France,FALSE
2025-09-09,Gabon,Ivory Coast,0,0,FIFA World Cup qualification,Franceville,Gabon,FALSE
2025-09-09,Hungary,Portugal,2,3,FIFA World Cup qualification,Budapest,Hungary,FALSE
2025-09-09,Jordan,Dominican Republic,3,0,Friendly,Amman,Jordan,FALSE
2025-09-09,Mexico,South Korea,2,2,Friendly,Nashville,United States,TRUE
2025-09-09,New Zealand,Australia,1,3,Soccer Ashes,Auckland,New Zealand,FALSE
2025-09-09,Norway,Moldova,11,1,FIFA World Cup qualification,Oslo,Norway,FALSE
2025-09-09,Peru,Paraguay,0,1,FIFA World Cup qualification,Lima,Peru,FALSE
2025-09-09,Serbia,England,0,5,FIFA World Cup qualification,Belgrade,Serbia,FALSE
2025-09-09,South Africa,Nigeria,1,1,FIFA World Cup qualification,Bloemfontein,South Africa,FALSE
2025-09-09,United States,Japan,2,0,Friendly,Columbus,United States,FALSE
2025-09-09,Venezuela,Colombia,3,6,FIFA World Cup qualification,Maturín,Venezuela,FALSE
2025-09-09,Wales,Canada,0,1,Friendly,Cardiff,Wales,FALSE
2025-10-08,Central African Republic,Ghana,0,5,FIFA World Cup qualification,El Jadida,Morocco,TRUE
2025-10-08,Djibouti,Egypt,0,3,FIFA World Cup qualification,Casablanca,Morocco,TRUE
2025-10-08,Libya,Cape Verde,3,3,FIFA World Cup qualification,Tripoli,Libya,FALSE
2025-10-08,Qatar,Oman,0,0,FIFA World Cup qualification,Al Rayyan,Qatar,FALSE
2025-10-08,Saudi Arabia,Indonesia,3,2,FIFA World Cup qualification,Jeddah,Saudi Arabia,FALSE
2025-10-09,Algeria,Somalia,3,0,FIFA World Cup qualification,Bir El Djir,Algeria,FALSE
2025-10-09,Austria,San Marino,10,0,FIFA World Cup qualification,Vienna,Austria,FALSE
2025-10-09,Cyprus,Bosnia and Herzegovina,2,2,FIFA World Cup qualification,Larnaca,Cyprus,FALSE
2025-10-09,Czech Republic,Croatia,0,0,FIFA World Cup qualification,Prague,Czech Republic,FALSE
2025-10-09,England,Wales,3,0,Friendly,London,England,FALSE
2025-10-09,Malta,Netherlands,0,4,FIFA World Cup qualification,Ta' Qali,Malta,FALSE
2025-10-09,Morocco,Bahrain,1,0,Friendly,Rabat,Morocco,FALSE
2025-10-09,Nicaragua,Haiti,0,3,FIFA World Cup qualification,Managua,Nicaragua,FALSE
2025-10-09,Poland,New Zealand,1,0,Friendly,Chorzów,Poland,FALSE
2025-10-09,Scotland,Greece,3,1,FIFA World Cup qualification,Glasgow,Scotland,FALSE
2025-10-10,Argentina,Venezuela,1,0,Friendly,Miami Gardens,United States,TRUE
2025-10-10,Belgium,North Macedonia,0,0,FIFA World Cup qualification,Gent,Belgium,FALSE
2025-10-10,Canada,Australia,0,1,Friendly,Montreal,Canada,FALSE
2025-10-10,Curaçao,Jamaica,2,0,FIFA World Cup qualification,Willemstad,Curaçao,FALSE
2025-10-10,El Salvador,Panama,0,1,FIFA World Cup qualification,San Salvador,El Salvador,FALSE
2025-10-10,France,Azerbaijan,3,0,FIFA World Cup qualification,Paris,France,FALSE
2025-10-10,Germany,Luxembourg,4,0,FIFA World Cup qualification,Sinsheim,Germany,FALSE
2025-10-10,Japan,Paraguay,2,2,Kirin Cup,Osaka,Japan,FALSE
2025-10-10,Jordan,Bolivia,0,1,Friendly,Istanbul,Turkey,TRUE
2025-10-10,Russia,Iran,2,1,Friendly,Volgograd,Russia,FALSE
2025-10-10,Seychelles,Ivory Coast,0,7,FIFA World Cup qualification,Saint Pierre,Mauritius,TRUE
2025-10-10,South Africa,Zimbabwe,0,0,FIFA World Cup qualification,Durban,South Africa,FALSE
2025-10-10,South Korea,Brazil,0,5,Friendly,Seoul,South Korea,FALSE
2025-10-10,South Sudan,Senegal,0,5,FIFA World Cup qualification,Juba,South Sudan,FALSE
2025-10-10,Sweden,Switzerland,0,2,FIFA World Cup qualification,Solna,Sweden,FALSE
2025-10-10,Togo,DR Congo,0,1,FIFA World Cup qualification,Lomé,Togo,FALSE
2025-10-10,Tunisia,São Tomé and Príncipe,6,0,FIFA World Cup qualification,Radès,Tunisia,FALSE
2025-10-10,United States,Ecuador,1,1,Friendly,Austin,United States,FALSE
2025-10-10,Uruguay,Dominican Republic,1,0,Friendly,Kuala Lumpur,Malaysia,TRUE
2025-10-10,Uzbekistan,Kuwait,2,0,Friendly,Tashkent,Uzbekistan,FALSE
2025-10-11,Bulgaria,Turkey,1,6,FIFA World Cup qualification,Sofia,Bulgaria,FALSE
2025-10-11,Iraq,Indonesia,1,0,FIFA World Cup qualification,Jeddah,Saudi Arabia,TRUE
2025-10-11,Mexico,Colombia,0,4,Friendly,Arlington,United States,TRUE
2025-10-11,Norway,Israel,5,0,FIFA World Cup qualification,Oslo,Norway,FALSE
2025-10-11,Portugal,Republic of Ireland,1,0,FIFA World Cup qualification,Lisbon,Portugal,FALSE
2025-10-11,Spain,Georgia,2,0,FIFA World Cup qualification,Elche,Spain,FALSE
2025-10-12,Croatia,Gibraltar,3,0,FIFA World Cup qualification,Varaždin,Croatia,FALSE
2025-10-12,Egypt,Guinea-Bissau,1,0,FIFA World Cup qualification,Cairo,Egypt,FALSE
2025-10-12,Faroe Islands,Czech Republic,2,1,FIFA World Cup qualification,Tórshavn,Faroe Islands,FALSE
2025-10-12,Ghana,Comoros,1,0,FIFA World Cup qualification,Accra,Ghana,FALSE
2025-10-12,Malta,Bosnia and Herzegovina,1,4,Friendly,Ta' Qali,Malta,FALSE
2025-10-12,Netherlands,Finland,4,0,FIFA World Cup qualification,Amsterdam,Netherlands,FALSE
2025-10-12,Romania,Austria,1,0,FIFA World Cup qualification,Bucharest,Romania,FALSE
2025-10-12,Scotland,Belarus,2,1,FIFA World Cup qualification,Glasgow,Scotland,FALSE
2025-10-13,Cape Verde,Eswatini,3,0,FIFA World Cup qualification,Praia,Cape Verde,FALSE
2025-10-13,Honduras,Haiti,3,0,FIFA World Cup qualification,Tegucigalpa,Honduras,FALSE
2025-10-13,Iceland,France,2,2,FIFA World Cup qualification,Reykjavík,Iceland,FALSE
2025-10-13,Northern Ireland,Germany,0,1,FIFA World Cup qualification,Belfast,Northern Ireland,FALSE
2025-10-13,Slovenia,Switzerland,0,0,FIFA World Cup qualification,Ljubljana,Slovenia,FALSE
2025-10-13,Sweden,Kosovo,0,1,FIFA World Cup qualification,Gothenburg,Sweden,FALSE
2025-10-13,Tunisia,Namibia,3,0,FIFA World Cup qualification,Radès,Tunisia,FALSE
2025-10-13,Uzbekistan,Uruguay,1,2,Friendly,Malacca City,Malaysia,TRUE
2025-10-13,Wales,Belgium,2,4,FIFA World Cup qualification,Cardiff,Wales,FALSE
2025-10-14,Albania,Jordan,4,2,Friendly,Tirana,Albania,FALSE
2025-10-14,Algeria,Uganda,2,1,FIFA World Cup qualification,Tizi Ouzou,Algeria,FALSE
2025-10-14,Canada,Colombia,0,0,Friendly,Harrison,United States,TRUE
2025-10-14,Curaçao,Trinidad and Tobago,1,1,FIFA World Cup qualification,Willemstad,Curaçao,FALSE
2025-10-14,DR Congo,Sudan,1,0,FIFA World Cup qualification,Kinshasa,DR Congo,FALSE
2025-10-14,Iran,Tanzania,2,0,Friendly,Dubai,United Arab Emirates,TRUE
2025-10-14,Ivory Coast,Kenya,3,0,FIFA World Cup qualification,Ebimpé,Ivory Coast,FALSE
2025-10-14,Japan,Brazil,3,2,Kirin Cup,Tokyo,Japan,FALSE
2025-10-14,Latvia,England,0,5,FIFA World Cup qualification,Riga,Latvia,FALSE
2025-10-14,Mexico,Ecuador,1,1,Friendly,Zapopan,Mexico,FALSE
2025-10-14,Morocco,Congo,1,0,FIFA World Cup qualification,Rabat,Morocco,FALSE
2025-10-14,Norway,New Zealand,1,1,Friendly,Oslo,Norway,FALSE
2025-10-14,Panama,Suriname,1,1,FIFA World Cup qualification,Panama City,Panama,FALSE
2025-10-14,Portugal,Hungary,2,2,FIFA World Cup qualification,Lisbon,Portugal,FALSE
2025-10-14,Puerto Rico,Argentina,0,6,Friendly,Fort Lauderdale,United States,TRUE
2025-10-14,Qatar,United Arab Emirates,2,1,FIFA World Cup qualification,Al Rayyan,Qatar,FALSE
2025-10-14,Saudi Arabia,Iraq,0,0,FIFA World Cup qualification,Jeddah,Saudi Arabia,FALSE
2025-10-14,Senegal,Mauritania,4,0,FIFA World Cup qualification,Diamniadio,Senegal,FALSE
2025-10-14,South Africa,Rwanda,3,0,FIFA World Cup qualification,Mbombela,South Africa,FALSE
2025-10-14,South Korea,Paraguay,2,0,Friendly,Seoul,South Korea,FALSE
2025-10-14,Spain,Bulgaria,4,0,FIFA World Cup qualification,Valladolid,Spain,FALSE
2025-10-14,Turkey,Georgia,4,1,FIFA World Cup qualification,Izmit,Turkey,FALSE
2025-10-14,United States,Australia,2,1,Friendly,Denver,United States,FALSE
2025-11-12,Tunisia,Mauritania,1,1,Friendly,Radès,Tunisia,FALSE
2025-11-13,Algeria,Zimbabwe,3,1,Friendly,Jeddah,Saudi Arabia,TRUE
2025-11-13,Bermuda,Curaçao,0,7,FIFA World Cup qualification,Devonshire Parish,Bermuda,FALSE
2025-11-13,Cameroon,DR Congo,0,1,FIFA World Cup qualification,Rabat,Morocco,TRUE
2025-11-13,Canada,Ecuador,0,0,Friendly,Toronto,Canada,FALSE
2025-11-13,Czech Republic,San Marino,1,0,Friendly,Karviná,Czech Republic,FALSE
2025-11-13,England,Serbia,2,0,FIFA World Cup qualification,London,England,FALSE
2025-11-13,France,Ukraine,4,0,FIFA World Cup qualification,Paris,France,FALSE
2025-11-13,Guatemala,Panama,2,3,FIFA World Cup qualification,Guatemala City,Guatemala,FALSE
2025-11-13,Haiti,Costa Rica,1,0,FIFA World Cup qualification,Willemstad,Curaçao,TRUE
2025-11-13,Iran,Cape Verde,0,0,Al Ain International Cup,Al Ain,United Arab Emirates,TRUE
2025-11-13,Norway,Estonia,4,1,FIFA World Cup qualification,Oslo,Norway,FALSE
2025-11-13,Republic of Ireland,Portugal,2,0,FIFA World Cup qualification,Dublin,Republic of Ireland,FALSE
2025-11-13,United Arab Emirates,Iraq,1,1,FIFA World Cup qualification,Abu Dhabi,United Arab Emirates,FALSE
2025-11-14,Angola,Argentina,0,2,Friendly,Luanda,Angola,FALSE
2025-11-14,Australia,Venezuela,0,1,Friendly,Houston,United States,TRUE
2025-11-14,Croatia,Faroe Islands,3,1,FIFA World Cup qualification,Rijeka,Croatia,FALSE
2025-11-14,Japan,Ghana,2,0,Kirin Cup,Toyota,Japan,FALSE
2025-11-14,Luxembourg,Germany,0,2,FIFA World Cup qualification,Luxembourg,Luxembourg,FALSE
2025-11-14,Morocco,Mozambique,1,0,Friendly,Tangier,Morocco,FALSE
2025-11-14,Poland,Netherlands,1,1,FIFA World Cup qualification,Warsaw,Poland,FALSE
2025-11-14,Saudi Arabia,Ivory Coast,1,0,Friendly,Jeddah,Saudi Arabia,FALSE
2025-11-14,South Korea,Bolivia,2,0,Friendly,Daejeon,South Korea,FALSE
2025-11-14,Tunisia,Jordan,3,2,Friendly,Radès,Tunisia,FALSE
2025-11-14,Uzbekistan,Egypt,2,0,Al Ain International Cup,Al Ain,United Arab Emirates,TRUE
2025-11-15,Bosnia and Herzegovina,Romania,3,1,FIFA World Cup qualification,Zenica,Bosnia and Herzegovina,FALSE
2025-11-15,Brazil,Senegal,2,0,Friendly,London,England,TRUE
2025-11-15,Colombia,New Zealand,2,1,Friendly,Fort Lauderdale,United States,TRUE
2025-11-15,Cyprus,Austria,0,2,FIFA World Cup qualification,Limassol,Cyprus,FALSE
2025-11-15,Georgia,Spain,0,4,FIFA World Cup qualification,Tbilisi,Georgia,FALSE
2025-11-15,Greece,Scotland,3,2,FIFA World Cup qualification,Piraeus,Greece,FALSE
2025-11-15,Kazakhstan,Belgium,1,1,FIFA World Cup qualification,Astana,Kazakhstan,FALSE
2025-11-15,Mexico,Uruguay,0,0,Friendly,Torreón,Mexico,FALSE
2025-11-15,South Africa,Zambia,3,1,Friendly,Gqeberha,South Africa,FALSE
2025-11-15,Switzerland,Sweden,4,1,FIFA World Cup qualification,Geneva,Switzerland,FALSE
2025-11-15,Turkey,Bulgaria,2,0,FIFA World Cup qualification,Bursa,Turkey,FALSE
2025-11-15,United States,Paraguay,2,1,Friendly,Chester,United States,FALSE
2025-11-16,Albania,England,0,2,FIFA World Cup qualification,Tirana,Albania,FALSE
2025-11-16,Azerbaijan,France,1,3,FIFA World Cup qualification,Baku,Azerbaijan,FALSE
2025-11-16,Italy,Norway,1,4,FIFA World Cup qualification,Milan,Italy,FALSE
2025-11-16,Nigeria,DR Congo,1,1,FIFA World Cup qualification,Rabat,Morocco,TRUE
2025-11-16,Portugal,Armenia,9,1,FIFA World Cup qualification,Porto,Portugal,FALSE
2025-11-17,Cape Verde,Egypt,1,1,Al Ain International Cup,Al Ain,United Arab Emirates,TRUE
2025-11-17,Czech Republic,Gibraltar,6,0,FIFA World Cup qualification,Olomouc,Czech Republic,FALSE
2025-11-17,Germany,Slovakia,6,0,FIFA World Cup qualification,Leipzig,Germany,FALSE
2025-11-17,Montenegro,Croatia,2,3,FIFA World Cup qualification,Podgorica,Montenegro,FALSE
2025-11-17,Netherlands,Lithuania,4,0,FIFA World Cup qualification,Amsterdam,Netherlands,FALSE
2025-11-17,Qatar,Zimbabwe,1,2,Friendly,Ar-Rayyan,Qatar,FALSE
2025-11-18,Austria,Bosnia and Herzegovina,1,1,FIFA World Cup qualification,Vienna,Austria,FALSE
2025-11-18,Belgium,Liechtenstein,7,0,FIFA World Cup qualification,Liège,Belgium,FALSE
2025-11-18,Brazil,Tunisia,1,1,Friendly,Lille,France,TRUE
2025-11-18,Canada,Venezuela,2,0,Friendly,Fort Lauderdale,United States,TRUE
2025-11-18,Colombia,Australia,3,0,Friendly,New York,United States,TRUE
2025-11-18,Ecuador,New Zealand,2,0,Friendly,Harrison,United States,TRUE
2025-11-18,Haiti,Nicaragua,2,0,FIFA World Cup qualification,Willemstad,Curaçao,TRUE
2025-11-18,Iran,Uzbekistan,0,0,Al Ain International Cup,Al Ain,United Arab Emirates,TRUE
2025-11-18,Iraq,United Arab Emirates,2,1,FIFA World Cup qualification,Basra,Iraq,FALSE
2025-11-18,Jamaica,Curaçao,0,0,FIFA World Cup qualification,Kingston,Jamaica,FALSE
2025-11-18,Japan,Bolivia,3,0,Kirin Cup,Tokyo,Japan,FALSE
2025-11-18,Kenya,Senegal,0,8,Friendly,Antalya,Turkey,TRUE
2025-11-18,Kosovo,Switzerland,1,1,FIFA World Cup qualification,Pristina,Kosovo,FALSE
2025-11-18,Mali,Jordan,3,2,Friendly,Radès,Tunisia,TRUE
2025-11-18,Mexico,Paraguay,1,2,Friendly,San Antonio,United States,TRUE
2025-11-18,Morocco,Uganda,4,0,Friendly,Tangier,Morocco,FALSE
2025-11-18,Oman,Ivory Coast,0,2,Friendly,Seeb,Oman,FALSE
2025-11-18,Panama,El Salvador,3,0,FIFA World Cup qualification,Panama City,Panama,FALSE
2025-11-18,Saudi Arabia,Algeria,0,2,Friendly,Jeddah,Saudi Arabia,FALSE
2025-11-18,Scotland,Denmark,4,2,FIFA World Cup qualification,Glasgow,Scotland,FALSE
2025-11-18,South Korea,Ghana,1,0,Friendly,Seoul,South Korea,FALSE
2025-11-18,Spain,Turkey,2,2,FIFA World Cup qualification,Seville,Spain,FALSE
2025-11-18,Sweden,Slovenia,1,1,FIFA World Cup qualification,Solna,Sweden,FALSE
2025-11-18,United States,Uruguay,5,1,Friendly,Tampa,United States,FALSE
2025-12-01,Qatar,Palestine,0,1,Arab Cup,Al Khor,Qatar,FALSE
2025-12-01,Tunisia,Syria,0,1,Arab Cup,Al Rayyan,Qatar,TRUE
2025-12-02,Egypt,Kuwait,1,1,Arab Cup,Lusail,Qatar,TRUE
2025-12-02,Morocco,Comoros,3,1,Arab Cup,Al Rayyan,Qatar,TRUE
2025-12-02,Saudi Arabia,Oman,2,1,Arab Cup,Al Rayyan,Qatar,TRUE
2025-12-03,Algeria,Sudan,0,0,Arab Cup,Al Rayyan,Qatar,TRUE
2025-12-03,Iraq,Bahrain,2,1,Arab Cup,Doha,Qatar,TRUE
2025-12-03,Jordan,United Arab Emirates,2,1,Arab Cup,Al Khor,Qatar,TRUE
2025-12-04,Palestine,Tunisia,2,2,Arab Cup,Lusail,Qatar,TRUE
2025-12-04,Qatar,Syria,1,1,Arab Cup,Al Rayyan,Qatar,FALSE
2025-12-05,Comoros,Saudi Arabia,1,3,Arab Cup,Al Khor,Qatar,TRUE
2025-12-05,Oman,Morocco,0,0,Arab Cup,Al Rayyan,Qatar,TRUE
2025-12-06,Bahrain,Algeria,1,5,Arab Cup,Al Rayyan,Qatar,TRUE
2025-12-06,Kuwait,Jordan,1,3,Arab Cup,Al Rayyan,Qatar,TRUE
2025-12-06,Sudan,Iraq,0,2,Arab Cup,Doha,Qatar,TRUE
2025-12-06,United Arab Emirates,Egypt,1,1,Arab Cup,Lusail,Qatar,TRUE
2025-12-07,Qatar,Tunisia,0,3,Arab Cup,Al Khor,Qatar,FALSE
2025-12-08,Morocco,Saudi Arabia,1,0,Arab Cup,Lusail,Qatar,TRUE
2025-12-09,Algeria,Iraq,2,0,Arab Cup,Al Rayyan,Qatar,TRUE
2025-12-09,Egypt,Jordan,0,3,Arab Cup,Al Khor,Qatar,TRUE
2025-12-11,Morocco,Syria,1,0,Arab Cup,Al Rayyan,Qatar,TRUE
2025-12-11,Palestine,Saudi Arabia,1,2,Arab Cup,Lusail,Qatar,TRUE
2025-12-12,Algeria,United Arab Emirates,1,1,Arab Cup,Al Khor,Qatar,TRUE
2025-12-12,Jordan,Iraq,1,0,Arab Cup,Al Rayyan,Qatar,TRUE
2025-12-15,Morocco,United Arab Emirates,3,0,Arab Cup,Al Rayyan,Qatar,TRUE
2025-12-15,Saudi Arabia,Jordan,0,1,Arab Cup,Al Khor,Qatar,TRUE
2025-12-18,Jordan,Morocco,2,3,Arab Cup,Lusail,Qatar,TRUE
2025-12-21,Morocco,Comoros,2,0,African Cup of Nations,Rabat,Morocco,FALSE
2025-12-22,Egypt,Zimbabwe,2,1,African Cup of Nations,Agadir,Morocco,TRUE
2025-12-22,South Africa,Angola,2,1,African Cup of Nations,Marrakesh,Morocco,TRUE
2025-12-23,DR Congo,Benin,1,0,African Cup of Nations,Rabat,Morocco,TRUE
2025-12-23,Senegal,Botswana,3,0,African Cup of Nations,Tangier,Morocco,TRUE
2025-12-23,Tunisia,Uganda,3,1,African Cup of Nations,Rabat,Morocco,TRUE
2025-12-24,Algeria,Sudan,3,0,African Cup of Nations,Rabat,Morocco,TRUE
2025-12-24,Ivory Coast,Mozambique,1,0,African Cup of Nations,Marrakesh,Morocco,TRUE
2025-12-26,Egypt,South Africa,1,0,African Cup of Nations,Agadir,Morocco,TRUE
2025-12-26,Morocco,Mali,1,1,African Cup of Nations,Rabat,Morocco,FALSE
2025-12-27,Nigeria,Tunisia,3,2,African Cup of Nations,Fez,Morocco,TRUE
2025-12-27,Senegal,DR Congo,1,1,African Cup of Nations,Tangier,Morocco,TRUE
2025-12-28,Algeria,Burkina Faso,1,0,African Cup of Nations,Rabat,Morocco,TRUE
2025-12-28,Ivory Coast,Cameroon,1,1,African Cup of Nations,Marrakesh,Morocco,TRUE
2025-12-29,Angola,Egypt,0,0,African Cup of Nations,Agadir,Morocco,TRUE
2025-12-29,Morocco,Zambia,3,0,African Cup of Nations,Rabat,Morocco,FALSE
2025-12-29,Zimbabwe,South Africa,2,3,African Cup of Nations,Marrakesh,Morocco,TRUE
2025-12-30,Benin,Senegal,0,3,African Cup of Nations,Tangier,Morocco,TRUE
2025-12-30,Botswana,DR Congo,0,3,African Cup of Nations,Rabat,Morocco,TRUE
2025-12-30,Tanzania,Tunisia,1,1,African Cup of Nations,Rabat,Morocco,TRUE
2025-12-31,Equatorial Guinea,Algeria,1,3,African Cup of Nations,Rabat,Morocco,TRUE
2025-12-31,Gabon,Ivory Coast,2,3,African Cup of Nations,Marrakesh,Morocco,TRUE
2026-01-03,Mali,Tunisia,1,1,African Cup of Nations,Casablanca,Morocco,TRUE
2026-01-03,Senegal,Sudan,3,1,African Cup of Nations,Tangier,Morocco,TRUE
2026-01-04,Morocco,Tanzania,1,0,African Cup of Nations,Rabat,Morocco,FALSE
2026-01-04,South Africa,Cameroon,1,2,African Cup of Nations,Rabat,Morocco,TRUE
2026-01-05,Egypt,Benin,3,1,African Cup of Nations,Agadir,Morocco,TRUE
2026-01-06,Algeria,DR Congo,1,0,African Cup of Nations,Rabat,Morocco,TRUE
2026-01-06,Ivory Coast,Burkina Faso,3,0,African Cup of Nations,Marrakesh,Morocco,TRUE
2026-01-09,Mali,Senegal,0,1,African Cup of Nations,Tangier,Morocco,TRUE
2026-01-09,Morocco,Cameroon,2,0,African Cup of Nations,Rabat,Morocco,FALSE
2026-01-10,Algeria,Nigeria,0,2,African Cup of Nations,Marrakesh,Morocco,TRUE
2026-01-10,Egypt,Ivory Coast,3,2,African Cup of Nations,Agadir,Morocco,TRUE
2026-01-14,Morocco,Nigeria,0,0,African Cup of Nations,Rabat,Morocco,FALSE
2026-01-14,Senegal,Egypt,1,0,African Cup of Nations,Tangier,Morocco,TRUE
2026-01-17,Egypt,Nigeria,0,0,African Cup of Nations,Casablanca,Morocco,TRUE
2026-01-18,Bolivia,Panama,1,1,Friendly,Tarija,Bolivia,FALSE
2026-01-18,Morocco,Senegal,3,0,African Cup of Nations,Rabat,Morocco,FALSE
2026-01-22,Panama,Mexico,0,1,Friendly,Panama City,Panama,FALSE
2026-01-25,Bolivia,Mexico,0,1,Friendly,Santa Cruz,Bolivia,FALSE
2026-01-26,Uzbekistan,China,2,2,Friendly,Dubai,United Arab Emirates,TRUE
2026-02-25,Mexico,Iceland,4,0,Friendly,Querétaro,Mexico,FALSE
2026-03-25,Bermuda,DR Congo,0,2,Friendly,Zapopan,Mexico,TRUE
2026-03-26,Brazil,France,1,2,Friendly,Foxborough,United States,TRUE
2026-03-26,Colombia,Croatia,1,2,Friendly,Orlando,United States,TRUE
2026-03-26,Czech Republic,Republic of Ireland,2,2,FIFA World Cup qualification,Prague,Czech Republic,FALSE
2026-03-26,Turkey,Romania,1,0,FIFA World Cup qualification,Istanbul,Turkey,FALSE
2026-03-26,Ukraine,Sweden,1,3,FIFA World Cup qualification,Valencia,Spain,TRUE
2026-03-26,Wales,Bosnia and Herzegovina,1,1,FIFA World Cup qualification,Cardiff,Wales,FALSE
2026-03-27,Algeria,Guatemala,7,0,Friendly,Genoa,Switzerland,TRUE
2026-03-27,Argentina,Mauritania,2,1,Friendly,Buenos Aires,Argentina,FALSE
2026-03-27,Australia,Cameroon,1,0,FIFA Series,Sydney,Australia,FALSE
2026-03-27,Austria,Ghana,5,1,Friendly,Vienna,Austria,FALSE
2026-03-27,Chile,Cape Verde,4,2,FIFA Series,Auckland,New Zealand,TRUE
2026-03-27,China,Curaçao,2,0,FIFA Series,Sydney,Australia,TRUE
2026-03-27,Costa Rica,Jordan,2,2,Friendly,Antalya,Turkey,TRUE
2026-03-27,England,Uruguay,1,1,Friendly,London,England,FALSE
2026-03-27,Greece,Paraguay,0,1,Friendly,Athens,Greece,FALSE
2026-03-27,Iran,Nigeria,1,2,Friendly,Antalya,Turkey,TRUE
2026-03-27,Morocco,Ecuador,1,1,Friendly,Madrid,Spain,TRUE
2026-03-27,Netherlands,Norway,2,1,Friendly,Amsterdam,Netherlands,FALSE
2026-03-27,New Zealand,Finland,0,2,FIFA Series,Auckland,New Zealand,FALSE
2026-03-27,Saudi Arabia,Egypt,0,4,Friendly,Jeddah,Saudi Arabia,FALSE
2026-03-27,South Africa,Panama,1,1,Friendly,Durban,South Africa,FALSE
2026-03-27,Spain,Serbia,3,0,Friendly,Villarreal,Spain,FALSE
2026-03-27,Switzerland,Germany,3,4,Friendly,Basel,Switzerland,FALSE
2026-03-27,Uzbekistan,Gabon,3,1,FIFA Series,Tashkent,Uzbekistan,FALSE
2026-03-28,Canada,Iceland,2,2,Friendly,Toronto,Canada,FALSE
2026-03-28,Haiti,Tunisia,0,1,Friendly,Toronto,Canada,TRUE
2026-03-28,Ivory Coast,South Korea,4,0,Friendly,Milton Keynes,England,TRUE
2026-03-28,Mexico,Portugal,0,0,Friendly,Mexico City,Mexico,FALSE
2026-03-28,Scotland,Japan,0,1,Friendly,Glasgow,Scotland,FALSE
2026-03-28,Senegal,Peru,2,0,Friendly,Paris,France,TRUE
2026-03-28,United States,Belgium,2,5,Friendly,Atlanta,United States,FALSE
2026-03-29,Colombia,France,1,3,Friendly,Landover,United States,TRUE
2026-03-30,Cape Verde,Finland,1,1,FIFA Series,Auckland,New Zealand,TRUE
2026-03-30,Germany,Ghana,2,1,Friendly,Stuttgart,Germany,FALSE
2026-03-30,New Zealand,Chile,4,1,FIFA Series,Auckland,New Zealand,FALSE
2026-03-30,Uzbekistan,Venezuela,0,0,FIFA Series,Tashkent,Uzbekistan,FALSE
2026-03-31,Algeria,Uruguay,0,0,Friendly,Turin,Italy,TRUE
2026-03-31,Argentina,Zambia,5,0,Friendly,Buenos Aires,Argentina,FALSE
2026-03-31,Australia,Curaçao,5,1,FIFA Series,Melbourne,Australia,FALSE
2026-03-31,Austria,South Korea,1,0,Friendly,Vienna,Austria,FALSE
2026-03-31,Bosnia and Herzegovina,Italy,1,1,FIFA World Cup qualification,Zenica,Bosnia and Herzegovina,FALSE
2026-03-31,Brazil,Croatia,3,1,Friendly,Orlando,United States,TRUE
2026-03-31,Canada,Tunisia,0,0,Friendly,Toronto,Canada,FALSE
2026-03-31,Costa Rica,Iran,0,5,Friendly,Antalya,Turkey,TRUE
2026-03-31,Czech Republic,Denmark,2,2,FIFA World Cup qualification,Prague,Czech Republic,FALSE
2026-03-31,DR Congo,Jamaica,1,0,FIFA World Cup qualification,Zapopan,Mexico,TRUE
2026-03-31,England,Japan,0,1,Friendly,London,England,FALSE
2026-03-31,Haiti,Iceland,1,1,Friendly,Toronto,Canada,TRUE
2026-03-31,Iraq,Bolivia,2,1,FIFA World Cup qualification,Guadalupe,Mexico,TRUE
2026-03-31,Ivory Coast,Scotland,1,0,Friendly,Liverpool,England,TRUE
2026-03-31,Jordan,Nigeria,2,2,Friendly,Antalya,Turkey,TRUE
2026-03-31,Kosovo,Turkey,0,1,FIFA World Cup qualification,Pristina,Kosovo,FALSE
2026-03-31,Mexico,Belgium,1,1,Friendly,Chicago,United States,TRUE
2026-03-31,Morocco,Paraguay,2,1,Friendly,Lens,France,TRUE
2026-03-31,Netherlands,Ecuador,1,1,Friendly,Eindhoven,Netherlands,FALSE
2026-03-31,Norway,Switzerland,0,0,Friendly,Oslo,Norway,FALSE
2026-03-31,Senegal,Gambia,3,1,Friendly,Diamniadio,Senegal,FALSE
2026-03-31,Serbia,Saudi Arabia,2,1,Friendly,Backa Topola,Serbia,FALSE
2026-03-31,South Africa,Panama,1,2,Friendly,Cape Town,South Africa,FALSE
2026-03-31,Spain,Egypt,0,0,Friendly,Barcelona,Spain,FALSE
2026-03-31,Sweden,Poland,3,2,FIFA World Cup qualification,Solna,Sweden,FALSE
2026-03-31,United States,Portugal,0,2,Friendly,Atlanta,United States,FALSE
2026-05-22,Mexico,Ghana,2,0,Friendly,Puebla,Mexico,FALSE
2026-05-26,Morocco,Burundi,5,0,Friendly,Salé,Morocco,FALSE
2026-05-28,Egypt,Russia,1,0,Friendly,Cairo,Egypt,FALSE
2026-05-28,Republic of Ireland,Qatar,1,0,Friendly,Dublin,Republic of Ireland,FALSE
2026-05-29,Andorra,Iraq,0,1,Friendly,Girona,Spain,TRUE
2026-05-29,Bosnia and Herzegovina,North Macedonia,0,0,Friendly,Sarajevo,Bosnia and Herzegovina,FALSE
2026-05-29,Iran,Gambia,3,1,Friendly,Aksu,Turkey,TRUE
2026-05-29,South Africa,Nicaragua,0,0,Friendly,Johannesburg,South Africa,FALSE
2026-05-30,Ecuador,Saudi Arabia,2,1,Friendly,Harrison,United States,TRUE
2026-05-30,Mexico,Australia,1,0,Friendly,Pasadena,United States,TRUE
2026-05-30,Scotland,Curaçao,4,1,Friendly,Glasgow,Scotland,FALSE
2026-05-30,South Korea,Trinidad and Tobago,5,0,Friendly,Provo,United States,TRUE
2026-05-31,Brazil,Panama,6,2,Friendly,Rio de Janeiro,Brazil,FALSE
2026-05-31,Cape Verde,Serbia,3,0,Friendly,Lisbon,Portugal,TRUE
2026-05-31,Czech Republic,Kosovo,2,1,Friendly,Prague,Czech Republic,FALSE
2026-05-31,Germany,Finland,4,0,Friendly,Mainz,Germany,FALSE
2026-05-31,Japan,Iceland,1,0,Friendly,Tokyo,Japan,FALSE
2026-05-31,Switzerland,Jordan,4,1,Friendly,St. Gallen,Switzerland,FALSE
2026-05-31,United States,Senegal,3,2,Friendly,Charlotte,United States,FALSE
2026-06-01,Austria,Tunisia,1,0,Friendly,Vienna,Austria,FALSE
2026-06-01,Canada,Uzbekistan,2,0,Friendly,Edmonton,Canada,FALSE
2026-06-01,Colombia,Costa Rica,3,1,Friendly,Bogota,Colombia,FALSE
2026-06-01,Norway,Sweden,3,1,Friendly,Oslo,Norway,FALSE
2026-06-01,Turkey,North Macedonia,4,0,Friendly,Istanbul,Turkey,FALSE
2026-06-02,Croatia,Belgium,0,2,Friendly,Rijeka,Croatia,FALSE
2026-06-02,Haiti,New Zealand,4,0,Friendly,Fort Lauderdale,United States,TRUE
2026-06-02,Morocco,Madagascar,4,0,Friendly,Rabat,Morocco,FALSE
2026-06-02,Wales,Ghana,1,1,Friendly,Cardiff,Wales,FALSE
2026-06-03,DR Congo,Denmark,0,0,Friendly,Liège,Belgium,TRUE
2026-06-03,Netherlands,Algeria,0,1,Friendly,Rotterdam,Netherlands,FALSE
2026-06-03,Panama,Dominican Republic,4,2,Friendly,Panama City,Panama,FALSE
2026-06-03,South Korea,El Salvador,1,0,Friendly,Provo,United States,TRUE
2026-06-04,France,Ivory Coast,1,2,Friendly,Nantes,France,FALSE
2026-06-04,Guatemala,Czech Republic,1,5,Friendly,Harrison,United States,TRUE
2026-06-04,Iran,Mali,2,0,Friendly,Antalya,Turkey,TRUE
2026-06-04,Mexico,Serbia,5,1,Friendly,Toluca,Mexico,FALSE
2026-06-04,Spain,Iraq,1,1,Friendly,La Coruna,Spain,FALSE
2026-06-04,Sweden,Greece,2,2,Friendly,Solna,Sweden,FALSE
2026-06-05,Canada,Republic of Ireland,1,1,Friendly,Montreal,Canada,FALSE
2026-06-05,Haiti,Peru,1,2,Friendly,Miami,United States,TRUE
2026-06-05,Paraguay,Nicaragua,4,0,Friendly,Asunción,Paraguay,FALSE
2026-06-05,Puerto Rico,Saudi Arabia,0,3,Friendly,Austin,United States,TRUE
2026-06-06,Argentina,Honduras,2,0,Friendly,College Station,United States,TRUE
2026-06-06,Australia,Switzerland,1,1,Friendly,San Diego,United States,TRUE
2026-06-06,Belgium,Tunisia,5,0,Friendly,Brussels,Belgium,FALSE
2026-06-06,Bermuda,Cape Verde,3,0,Friendly,East Hartford,United States,TRUE
2026-06-06,Bolivia,Scotland,0,4,Friendly,Harrison,United States,TRUE
2026-06-06,Brazil,Egypt,2,1,Friendly,Cleveland,United States,TRUE
2026-06-06,Curaçao,Aruba,4,0,Friendly,Willemstad,Curaçao,FALSE
2026-06-06,England,New Zealand,1,0,Friendly,Tampa,United States,TRUE
2026-06-06,Jamaica,South Africa,0,1,Friendly,Pachua,Mexico,TRUE
2026-06-06,Panama,Bosnia and Herzegovina,1,1,Friendly,St Louis,United States,TRUE
2026-06-06,Portugal,Chile,2,1,Friendly,Oeiras,Portugal,FALSE
2026-06-06,Qatar,El Salvador,0,0,Friendly,Los Angeles,United States,TRUE
2026-06-06,United States,Germany,1,2,Friendly,Chicago,United States,FALSE
2026-06-06,Venezuela,Turkey,1,2,Friendly,Fort Lauderdale,United States,TRUE
2026-06-07,Croatia,Slovenia,2,1,Friendly,Varaždin,Croatia,FALSE
2026-06-07,Ecuador,Guatemala,3,0,Friendly,Columbus,United States,TRUE
2026-06-07,Jordan,Colombia,0,2,Friendly,San Diego,United States,TRUE
2026-06-07,Morocco,Norway,1,1,Friendly,Harrison,United States,TRUE
